SCHOOL_YEAR,FIPST,STATENAME,ST,LEA_NAME,STATE_AGENCY_NO,UNION,ST_LEAID,LEAID,MSTREET1,MSTREET2,MSTREET3,MCITY,MSTATE,MZIP,MZIP4,LSTREET1,LSTREET2,LSTREET3,LCITY,LSTATE,LZIP,LZIP4,PHONE,WEBSITE,SY_STATUS,SY_STATUS_TEXT,UPDATED_STATUS,UPDATED_STATUS_TEXT,EFFECTIVE_DATE,LEA_TYPE,LEA_TYPE_TEXT,OUT_OF_STATE_FLAG,CHARTER_LEA,CHARTER_LEA_TEXT,NOGRADES,G_PK_OFFERED,G_KG_OFFERED,G_1_OFFERED,G_2_OFFERED,G_3_OFFERED,G_4_OFFERED,G_5_OFFERED,G_6_OFFERED,G_7_OFFERED,G_8_OFFERED,G_9_OFFERED,G_10_OFFERED,G_11_OFFERED,G_12_OFFERED,G_13_OFFERED,G_UG_OFFERED,G_AE_OFFERED,GSLO,GSHI,LEVEL,IGOFFERED,OPERATIONAL_SCHOOLS
2023-2024,01,ALABAMA,AL,Alabama Youth Services,01,,AL-210,0100002,1000 Industrial School Road,,,Mt Meigs,AL,36057,0066,1000 Industrial School Road,,,Mt Meigs,AL,36057,0066,(334)215-3860,http://www.dys.alabama.gov/school-district.html,1,Open,1,Open,07/30/2024,1,Regular public school district that is not a component of a supervisory union,No,NOTCHR,Not a charter district,No,No,Yes,Yes,Yes,Yes,Yes,Yes,Yes,Yes,Yes,Yes,Yes,Yes,Yes,No,No,No,KG,12,Other,As reported,0
2023-2024,01,ALABAMA,AL,Albertville City,01,,AL-101,0100005,8379 US Highway 431,,,Albertville,AL,35950,1625,8379 US Highway 431,,,Albertville,AL,35950,0025,(256)891-1183,http://www.albertk12.org,1,Open,1,Open,07/30/2024,1,Regular public school district that is not a component of a supervisory union,No,NOTCHR,Not a charter district,No,Yes,Yes,Yes,Yes,Yes,Yes,Yes,Yes,Yes,Yes,Yes,Yes,Yes,Yes,No,No,No,PK,12,Other,As reported,6
2023-2024,01,ALABAMA,AL,Marshall County,01,,AL-048,0100006,12380 US Highway 431 S,,,Guntersville,AL,35976,9351,12380 US Highway 431 S,,,Guntersville,AL,35976,9351,(256)582-3171,http://www.marshallk12.org,1,Open,1,Open,07/30/2024,1,Regular public school district that is not a component of a supervisory union,No,NOTCHR,Not a charter district,No,Yes,Yes,Yes,Yes,Yes,Yes,Yes,Yes,Yes,Yes,Yes,Yes,Yes,Yes,No,No,No,PK,12,Other,As reported,15
2023-2024,01,ALABAMA,AL,Hoover City,01,,AL-158,0100007,2810 Metropolitan Way,,,Hoover,AL,35243,2944,2810 Metropolitan Way,,,Hoover,AL,35243,2944,(205)439-1015,http://www.hoovercityschools.net,1,Open,1,Open,07/30/2024,1,Regular public school district that is not a component of a supervisory union,No,NOTCHR,Not a charter district,No,Yes,Yes,Yes,Yes,Yes,Yes,Yes,Yes,Yes,Yes,Yes,Yes,Yes,Yes,No,No,No,PK,12,Other,As reported,18
2023-2024,01,ALABAMA,AL,Madison City,01,,AL-169,0100008,211 Celtic Dr,,,Madison,AL,35758,1853,211 Celtic Drive,,,Madison,AL,35758,1615,(256)464-8370,http://www.madisoncity.k12.al.us,1,Open,1,Open,07/30/2024,1,Regular public school district that is not a component of a supervisory union,No,NOTCHR,Not a charter district,No,Yes,Yes,Yes,Yes,Yes,Yes,Yes,Yes,Yes,Yes,Yes,Yes,Yes,Yes,No,No,No,PK,12,Other,As reported,13
2023-2024,01,ALABAMA,AL,Al Inst Deaf And Blind,01,,AL-600,0100009,PO Box 698,,,Talladega,AL,35161,0698,205 E South Street,,,Talladega,AL,35160,2411,(256)761-3200,http://www.aidb.org,1,Open,1,Open,07/30/2024,5,State operated agency,No,NOTCHR,Not a charter district,No,No,Yes,Yes,Yes,Yes,Yes,Yes,Yes,Yes,Yes,Yes,Yes,Yes,Yes,No,No,No,KG,12,Other,As reported,5
2023-2024,01,ALABAMA,AL,Al Sch Of Math And Science,01,,AL-610,0100010,1255 Dauphin St,,,Mobile,AL,36604,2519,1255 Dauphin Street,,,Mobile,AL,36604,2519,(251)441-2100,,1,Open,1,Open,07/30/2024,5,State operated agency,No,NOTCHR,Not a charter district,No,No,No,No,No,No,No,No,No,No,No,No,Yes,Yes,Yes,No,No,No,10,12,High,As reported,0
2023-2024,01,ALABAMA,AL,Leeds City,01,,AL-167,0100011,1517 Hurst Avenue,,,Leeds,AL,35094,0020,1517 Hurst Avenue,,,Leeds,AL,35094,0020,(205)699-5437,http://www.leedsk12.org,1,Open,1,Open,07/30/2024,1,Regular public school district that is not a component of a supervisory union,No,NOTCHR,Not a charter district,No,Yes,Yes,Yes,Yes,Yes,Yes,Yes,Yes,Yes,Yes,Yes,Yes,Yes,Yes,No,No,No,PK,12,Other,As reported,4
2023-2024,01,ALABAMA,AL,Boaz City,01,,AL-115,0100012,126 Newt Parker Dr,,,Boaz,AL,35957,,126 Newt Parker Dr,,,Boaz,AL,35957,,(256)593-8180,http://www.boazk12.org,1,Open,1,Open,07/30/2024,1,Regular public school district that is not a component of a supervisory union,No,NOTCHR,Not a charter district,No,Yes,Yes,Yes,Yes,Yes,Yes,Yes,Yes,Yes,Yes,Yes,Yes,Yes,Yes,No,No,No,PK,12,Other,As reported,5
2023-2024,01,ALABAMA,AL,Trussville City,01,,AL-205,0100013,476 Main Street,,,Trussville,AL,35173,1341,476 Main Street,,,Trussville,AL,35173,1341,(205)228-3018,http://trussvillecityschools.com,1,Open,1,Open,07/30/2024,1,Regular public school district that is not a component of a supervisory union,No,NOTCHR,Not a charter district,No,Yes,Yes,Yes,Yes,Yes,Yes,Yes,Yes,Yes,Yes,Yes,Yes,Yes,Yes,No,No,No,PK,12,Other,As reported,5
2023-2024,01,ALABAMA,AL,Alabama School of Fine Arts,01,,AL-207,0100018,1800 Rev Abraham Woods Jr Blvd,,,Birmingham,AL,35203,,1800 Rev Abraham Woods Jr Blvd,,,Birmingham,AL,35203,,(205)252-9241,http://www.asfa.k12.al.us,1,Open,1,Open,07/30/2024,5,State operated agency,No,NOTCHR,Not a charter district,No,No,No,No,No,No,No,No,No,Yes,Yes,Yes,Yes,Yes,Yes,No,No,No,07,12,High,As reported,0
2023-2024,01,ALABAMA,AL,Alexander City,01,,AL-102,0100030,375 Lee Street,,,Alexander City,AL,35010,2708,375 Lee Street,,,Alexander City,AL,35010,2708,(256)234-8698,http://375 LEE ST,1,Open,1,Open,07/30/2024,1,Regular public school district that is not a component of a supervisory union,No,NOTCHR,Not a charter district,No,Yes,Yes,Yes,Yes,Yes,Yes,Yes,Yes,Yes,Yes,Yes,Yes,Yes,Yes,No,No,No,PK,12,Other,As reported,5
2023-2024,01,ALABAMA,AL,Andalusia City,01,,AL-104,0100060,1201 C C Baker Avenue,,,Andalusia,AL,36421,2101,1201 C C Baker Avenue,,,Andalusia,AL,36421,2101,(334)222-3186,http://andalusiacityschools.schoolinsites.com/,1,Open,1,Open,07/30/2024,1,Regular public school district that is not a component of a supervisory union,No,NOTCHR,Not a charter district,No,Yes,Yes,Yes,Yes,Yes,Yes,Yes,Yes,Yes,Yes,Yes,Yes,Yes,Yes,No,No,No,PK,12,Other,As reported,3
2023-2024,01,ALABAMA,AL,Anniston City,01,,AL-105,0100090,PO Box 1500,,,Anniston,AL,36202,1500,4804 McClellan Boulevard,,,Anniston,AL,36206,,(256)231-5000,http://www.annistonschools.com,1,Open,1,Open,07/30/2024,1,Regular public school district that is not a component of a supervisory union,No,NOTCHR,Not a charter district,No,Yes,Yes,Yes,Yes,Yes,Yes,Yes,Yes,Yes,Yes,Yes,Yes,Yes,Yes,No,No,No,PK,12,Other,As reported,6
2023-2024,01,ALABAMA,AL,Arab City,01,,AL-106,0100100,750 Arabian Dr NE,,,Arab,AL,35016,1161,750 Arabian Dr NE,,,Arab,AL,35016,1161,(256)586-6011,http://www.arabcityschools.org,1,Open,1,Open,07/30/2024,1,Regular public school district that is not a component of a supervisory union,No,NOTCHR,Not a charter district,No,Yes,Yes,Yes,Yes,Yes,Yes,Yes,Yes,Yes,Yes,Yes,Yes,Yes,Yes,No,No,No,PK,12,Other,As reported,4
2023-2024,01,ALABAMA,AL,Athens City,01,,AL-107,0100120,455 US Highway 31 North,,,Athens,AL,35611,2653,455 US Highway 31 North,,,Athens,AL,35611,2653,(256)233-6600,http://www.acs-k12.org,1,Open,1,Open,07/30/2024,1,Regular public school district that is not a component of a supervisory union,No,NOTCHR,Not a charter district,No,Yes,Yes,Yes,Yes,Yes,Yes,Yes,Yes,Yes,Yes,Yes,Yes,Yes,Yes,No,No,No,PK,12,Other,As reported,8
2023-2024,01,ALABAMA,AL,JF Ingram State Technical College,01,,AL-640,0100176,P O Box 220350,,,Deatsville,AL,36022,,5375 Ingram Rd,,,Deatsville,AL,36022,,(334)514-6147,,1,Open,1,Open,07/30/2024,5,State operated agency,No,NOTCHR,Not a charter district,No,No,No,No,No,No,No,No,No,No,No,Yes,Yes,Yes,Yes,No,No,No,09,12,High,As reported,8
2023-2024,01,ALABAMA,AL,Attalla City,01,,AL-109,0100180,101 Case Avenue SE,,,Attalla,AL,35954,3404,101 Case Avenue SE,,,Attalla,AL,35954,3404,(256)459-7017,http://www.attalla.k12.al.us,1,Open,1,Open,07/30/2024,1,Regular public school district that is not a component of a supervisory union,No,NOTCHR,Not a charter district,No,Yes,Yes,Yes,Yes,Yes,Yes,Yes,Yes,Yes,Yes,Yes,Yes,Yes,Yes,No,No,No,PK,12,Other,As reported,3
2023-2024,01,ALABAMA,AL,Saraland City,01,,AL-187,0100185,4010 Lil Spartan Drive,,,Saraland,AL,36571,3608,4010 Lil Spartan Drive,,,Saraland,AL,36571,,(251)375-5426,http://www.saralandboe.org,1,Open,1,Open,07/30/2024,1,Regular public school district that is not a component of a supervisory union,No,NOTCHR,Not a charter district,No,Yes,Yes,Yes,Yes,Yes,Yes,Yes,Yes,Yes,Yes,Yes,Yes,Yes,Yes,No,No,No,PK,12,Other,As reported,4
2023-2024,01,ALABAMA,AL,Chickasaw City,01,,AL-121,0100188,P O Box 11493,,,Chickasaw,AL,36611,,201 N Craft HWY,,,Chickasaw,AL,36611,,(251)452-2256,http://www.chickasawschools.com/,1,Open,1,Open,07/30/2024,1,Regular public school district that is not a component of a supervisory union,No,NOTCHR,Not a charter district,No,Yes,Yes,Yes,Yes,Yes,Yes,Yes,Yes,Yes,Yes,Yes,Yes,Yes,Yes,No,No,No,PK,12,Other,As reported,4
2023-2024,01,ALABAMA,AL,Satsuma City,01,,AL-196,0100189,220 Baker Road,,,Satsuma,AL,36572,2402,220 Baker Road,,,Satsuma,AL,36572,2402,(251)380-8200,http://www.satsumaschools.com,1,Open,1,Open,07/30/2024,1,Regular public school district that is not a component of a supervisory union,No,NOTCHR,Not a charter district,No,Yes,Yes,Yes,Yes,Yes,Yes,Yes,Yes,Yes,Yes,Yes,Yes,Yes,Yes,No,No,No,PK,12,Other,As reported,2
2023-2024,01,ALABAMA,AL,Alabaster City,01,,AL-103,0100190,10111 Highway 119,,,Alabaster,AL,35007,9796,10111 Highway 119,,,Alabaster,AL,35007,9796,(205)663-8400,http://acsboe.org,1,Open,1,Open,07/30/2024,1,Regular public school district that is not a component of a supervisory union,No,NOTCHR,Not a charter district,No,Yes,Yes,Yes,Yes,Yes,Yes,Yes,Yes,Yes,Yes,Yes,Yes,Yes,Yes,No,No,No,PK,12,Other,As reported,5
2023-2024,01,ALABAMA,AL,Pelham City,01,,AL-177,0100194,3160 Pelham Parkway,,,Pelham,AL,35124,,3160 Pelham Parkway,,,Pelham,AL,35124,,(205)624-3700,http://www.pelhamcityschools.org,1,Open,1,Open,07/30/2024,1,Regular public school district that is not a component of a supervisory union,No,NOTCHR,Not a charter district,No,Yes,Yes,Yes,Yes,Yes,Yes,Yes,Yes,Yes,Yes,Yes,Yes,Yes,Yes,No,No,No,PK,12,Other,As reported,4
2023-2024,01,ALABAMA,AL,Pike Road City,01,,AL-186,0100195,9045 Vaughn Road,,,Montgomery,AL,36117,,9045 Vaughn Road,,,Montgomery,AL,36117,,(334)420-5300,http://prs.school,1,Open,1,Open,07/30/2024,1,Regular public school district that is not a component of a supervisory union,No,NOTCHR,Not a charter district,No,Yes,Yes,Yes,Yes,Yes,Yes,Yes,Yes,Yes,Yes,Yes,Yes,Yes,Yes,No,No,No,PK,12,Other,As reported,4
2023-2024,01,ALABAMA,AL,MAEF Public Charter Schools,01,,AL-800,0100197,3725 AIRPORT BLVD,,,MOBILE,AL,36608,,3725 AIRPORT BLVD,,,MOBILE,AL,36608,,(251)476-0002,http://605 Bel Air Bvd Suite 21,1,Open,1,Open,07/30/2024,7,Independent charter district,No,CHRTIDEAESEA,LEA for federal programs,No,Yes,Yes,Yes,Yes,Yes,Yes,Yes,Yes,Yes,Yes,Yes,Yes,Yes,Yes,No,No,No,PK,12,Other,As reported,2
2023-2024,01,ALABAMA,AL,University Charter School,01,,AL-801,0100199,134 University Drive,,,Livingston,AL,35470,,134 University Drive,,,Livingston,AL,35470,,(205)754-3440,http://www.universitycharterschool.org,1,Open,1,Open,07/30/2024,7,Independent charter district,No,CHRTIDEAESEA,LEA for federal programs,No,Yes,Yes,Yes,Yes,Yes,Yes,Yes,Yes,Yes,Yes,Yes,Yes,Yes,Yes,No,No,No,PK,12,Other,As reported,2
2023-2024,01,ALABAMA,AL,Legacy Prep,01,,AL-803,0100201,1500 Daniel Payne Drive,,,Birmingham,AL,35214,,1500 Daniel Payne Drive,,,Birmingham,AL,35214,,(205)573-0777,http://www.legacyprepal.org,1,Open,1,Open,07/30/2024,7,Independent charter district,No,CHRTIDEAESEA,LEA for federal programs,No,Yes,Yes,Yes,Yes,Yes,Yes,Yes,Yes,Yes,Yes,Yes,Yes,Yes,Yes,No,No,No,PK,12,Other,As reported,1
2023-2024,01,ALABAMA,AL,Gulf Shores City,01,,AL-152,0100202,PO Box 3908,,,Gulf Shores,AL,36547,,300 East 16th Ave,,,Gulf Shores,AL,36542,,(251)968-9873,http://www.gsboe.org,1,Open,1,Open,07/30/2024,1,Regular public school district that is not a component of a supervisory union,No,NOTCHR,Not a charter district,No,Yes,Yes,Yes,Yes,Yes,Yes,Yes,Yes,Yes,Yes,Yes,Yes,Yes,Yes,No,No,No,PK,12,Other,As reported,3
2023-2024,01,ALABAMA,AL,LEAD Academy,01,,AL-802,0100203,2897 Eastern Blvd,,,Montgomery,AL,36116,1021,2897 Eastern Blvd,,,Montgomery,AL,36116,1021,(334)451-3127,http://www.leadacademyal.org,1,Open,1,Open,07/30/2024,7,Independent charter district,No,CHRTIDEAESEA,LEA for federal programs,No,Yes,Yes,Yes,Yes,Yes,Yes,Yes,Yes,Yes,Yes,Yes,Yes,Yes,Yes,No,No,No,PK,12,Other,As reported,2
2023-2024,01,ALABAMA,AL,i3 Academy,01,,AL-805,0100204,1 55th Place South,,,Birmingham,AL,35212,,1 55th Place South,,,Birmingham,AL,35212,,(205)403-5777,http://www.i3academy.org,1,Open,1,Open,07/30/2024,7,Independent charter district,No,CHRTIDEAESEA,LEA for federal programs,No,Yes,Yes,Yes,Yes,Yes,Yes,Yes,Yes,Yes,Yes,Yes,Yes,Yes,Yes,No,No,No,PK,12,Other,As reported,2
2023-2024,01,ALABAMA,AL,LIFE Academy,01,,AL-807,0100207,2048 West Fairview Avenue,,,Montgomery,AL,36108,,2048 West Fairview Avenue,,,Montgomery,AL,36108,,(646)462-8633,http://www.LIFEAcademyAL.com,1,Open,1,Open,07/30/2024,7,Independent charter district,No,CHRTIDEAESEA,LEA for federal programs,No,Yes,Yes,Yes,Yes,Yes,Yes,Yes,Yes,Yes,Yes,Yes,Yes,Yes,Yes,No,No,No,PK,12,Other,As reported,1
2023-2024,01,ALABAMA,AL,Breakthrough Charter School,01,,AL-808,0100208,1101 Washington Street,,,Marion,AL,35756,,1101 Washington Street,,,Marion,AL,35756,,(559)696-4461,http://www.breakthroughcharterschool.org,1,Open,1,Open,07/30/2024,7,Independent charter district,No,CHRTIDEAESEA,LEA for federal programs,No,Yes,Yes,Yes,Yes,Yes,Yes,Yes,Yes,Yes,Yes,Yes,Yes,Yes,Yes,No,No,No,PK,12,Other,As reported,1
2023-2024,01,ALABAMA,AL,Auburn City,01,,AL-110,0100210,PO Box 3270,,,Auburn,AL,36831,3270,855 E Samford Ave,,,Auburn,AL,36830,6146,(334)887-2100,http://www.auburnschools.org,1,Open,1,Open,07/30/2024,1,Regular public school district that is not a component of a supervisory union,No,NOTCHR,Not a charter district,No,Yes,Yes,Yes,Yes,Yes,Yes,Yes,Yes,Yes,Yes,Yes,Yes,Yes,Yes,No,No,No,PK,12,Other,As reported,14
2023-2024,01,ALABAMA,AL,Magic City Acceptance Academy,01,,AL-810,0100211,75 Bagby Drive,,,Homewood,AL,35209,,75 Bagby Drive,,,Homewood,AL,35209,,(205)961-3204,http://www.magiccityacceptanceacademy.org/,1,Open,1,Open,07/30/2024,7,Independent charter district,No,CHRTIDEAESEA,LEA for federal programs,No,Yes,Yes,Yes,Yes,Yes,Yes,Yes,Yes,Yes,Yes,Yes,Yes,Yes,Yes,No,No,No,PK,12,Other,As reported,1
2023-2024,01,ALABAMA,AL,Alabama School of Cyber Technology and Engineering,01,,AL-209,0100212,229 Wynn Drive NW,,,Huntsville,AL,35805,,229 Wynn Drive NW,,,Huntsville,AL,35805,,(256)489-3700,http://www.ascte.org,1,Open,1,Open,07/30/2024,5,State operated agency,No,NOTCHR,Not a charter district,No,No,No,No,No,No,No,No,No,No,No,Yes,Yes,Yes,Yes,No,No,No,09,12,High,As reported,0
2023-2024,01,ALABAMA,AL,Alabama Aerospace and Aviation,01,,AL-812,0100213,1414 2nd Avenue North,,,Bessemer,AL,35020,,1414 2nd Avenue North,,,Bessemer,AL,35020,,(205)538-0702,http://alaahs.org,1,Open,1,Open,07/30/2024,7,Independent charter district,No,CHRTIDEAESEA,LEA for federal programs,No,No,No,No,No,No,No,No,No,No,No,Yes,Yes,No,No,No,No,No,09,10,Secondary,As reported,1
2023-2024,01,ALABAMA,AL,Autauga County,01,,AL-001,0100240,153 W 4th St,,,Prattville,AL,36067,3011,153 W 4th St,,,Prattville,AL,36067,3011,(334)365-5706,http://acboe.net,1,Open,1,Open,07/30/2024,1,Regular public school district that is not a component of a supervisory union,No,NOTCHR,Not a charter district,No,Yes,Yes,Yes,Yes,Yes,Yes,Yes,Yes,Yes,Yes,Yes,Yes,Yes,Yes,No,No,No,PK,12,Other,As reported,15
2023-2024,01,ALABAMA,AL,Baldwin County,01,,AL-002,0100270,2600 North Hand Ave,,,Bay Minette,AL,36507,4180,2600 North Hand Ave,,,Bay Minette,AL,36507,4180,(251)937-0308,http://www.bcbe.org,1,Open,1,Open,07/30/2024,1,Regular public school district that is not a component of a supervisory union,No,NOTCHR,Not a charter district,No,Yes,Yes,Yes,Yes,Yes,Yes,Yes,Yes,Yes,Yes,Yes,Yes,Yes,Yes,No,No,No,PK,12,Other,As reported,44
2023-2024,01,ALABAMA,AL,Barbour County,01,,AL-003,0100300,168 Western Bypass,,,Clayton,AL,36016,0429,168 Western Bypass,,,Clayton,AL,36016,0429,(334)367-8280,http://www.barbourcountyschools.org,1,Open,1,Open,07/30/2024,1,Regular public school district that is not a component of a supervisory union,No,NOTCHR,Not a charter district,No,Yes,Yes,Yes,Yes,Yes,Yes,Yes,Yes,Yes,Yes,Yes,Yes,Yes,Yes,No,No,No,PK,12,Other,As reported,3
2023-2024,01,ALABAMA,AL,Bessemer City,01,,AL-113,0100330,1621 5th Ave N,,,Bessemer,AL,35020,,1621 5th Ave N,,,Bessemer,AL,35020,,(205)432-3000,http://www.bessk12.org,1,Open,1,Open,07/30/2024,1,Regular public school district that is not a component of a supervisory union,No,NOTCHR,Not a charter district,No,Yes,Yes,Yes,Yes,Yes,Yes,Yes,Yes,Yes,Yes,Yes,Yes,Yes,Yes,No,No,No,PK,12,Other,As reported,9
2023-2024,01,ALABAMA,AL,Bibb County,01,,AL-004,0100360,721 Walnut Street,,,Centreville,AL,35042,2277,721 Walnut Street,,,Centreville,AL,35042,2277,(205)926-9881,http://www.bibbed.org,1,Open,1,Open,07/30/2024,1,Regular public school district that is not a component of a supervisory union,No,NOTCHR,Not a charter district,No,Yes,Yes,Yes,Yes,Yes,Yes,Yes,Yes,Yes,Yes,Yes,Yes,Yes,Yes,No,No,No,PK,12,Other,As reported,9
2023-2024,01,ALABAMA,AL,Birmingham City,01,,AL-114,0100390,PO Box 10007,,,Birmingham,AL,35202,0007,2015 Park Place North,,,Birmingham,AL,35203,0007,(205)231-4220,http://www.bhamcityschools.org,1,Open,1,Open,07/30/2024,1,Regular public school district that is not a component of a supervisory union,No,NOTCHR,Not a charter district,No,Yes,Yes,Yes,Yes,Yes,Yes,Yes,Yes,Yes,Yes,Yes,Yes,Yes,Yes,No,No,No,PK,12,Other,As reported,49
2023-2024,01,ALABAMA,AL,Blount County,01,,AL-005,0100420,415 5th Avenue East,,,Oneonta,AL,35121,,415 5th Avenue East,,,Oneonta,AL,35121,,(205)775-1950,http://www.blountboe.net,1,Open,1,Open,07/30/2024,1,Regular public school district that is not a component of a supervisory union,No,NOTCHR,Not a charter district,No,Yes,Yes,Yes,Yes,Yes,Yes,Yes,Yes,Yes,Yes,Yes,Yes,Yes,Yes,No,No,No,PK,12,Other,As reported,17
2023-2024,01,ALABAMA,AL,Brewton City,01,,AL-116,0100450,811 Belleville Ave,,,Brewton,AL,36426,1754,811 Belleville Ave,,,Brewton,AL,36426,1754,(251)867-8400,http://www.brewtoncityschools.org/,1,Open,1,Open,07/30/2024,1,Regular public school district that is not a component of a supervisory union,No,NOTCHR,Not a charter district,No,Yes,Yes,Yes,Yes,Yes,Yes,Yes,Yes,Yes,Yes,Yes,Yes,Yes,Yes,No,No,No,PK,12,Other,As reported,3
2023-2024,01,ALABAMA,AL,Bullock County,01,,AL-006,0100480,108 Hardaway Avenue,,,Union Springs,AL,36089,0231,108 Hardaway Avenue,,,Union Springs,AL,36089,0231,(334)513-1416,http://108 Hardaway Avenue West,1,Open,1,Open,07/30/2024,1,Regular public school district that is not a component of a supervisory union,No,NOTCHR,Not a charter district,No,Yes,Yes,Yes,Yes,Yes,Yes,Yes,Yes,Yes,Yes,Yes,Yes,Yes,Yes,No,No,No,PK,12,Other,As reported,4
2023-2024,01,ALABAMA,AL,Butler County,01,,AL-007,0100510,211 School Highlands Rd,,,Greenville,AL,36037,3213,211 School Highlands Road,,,Greenville,AL,36037,1833,(334)382-2665,http://www.butlerco.k12.al.us,1,Open,1,Open,07/30/2024,1,Regular public school district that is not a component of a supervisory union,No,NOTCHR,Not a charter district,No,Yes,Yes,Yes,Yes,Yes,Yes,Yes,Yes,Yes,Yes,Yes,Yes,Yes,Yes,No,No,No,PK,12,Other,As reported,7
2023-2024,01,ALABAMA,AL,Calhoun County,01,,AL-008,0100540,4400 McClellan Blvd,,,Anniston,AL,36206,2809,4400 McClellan Blvd,,,Anniston,AL,36206,2809,(256)741-7400,http://www.calhouncountyschools.com,1,Open,1,Open,07/30/2024,1,Regular public school district that is not a component of a supervisory union,No,NOTCHR,Not a charter district,No,Yes,Yes,Yes,Yes,Yes,Yes,Yes,Yes,Yes,Yes,Yes,Yes,Yes,Yes,No,No,No,PK,12,Other,As reported,20
2023-2024,01,ALABAMA,AL,Chambers County,01,,AL-009,0100600,1298  AVC Drive,,,Lafayette,AL,36862,,1298  AVC Drive,,,Lafayette,AL,36862,,(334)864-9343,http://www.chambersk12.org,1,Open,1,Open,07/30/2024,1,Regular public school district that is not a component of a supervisory union,No,NOTCHR,Not a charter district,No,Yes,Yes,Yes,Yes,Yes,Yes,Yes,Yes,Yes,Yes,Yes,Yes,Yes,Yes,No,No,No,PK,12,Other,As reported,10
2023-2024,01,ALABAMA,AL,Cherokee County,01,,AL-010,0100630,130 E Main St,,,Centre,AL,35960,1599,130 E Main St,,,Centre,AL,35960,1599,(256)927-3362,http://www.cherokeek12.org,1,Open,1,Open,07/30/2024,1,Regular public school district that is not a component of a supervisory union,No,NOTCHR,Not a charter district,No,Yes,Yes,Yes,Yes,Yes,Yes,Yes,Yes,Yes,Yes,Yes,Yes,Yes,Yes,No,No,No,PK,12,Other,As reported,8
2023-2024,01,ALABAMA,AL,Chilton County,01,,AL-011,0100660,1705 Lay Dam Rd,,,Clanton,AL,35045,2032,1705 Lay Dam Rd,,,Clanton,AL,35045,,(205)280-3000,http://www.chilton.k12.al.us,1,Open,1,Open,07/30/2024,1,Regular public school district that is not a component of a supervisory union,No,NOTCHR,Not a charter district,No,Yes,Yes,Yes,Yes,Yes,Yes,Yes,Yes,Yes,Yes,Yes,Yes,Yes,Yes,No,No,No,PK,12,Other,As reported,14
2023-2024,01,ALABAMA,AL,Choctaw County,01,,AL-012,0100690,107 Tom Orr Dr,,,Butler,AL,36904,3504,107 Tom Orr Dr,,,Butler,AL,36904,3504,(205)459-3031,http://www.choctawal.org/,1,Open,1,Open,07/30/2024,1,Regular public school district that is not a component of a supervisory union,No,NOTCHR,Not a charter district,No,Yes,Yes,Yes,Yes,Yes,Yes,Yes,Yes,Yes,Yes,Yes,Yes,Yes,Yes,No,No,No,PK,12,Other,As reported,4
2023-2024,01,ALABAMA,AL,Clarke County,01,,AL-013,0100720,155 W Cobb St,,,Grove Hill,AL,36451,3097,155 W Cobb St,,,Grove Hill,AL,36451,3097,(251)250-2155,http://www.clarkecountyschools.org,1,Open,1,Open,07/30/2024,1,Regular public school district that is not a component of a supervisory union,No,NOTCHR,Not a charter district,No,Yes,Yes,Yes,Yes,Yes,Yes,Yes,Yes,Yes,Yes,Yes,Yes,Yes,Yes,No,No,No,PK,12,Other,As reported,7
2023-2024,01,ALABAMA,AL,Clay County,01,,AL-014,0100750,PO Box 278,,,Ashland,AL,36251,0278,62 Court Square,,,Ashland,AL,36251,4108,(256)396-1475,http://www.claycoboe.org,1,Open,1,Open,07/30/2024,1,Regular public school district that is not a component of a supervisory union,No,NOTCHR,Not a charter district,No,Yes,Yes,Yes,Yes,Yes,Yes,Yes,Yes,Yes,Yes,Yes,Yes,Yes,Yes,No,No,No,PK,12,Other,As reported,5
2023-2024,01,ALABAMA,AL,Cleburne County,01,,AL-015,0100780,PO Box 8,,,Heflin,AL,36264,2207,141 Davenport Drive,,,Heflin,AL,36264,2207,(256)463-5624,http://www.cleburneschools.net,1,Open,1,Open,07/30/2024,1,Regular public school district that is not a component of a supervisory union,No,NOTCHR,Not a charter district,No,Yes,Yes,Yes,Yes,Yes,Yes,Yes,Yes,Yes,Yes,Yes,Yes,Yes,Yes,No,No,No,PK,12,Other,As reported,9
2023-2024,01,ALABAMA,AL,Coffee County,01,,AL-016,0100810,400 Reddoch Hill Rd,,,Elba,AL,36323,1661,400 Reddoch Hill Rd,,,Elba,AL,36323,1661,(334)897-5016,http://www.coffeecountyschools.org,1,Open,1,Open,07/30/2024,1,Regular public school district that is not a component of a supervisory union,No,NOTCHR,Not a charter district,No,Yes,Yes,Yes,Yes,Yes,Yes,Yes,Yes,Yes,Yes,Yes,Yes,Yes,Yes,No,No,No,PK,12,Other,As reported,5
2023-2024,01,ALABAMA,AL,Colbert County,01,,AL-017,0100840,PO Box 538,,,Tuscumbia,AL,35674,,425 Highway 72 West,,,Tuscumbia,AL,35674,2412,(256)386-8565,http://www.colbert.k12.al.us,1,Open,1,Open,07/30/2024,1,Regular public school district that is not a component of a supervisory union,No,NOTCHR,Not a charter district,No,Yes,Yes,Yes,Yes,Yes,Yes,Yes,Yes,Yes,Yes,Yes,Yes,Yes,Yes,No,No,No,PK,12,Other,As reported,8
2023-2024,01,ALABAMA,AL,Conecuh County,01,,AL-018,0100870,1455 Ted Bates Road,,,Evergreen,AL,36401,2843,1455 Ted Bates Road,,,Evergreen,AL,36401,2843,(251)578-1752,http://www.conecuh.k12.al.us,1,Open,1,Open,07/30/2024,1,Regular public school district that is not a component of a supervisory union,No,NOTCHR,Not a charter district,No,Yes,Yes,Yes,Yes,Yes,Yes,Yes,Yes,Yes,Yes,Yes,Yes,Yes,Yes,No,No,No,PK,12,Other,As reported,9
2023-2024,01,ALABAMA,AL,Coosa County,01,,AL-019,0100900,PO Box 37,,,Rockford,AL,35136,0037,73 Nixburg Road,,,Rockford,AL,35136,,(256)377-4913,http://coosaschools.k12.al.us,1,Open,1,Open,07/30/2024,1,Regular public school district that is not a component of a supervisory union,No,NOTCHR,Not a charter district,No,No,Yes,Yes,Yes,Yes,Yes,Yes,Yes,Yes,Yes,Yes,Yes,Yes,Yes,No,No,No,KG,12,Other,As reported,2
2023-2024,01,ALABAMA,AL,Covington County,01,,AL-020,0100930,807 C C Baker Ave,,,Andalusia,AL,36421,2137,807 C C Baker Ave,,,Andalusia,AL,36421,2199,(334)222-7571,http://www.cov.k12.al.us,1,Open,1,Open,07/30/2024,1,Regular public school district that is not a component of a supervisory union,No,NOTCHR,Not a charter district,No,Yes,Yes,Yes,Yes,Yes,Yes,Yes,Yes,Yes,Yes,Yes,Yes,Yes,Yes,No,No,No,PK,12,Other,As reported,8
2023-2024,01,ALABAMA,AL,Crenshaw County,01,,AL-021,0100960,183 Votec Dr,,,Luverne,AL,36049,1705,183 Votec Drive,,,Luverne,AL,36049,,(334)335-6519,http://www.crenshawcounty.schoolinsites.com,1,Open,1,Open,07/30/2024,1,Regular public school district that is not a component of a supervisory union,No,NOTCHR,Not a charter district,No,Yes,Yes,Yes,Yes,Yes,Yes,Yes,Yes,Yes,Yes,Yes,Yes,Yes,Yes,No,No,No,PK,12,Other,As reported,4
2023-2024,01,ALABAMA,AL,Cullman City,01,,AL-125,0100990,301 1st St NE,,,Cullman,AL,35055,3542,301 1st St N E,,,Cullman,AL,35055,3549,(256)775-5803,http://www.cullmancats.net,1,Open,1,Open,07/30/2024,1,Regular public school district that is not a component of a supervisory union,No,NOTCHR,Not a charter district,No,Yes,Yes,Yes,Yes,Yes,Yes,Yes,Yes,Yes,Yes,Yes,Yes,Yes,Yes,No,No,No,PK,12,Other,As reported,7
2023-2024,01,ALABAMA,AL,Cullman County,01,,AL-022,0101020,402 Arnold St NE,,,Cullman,AL,35055,1964,402 Arnold St NE,,,Cullman,AL,35055,1964,(256)734-2933,http://www.ccboe.org,1,Open,1,Open,07/30/2024,1,Regular public school district that is not a component of a supervisory union,No,NOTCHR,Not a charter district,No,Yes,Yes,Yes,Yes,Yes,Yes,Yes,Yes,Yes,Yes,Yes,Yes,Yes,Yes,No,No,No,PK,12,Other,As reported,27
2023-2024,01,ALABAMA,AL,Dale County,01,,AL-023,0101050,202 S Hwy 123 Suite E,,,Ozark,AL,36360,,202 S Hwy 123 Suite E,,,Ozark,AL,36360,,(334)774-2355,http://www.dalecountyboe.org,1,Open,1,Open,07/30/2024,1,Regular public school district that is not a component of a supervisory union,No,NOTCHR,Not a charter district,No,Yes,Yes,Yes,Yes,Yes,Yes,Yes,Yes,Yes,Yes,Yes,Yes,Yes,Yes,No,No,No,PK,12,Other,As reported,9
2023-2024,01,ALABAMA,AL,Daleville City,01,,AL-126,0101080,626 N Daleville Ave,,,Daleville,AL,36322,2006,626 N Daleville Ave,,,Daleville,AL,36322,2006,(334)598-2456,http://www.daleville.k12.al.us,1,Open,1,Open,07/30/2024,1,Regular public school district that is not a component of a supervisory union,No,NOTCHR,Not a charter district,No,Yes,Yes,Yes,Yes,Yes,Yes,Yes,Yes,Yes,Yes,Yes,Yes,Yes,Yes,No,No,No,PK,12,Other,As reported,3
2023-2024,01,ALABAMA,AL,Dallas County,01,,AL-024,0101110,429 Lauderdale St,,,Selma,AL,36701,4581,429 Lauderdale St,,,Selma,AL,36701,4581,(334)875-3440,http://www.dallask12.org,1,Open,1,Open,07/30/2024,1,Regular public school district that is not a component of a supervisory union,No,NOTCHR,Not a charter district,No,Yes,Yes,Yes,Yes,Yes,Yes,Yes,Yes,Yes,Yes,Yes,Yes,Yes,Yes,No,No,No,PK,12,Other,As reported,12
2023-2024,01,ALABAMA,AL,DeKalb County,01,,AL-025,0101140,PO Box 1668,,,Rainsville,AL,35986,1668,306 Main St W,,,Rainsville,AL,35986,1668,(256)638-6921,http://www.dekalbk12.org,1,Open,1,Open,07/30/2024,1,Regular public school district that is not a component of a supervisory union,No,NOTCHR,Not a charter district,No,Yes,Yes,Yes,Yes,Yes,Yes,Yes,Yes,Yes,Yes,Yes,Yes,Yes,Yes,No,No,No,PK,12,Other,As reported,15
2023-2024,01,ALABAMA,AL,Decatur City,01,,AL-127,0101170,212 4th Ave SE,,,Decatur,AL,35601,,212 4th Ave SE,,,Decatur,AL,35601,,(256)552-3000,http://www.dcs.edu,1,Open,1,Open,07/30/2024,1,Regular public school district that is not a component of a supervisory union,No,NOTCHR,Not a charter district,No,Yes,Yes,Yes,Yes,Yes,Yes,Yes,Yes,Yes,Yes,Yes,Yes,Yes,Yes,No,No,No,PK,12,Other,As reported,20
2023-2024,01,ALABAMA,AL,Demopolis City,01,,AL-128,0101200,609 South Cedar Avenue,,,Demopolis,AL,36732,0609,609 South Cedar Avenue,,,Demopolis,AL,36732,0609,(334)289-1670,http://www.dcsedu.com,1,Open,1,Open,07/30/2024,1,Regular public school district that is not a component of a supervisory union,No,NOTCHR,Not a charter district,No,Yes,Yes,Yes,Yes,Yes,Yes,Yes,Yes,Yes,Yes,Yes,Yes,Yes,Yes,No,No,No,PK,12,Other,As reported,4
2023-2024,01,ALABAMA,AL,Dothan City,01,,AL-130,0101230,1665 Honeysuckle Road,,,DOTHAN,AL,36301,2506,1665 Honeysuckle Road,,,DOTHAN,AL,36301,2506,(334)793-1397,http://www.dothan.k12.al.us,1,Open,1,Open,07/30/2024,1,Regular public school district that is not a component of a supervisory union,No,NOTCHR,Not a charter district,No,Yes,Yes,Yes,Yes,Yes,Yes,Yes,Yes,Yes,Yes,Yes,Yes,Yes,Yes,No,No,No,PK,12,Other,As reported,18
2023-2024,01,ALABAMA,AL,Elba City,01,,AL-131,0101260,131 Tiger Dr,,,Elba,AL,36323,4025,131 Tiger Dr,,,Elba,AL,36323,4019,(334)897-2801,,1,Open,1,Open,07/30/2024,1,Regular public school district that is not a component of a supervisory union,No,NOTCHR,Not a charter district,No,Yes,Yes,Yes,Yes,Yes,Yes,Yes,Yes,Yes,Yes,Yes,Yes,Yes,Yes,No,No,No,PK,12,Other,As reported,3
2023-2024,01,ALABAMA,AL,Elmore County,01,,AL-026,0101290,100 H H Robison Drive,,,Wetumpka,AL,36092,2722,100 H H Robison Drive,,,Wetumpka,AL,36092,2722,(334)567-1200,http://www.elmoreco.com,1,Open,1,Open,07/30/2024,1,Regular public school district that is not a component of a supervisory union,No,NOTCHR,Not a charter district,No,Yes,Yes,Yes,Yes,Yes,Yes,Yes,Yes,Yes,Yes,Yes,Yes,Yes,Yes,No,No,No,PK,12,Other,As reported,17
2023-2024,01,ALABAMA,AL,Enterprise City,01,,AL-132,0101320,220 Hutchinson St,,,Enterprise,AL,36330,1899,220 Hutchinson St,,,Enterprise,AL,36330,1899,(334)347-9531,http://www.enterpriseschools.net,1,Open,1,Open,07/30/2024,1,Regular public school district that is not a component of a supervisory union,No,NOTCHR,Not a charter district,No,Yes,Yes,Yes,Yes,Yes,Yes,Yes,Yes,Yes,Yes,Yes,Yes,Yes,Yes,No,No,No,PK,12,Other,As reported,10
2023-2024,01,ALABAMA,AL,Escambia County,01,,AL-027,0101350,PO Box 307,,,Brewton,AL,36427,0307,301 Belleville Ave,,,Brewton,AL,36426,,(251)867-6251,http://escambiak12.net,1,Open,1,Open,07/30/2024,1,Regular public school district that is not a component of a supervisory union,No,NOTCHR,Not a charter district,No,Yes,Yes,Yes,Yes,Yes,Yes,Yes,Yes,Yes,Yes,Yes,Yes,Yes,Yes,No,No,No,PK,12,Other,As reported,13
2023-2024,01,ALABAMA,AL,Etowah County,01,,AL-028,0101380,401 Broad Street,,,Gadsden,AL,35901,,401 Broad Street,,,Gadsden,AL,35901,,(256)549-7560,http://ecboe.org,1,Open,1,Open,07/30/2024,1,Regular public school district that is not a component of a supervisory union,No,NOTCHR,Not a charter district,No,Yes,Yes,Yes,Yes,Yes,Yes,Yes,Yes,Yes,Yes,Yes,Yes,Yes,Yes,No,No,No,PK,12,Other,As reported,24
2023-2024,01,ALABAMA,AL,Eufaula City,01,,AL-133,0101410,333 State Docks Rd,,,Eufaula,AL,36027,3317,333 State Docks Road,,,Eufaula,AL,36027,1450,(334)687-1100,http://www.eufaulacityschools.org,1,Open,1,Open,07/30/2024,1,Regular public school district that is not a component of a supervisory union,No,NOTCHR,Not a charter district,No,Yes,Yes,Yes,Yes,Yes,Yes,Yes,Yes,Yes,Yes,Yes,Yes,Yes,Yes,No,No,No,PK,12,Other,As reported,6
2023-2024,01,ALABAMA,AL,Fairfield City,01,,AL-137,0101440,6405 Avenue D,,,Fairfield,AL,35064,0110,6405 Ave D,,,Fairfield,AL,35064,0110,(205)783-6850,http://www.fairfield.cyberschool.com,1,Open,1,Open,07/30/2024,1,Regular public school district that is not a component of a supervisory union,No,NOTCHR,Not a charter district,No,Yes,Yes,Yes,Yes,Yes,Yes,Yes,Yes,Yes,Yes,Yes,Yes,Yes,Yes,No,No,No,PK,12,Other,As reported,6
2023-2024,01,ALABAMA,AL,Fayette County,01,,AL-029,0101470,PO Box 686,,,Fayette,AL,35555,0686,103 First Ave NW,,,Fayette,AL,35555,0686,(205)932-4611,http://www.fayette.k12.al.us,1,Open,1,Open,07/30/2024,1,Regular public school district that is not a component of a supervisory union,No,NOTCHR,Not a charter district,No,Yes,Yes,Yes,Yes,Yes,Yes,Yes,Yes,Yes,Yes,Yes,Yes,Yes,Yes,No,No,No,PK,12,Other,As reported,6
2023-2024,01,ALABAMA,AL,Florence City,01,,AL-141,0101530,541 Riverview Drive,,,Florence,AL,35630,,102 S Court Street,,,Florence,AL,35630,6024,(256)768-3000,http://www.florencek12.org,1,Open,1,Open,07/30/2024,1,Regular public school district that is not a component of a supervisory union,No,NOTCHR,Not a charter district,No,Yes,Yes,Yes,Yes,Yes,Yes,Yes,Yes,Yes,Yes,Yes,Yes,Yes,Yes,No,No,No,PK,12,Other,As reported,9
2023-2024,01,ALABAMA,AL,Fort Payne City,01,,AL-143,0101560,205 45th St NE,,,Fort Payne,AL,35967,4011,205 45th St NE,,,Fort Payne,AL,35967,4011,(256)845-0915,http://www.fpcsk12.com,1,Open,1,Open,07/30/2024,1,Regular public school district that is not a component of a supervisory union,No,NOTCHR,Not a charter district,No,Yes,Yes,Yes,Yes,Yes,Yes,Yes,Yes,Yes,Yes,Yes,Yes,Yes,Yes,No,No,No,PK,12,Other,As reported,5
2023-2024,01,ALABAMA,AL,Franklin County,01,,AL-030,0101590,PO Box 610,,,Russellville,AL,35653,0610,500 Coffee Ave NE,,,Russellville,AL,35653,,(256)332-1360,http://www.franklin.k12.al.us,1,Open,1,Open,07/30/2024,1,Regular public school district that is not a component of a supervisory union,No,NOTCHR,Not a charter district,No,Yes,Yes,Yes,Yes,Yes,Yes,Yes,Yes,Yes,Yes,Yes,Yes,Yes,Yes,No,No,No,PK,12,Other,As reported,10
2023-2024,01,ALABAMA,AL,Gadsden City,01,,AL-144,0101620,PO Box 184,,,Gadsden,AL,35902,0184,1026 Chestnut St,,,Gadsden,AL,35901,,(256)543-3512,http://www.gcs.k12.al.us,1,Open,1,Open,07/30/2024,1,Regular public school district that is not a component of a supervisory union,No,NOTCHR,Not a charter district,No,Yes,Yes,Yes,Yes,Yes,Yes,Yes,Yes,Yes,Yes,Yes,Yes,Yes,Yes,No,No,No,PK,12,Other,As reported,15
2023-2024,01,ALABAMA,AL,Geneva City,01,,AL-146,0101640,511 Panther Dr,,,Geneva,AL,36340,1407,511 Panther Drive,,,Geneva,AL,36340,1407,(334)684-1090,http://www.genevacityschools.com,1,Open,1,Open,07/30/2024,1,Regular public school district that is not a component of a supervisory union,No,NOTCHR,Not a charter district,No,Yes,Yes,Yes,Yes,Yes,Yes,Yes,Yes,Yes,Yes,Yes,Yes,Yes,Yes,No,No,No,PK,12,Other,As reported,3
2023-2024,01,ALABAMA,AL,Geneva County,01,,AL-031,0101660,PO Box 250,,,Geneva,AL,36340,0250,606 S Academy St,,,Geneva,AL,36340,0250,(334)684-5690,http://www.genevacountyschools.com,1,Open,1,Open,07/30/2024,1,Regular public school district that is not a component of a supervisory union,No,NOTCHR,Not a charter district,No,Yes,Yes,Yes,Yes,Yes,Yes,Yes,Yes,Yes,Yes,Yes,Yes,Yes,Yes,No,No,No,PK,12,Other,As reported,10
2023-2024,01,ALABAMA,AL,Greene County,01,,AL-032,0101680,220 Main St,,,Eutaw,AL,35462,1002,220 Main St,,,Eutaw,AL,35462,1002,(205)372-4900,http://www.greene.k12.al.us,1,Open,1,Open,07/30/2024,1,Regular public school district that is not a component of a supervisory union,No,NOTCHR,Not a charter district,No,Yes,Yes,Yes,Yes,Yes,Yes,Yes,Yes,Yes,Yes,Yes,Yes,Yes,Yes,No,No,No,PK,12,Other,As reported,5
2023-2024,01,ALABAMA,AL,Guntersville City,01,,AL-154,0101690,4200 Highway 79 South,,,Guntersville,AL,35976,,4200 Highway 79 South,,,Guntersville,AL,35976,,(256)582-3159,http://www.guntersvilleboe.com,1,Open,1,Open,07/30/2024,1,Regular public school district that is not a component of a supervisory union,No,NOTCHR,Not a charter district,No,Yes,Yes,Yes,Yes,Yes,Yes,Yes,Yes,Yes,Yes,Yes,Yes,Yes,Yes,No,No,No,PK,12,Other,As reported,4
2023-2024,01,ALABAMA,AL,Hale County,01,,AL-033,0101710,1115 Powers St,,,Greensboro,AL,36744,1219,1115 Powers St,,,Greensboro,AL,36744,1219,(334)624-8836,http://www.halek12.org,1,Open,1,Open,07/30/2024,1,Regular public school district that is not a component of a supervisory union,No,NOTCHR,Not a charter district,No,Yes,Yes,Yes,Yes,Yes,Yes,Yes,Yes,Yes,Yes,Yes,Yes,Yes,Yes,No,No,No,PK,12,Other,As reported,7
2023-2024,01,ALABAMA,AL,Haleyville City,01,,AL-155,0101720,2011 20th St,,,Haleyville,AL,35565,1959,2011 20th St,,,Haleyville,AL,35565,1959,(205)486-9231,http://www.haley-k12.us,1,Open,1,Open,07/30/2024,1,Regular public school district that is not a component of a supervisory union,No,NOTCHR,Not a charter district,No,Yes,Yes,Yes,Yes,Yes,Yes,Yes,Yes,Yes,Yes,Yes,Yes,Yes,Yes,No,No,No,PK,12,Other,As reported,4
2023-2024,01,ALABAMA,AL,Hartselle City,01,,AL-156,0101730,305 College St NE,,,Hartselle,AL,35640,2357,305 College St NE,,,Hartselle,AL,35640,2357,(256)773-5419,http://www.hartselletigers.org,1,Open,1,Open,07/30/2024,1,Regular public school district that is not a component of a supervisory union,No,NOTCHR,Not a charter district,No,Yes,Yes,Yes,Yes,Yes,Yes,Yes,Yes,Yes,Yes,Yes,Yes,Yes,Yes,No,No,No,PK,12,Other,As reported,6
2023-2024,01,ALABAMA,AL,Henry County,01,,AL-034,0101740,300 N Trawick St,,,Abbeville,AL,36310,,300 N Trawick Street,,,Abbeville,AL,36310,,(334)585-2206,http://www.henrycountyboe.org,1,Open,1,Open,07/30/2024,1,Regular public school district that is not a component of a supervisory union,No,NOTCHR,Not a charter district,No,Yes,Yes,Yes,Yes,Yes,Yes,Yes,Yes,Yes,Yes,Yes,Yes,Yes,Yes,No,No,No,PK,12,Other,As reported,6
2023-2024,01,ALABAMA,AL,Homewood City,01,,AL-157,0101760,450 Dale Avenue,,,Homewood,AL,35209,3401,450 Dale Avenue,,,Homewood,AL,35209,3401,(205)870-4203,http://www.homewood.k12.al.us,1,Open,1,Open,07/30/2024,1,Regular public school district that is not a component of a supervisory union,No,NOTCHR,Not a charter district,No,Yes,Yes,Yes,Yes,Yes,Yes,Yes,Yes,Yes,Yes,Yes,Yes,Yes,Yes,No,No,No,PK,12,Other,As reported,5
2023-2024,01,ALABAMA,AL,Houston County,01,,AL-035,0101770,404 W Washington St,,,Dothan,AL,36301,2540,404 West Washington St,,,Dothan,AL,36302,2540,(334)792-8331,http://www.hcboe.us,1,Open,1,Open,07/30/2024,1,Regular public school district that is not a component of a supervisory union,No,NOTCHR,Not a charter district,No,Yes,Yes,Yes,Yes,Yes,Yes,Yes,Yes,Yes,Yes,Yes,Yes,Yes,Yes,No,No,No,PK,12,Other,As reported,16
2023-2024,01,ALABAMA,AL,Huntsville City,01,,AL-159,0101800,714 Bob Wallace Avenue,,,Huntsville,AL,35801,5219,714 Bob Wallace Avenue,,,Huntsville,AL,35801,5219,(256)428-6812,http://www.huntsvillecityschools.org,1,Open,1,Open,07/30/2024,1,Regular public school district that is not a component of a supervisory union,No,NOTCHR,Not a charter district,No,Yes,Yes,Yes,Yes,Yes,Yes,Yes,Yes,Yes,Yes,Yes,Yes,Yes,Yes,No,No,No,PK,12,Other,As reported,45
2023-2024,01,ALABAMA,AL,Jackson County,01,,AL-036,0101830,PO Box 549,,,Hollywood,AL,35752,,29727 Us Hwy 72 Suite A,,,Hollywood,AL,35752,,(256)259-9500,http://www.jackson.k12.al.us,1,Open,1,Open,07/30/2024,1,Regular public school district that is not a component of a supervisory union,No,NOTCHR,Not a charter district,No,Yes,Yes,Yes,Yes,Yes,Yes,Yes,Yes,Yes,Yes,Yes,Yes,Yes,Yes,No,No,No,PK,12,Other,As reported,18
2023-2024,01,ALABAMA,AL,Jacksonville City,01,,AL-162,0101860,320 Branscomb Drive SW,,,Jacksonville,AL,36265,3101,320 Branscomb Drive SW,,,Jacksonville,AL,36265,3101,(256)782-5682,http://www.jcsboe.org,1,Open,1,Open,07/30/2024,1,Regular public school district that is not a component of a supervisory union,No,NOTCHR,Not a charter district,No,Yes,Yes,Yes,Yes,Yes,Yes,Yes,Yes,Yes,Yes,Yes,Yes,Yes,Yes,No,No,No,PK,12,Other,As reported,2
2023-2024,01,ALABAMA,AL,Jasper City,01,,AL-163,0101890,PO Box 500,,,Jasper,AL,35502,0500,110 W 17th St,,,Jasper,AL,35501,,(205)384-6880,http://www.jasper.k12.al.us,1,Open,1,Open,07/30/2024,1,Regular public school district that is not a component of a supervisory union,No,NOTCHR,Not a charter district,No,Yes,Yes,Yes,Yes,Yes,Yes,Yes,Yes,Yes,Yes,Yes,Yes,Yes,Yes,No,No,No,PK,12,Other,As reported,5
2023-2024,01,ALABAMA,AL,Jefferson County,01,,AL-037,0101920,2100 18th Street S,,,Birmingham,AL,35209,1891,2100 18th Street S,,,Birmingham,AL,35209,1891,(205)379-2000,http://www.jefcoed.com,1,Open,1,Open,07/30/2024,1,Regular public school district that is not a component of a supervisory union,No,NOTCHR,Not a charter district,No,Yes,Yes,Yes,Yes,Yes,Yes,Yes,Yes,Yes,Yes,Yes,Yes,Yes,Yes,No,No,No,PK,12,Other,As reported,57
2023-2024,01,ALABAMA,AL,Lamar County,01,,AL-038,0101950,PO Box 1379,,,Vernon,AL,35592,1379,150 Butler Cir,,,Vernon,AL,35592,1379,(205)695-7615,http://www.lamarcountyk12.com,1,Open,1,Open,07/30/2024,1,Regular public school district that is not a component of a supervisory union,No,NOTCHR,Not a charter district,No,Yes,Yes,Yes,Yes,Yes,Yes,Yes,Yes,Yes,Yes,Yes,Yes,Yes,Yes,No,No,No,PK,12,Other,As reported,5
2023-2024,01,ALABAMA,AL,Lanett City,01,,AL-165,0101980,105 North Lanier Ave,,,Lanett,AL,36863,2013,105 North Lanier Ave,,,Lanett,AL,36863,2455,(334)644-5900,http://www.lanettcityschools.org,1,Open,1,Open,07/30/2024,1,Regular public school district that is not a component of a supervisory union,No,NOTCHR,Not a charter district,No,Yes,Yes,Yes,Yes,Yes,Yes,Yes,Yes,Yes,Yes,Yes,Yes,Yes,Yes,No,No,No,PK,12,Other,As reported,3
2023-2024,01,ALABAMA,AL,Lauderdale County,01,,AL-039,0102010,PO Box 278,,,Florence,AL,35631,0278,355 County Road 61,,,Florence,AL,35634,,(256)760-1300,http://www.lcschools.org,1,Open,1,Open,07/30/2024,1,Regular public school district that is not a component of a supervisory union,No,NOTCHR,Not a charter district,No,Yes,Yes,Yes,Yes,Yes,Yes,Yes,Yes,Yes,Yes,Yes,Yes,Yes,Yes,No,No,No,PK,12,Other,As reported,15
2023-2024,01,ALABAMA,AL,Lawrence County,01,,AL-040,0102040,14131 Market St,,,Moulton,AL,35650,1407,14131 Market St,,,Moulton,AL,35650,1407,(256)905-2400,http://www.lawrenceal.org,1,Open,1,Open,07/30/2024,1,Regular public school district that is not a component of a supervisory union,No,NOTCHR,Not a charter district,No,Yes,Yes,Yes,Yes,Yes,Yes,Yes,Yes,Yes,Yes,Yes,Yes,Yes,Yes,No,No,No,PK,12,Other,As reported,14
2023-2024,01,ALABAMA,AL,Lee County,01,,AL-041,0102070,2410 Society Hill Road,,,Opelika,AL,36804,,2410 Society Hill Road,,,Opelika,AL,36804,,(334)705-6000,http://www.lee.k12.al.us,1,Open,1,Open,07/30/2024,1,Regular public school district that is not a component of a supervisory union,No,NOTCHR,Not a charter district,No,Yes,Yes,Yes,Yes,Yes,Yes,Yes,Yes,Yes,Yes,Yes,Yes,Yes,Yes,No,No,No,PK,12,Other,As reported,14
2023-2024,01,ALABAMA,AL,Limestone County,01,,AL-042,0102100,300 S Jefferson St,,,Athens,AL,35611,2549,300 S Jefferson St,,,Athens,AL,35611,2549,(256)232-5353,http://www.lcsk12.org,1,Open,1,Open,07/30/2024,1,Regular public school district that is not a component of a supervisory union,No,NOTCHR,Not a charter district,No,Yes,Yes,Yes,Yes,Yes,Yes,Yes,Yes,Yes,Yes,Yes,Yes,Yes,Yes,No,No,No,PK,12,Other,As reported,17
2023-2024,01,ALABAMA,AL,Linden City,01,,AL-168,0102130,PO Box 480609,,,Linden,AL,36748,0609,209 N Main St,,,Linden,AL,36748,0609,(334)295-8802,http://lindencity.org,1,Open,1,Open,07/30/2024,1,Regular public school district that is not a component of a supervisory union,No,NOTCHR,Not a charter district,No,Yes,Yes,Yes,Yes,Yes,Yes,Yes,Yes,Yes,Yes,Yes,Yes,Yes,Yes,No,No,No,PK,12,Other,As reported,3
2023-2024,01,ALABAMA,AL,Lowndes County,01,,AL-043,0102160,PO Box 755,,,Hayneville,AL,36040,0755,80 Commerce Street S,,,Hayneville,AL,36040,,(334)548-2131,http://www.lowndesboe.org,1,Open,1,Open,07/30/2024,1,Regular public school district that is not a component of a supervisory union,No,NOTCHR,Not a charter district,No,Yes,Yes,Yes,Yes,Yes,Yes,Yes,Yes,Yes,Yes,Yes,Yes,Yes,Yes,No,No,No,PK,12,Other,As reported,9
2023-2024,01,ALABAMA,AL,Macon County,01,,AL-044,0102190,303 Union Springs Road,,,Tuskegee,AL,36083,0090,303 Union Springs Road,,,Tuskegee,AL,36083,0090,(334)727-1600,http://www.maconk12.org,1,Open,1,Open,07/30/2024,1,Regular public school district that is not a component of a supervisory union,No,NOTCHR,Not a charter district,No,Yes,Yes,Yes,Yes,Yes,Yes,Yes,Yes,Yes,Yes,Yes,Yes,Yes,Yes,No,No,No,PK,12,Other,As reported,7
2023-2024,01,ALABAMA,AL,Madison County,01,,AL-045,0102220,1275F Jordan Rd Bldg B,,,Huntsville,AL,35811,,1275F Jordan Rd Bldg B,,,Huntsville,AL,35811,,(256)852-2557,http://www.mcssk12.org,1,Open,1,Open,07/30/2024,1,Regular public school district that is not a component of a supervisory union,No,NOTCHR,Not a charter district,No,Yes,Yes,Yes,Yes,Yes,Yes,Yes,Yes,Yes,Yes,Yes,Yes,Yes,Yes,No,No,No,PK,12,Other,As reported,30
2023-2024,01,ALABAMA,AL,Marengo County,01,,AL-046,0102250,101 North Shiloh,,,Linden,AL,36748,,101 North Shiloh,,,Linden,AL,36748,,(334)295-4123,http://marengo.k12.al.us,1,Open,1,Open,07/30/2024,1,Regular public school district that is not a component of a supervisory union,No,NOTCHR,Not a charter district,No,Yes,Yes,Yes,Yes,Yes,Yes,Yes,Yes,Yes,Yes,Yes,Yes,Yes,Yes,No,No,No,PK,12,Other,As reported,3
2023-2024,01,ALABAMA,AL,Marion County,01,,AL-047,0102310,188 Winchester Dr,,,Hamilton,AL,35570,6626,188 Winchester Dr,,,Hamilton,AL,35570,6626,(205)921-3191,http://www.mcbe.net,1,Open,1,Open,07/30/2024,1,Regular public school district that is not a component of a supervisory union,No,NOTCHR,Not a charter district,No,Yes,Yes,Yes,Yes,Yes,Yes,Yes,Yes,Yes,Yes,Yes,Yes,Yes,Yes,No,No,No,PK,12,Other,As reported,10
2023-2024,01,ALABAMA,AL,Midfield City,01,,AL-171,0102350,417 Parkwood St,,,Midfield,AL,35228,2230,417 Parkwood St,,,Midfield,AL,35228,2230,(205)923-2262,http://www.midfield.k12.al.us,1,Open,1,Open,07/30/2024,1,Regular public school district that is not a component of a supervisory union,No,NOTCHR,Not a charter district,No,Yes,Yes,Yes,Yes,Yes,Yes,Yes,Yes,Yes,Yes,Yes,Yes,Yes,Yes,No,No,No,PK,12,Other,As reported,4
2023-2024,01,ALABAMA,AL,Mobile County,01,,AL-049,0102370,PO Box 180069,,,Mobile,AL,36618,0069,1 Magnum Pass,,,Mobile,AL,36618,0069,(251)221-4394,http://www.mcpss.com,1,Open,1,Open,07/30/2024,1,Regular public school district that is not a component of a supervisory union,No,NOTCHR,Not a charter district,No,Yes,Yes,Yes,Yes,Yes,Yes,Yes,Yes,Yes,Yes,Yes,Yes,Yes,Yes,No,No,No,PK,12,Other,As reported,92
2023-2024,01,ALABAMA,AL,Monroe County,01,,AL-050,0102400,109 Rosenwald Drive,,,Monroeville,AL,36460,0967,109 Rosenwald Drive,,,Monroeville,AL,36460,,(251)743-2153,http://www.monroe.k12.al.us,1,Open,1,Open,07/30/2024,1,Regular public school district that is not a component of a supervisory union,No,NOTCHR,Not a charter district,No,Yes,Yes,Yes,Yes,Yes,Yes,Yes,Yes,Yes,Yes,Yes,Yes,Yes,Yes,No,No,No,PK,12,Other,As reported,9
2023-2024,01,ALABAMA,AL,Montgomery County,01,,AL-051,0102430,632 S Union Street Building C,,,Montgomery,AL,36104,4310,632 S Union Street Building C,,,Montgomery,AL,36104,4310,(334)223-6710,http://www.mps.k12.al.us,1,Open,1,Open,07/30/2024,1,Regular public school district that is not a component of a supervisory union,No,CHRTIDEAESEA,LEA for federal programs,No,Yes,Yes,Yes,Yes,Yes,Yes,Yes,Yes,Yes,Yes,Yes,Yes,Yes,Yes,No,No,No,PK,12,Other,As reported,52
2023-2024,01,ALABAMA,AL,Morgan County,01,,AL-052,0102480,235 Highway 67 South,,,Decatur,AL,35603,6542,235 Highway 67 South,,,Decatur,AL,35603,6542,(256)309-2105,http://www.morgank12.org,1,Open,1,Open,07/30/2024,1,Regular public school district that is not a component of a supervisory union,No,NOTCHR,Not a charter district,No,Yes,Yes,Yes,Yes,Yes,Yes,Yes,Yes,Yes,Yes,Yes,Yes,Yes,Yes,No,No,No,PK,12,Other,As reported,18
2023-2024,01,ALABAMA,AL,Mountain Brook City,01,,AL-175,0102490,32 Vine St,,,Mountain Brk,AL,35213,3716,32 Vine Street,,,Mountain Brook,AL,35213,,(205)871-4608,http://www.mtnbrook.k12.al.us,1,Open,1,Open,07/30/2024,1,Regular public school district that is not a component of a supervisory union,No,NOTCHR,Not a charter district,No,Yes,Yes,Yes,Yes,Yes,Yes,Yes,Yes,Yes,Yes,Yes,Yes,Yes,Yes,No,No,No,PK,12,Other,As reported,6
2023-2024,01,ALABAMA,AL,Muscle Shoals City,01,,AL-176,0102520,3200 S Wilson Dam Rd,,,Muscle Shoals,AL,35661,,3200 S Wilson Dam Rd,,,Muscle Shoals,AL,35661,,(256)389-2600,http://www.mscs.k12.al.us,1,Open,1,Open,07/30/2024,1,Regular public school district that is not a component of a supervisory union,No,NOTCHR,Not a charter district,No,Yes,Yes,Yes,Yes,Yes,Yes,Yes,Yes,Yes,Yes,Yes,Yes,Yes,Yes,No,No,No,PK,12,Other,As reported,7
2023-2024,01,ALABAMA,AL,Oneonta City,01,,AL-178,0102550,28370 State Highway 75,,,Oneonta,AL,35121,3228,28370 State Highway 75,,,Oneonta,AL,35121,3228,(205)543-1515,http://www.oneontacityschools.com,1,Open,1,Open,07/30/2024,1,Regular public school district that is not a component of a supervisory union,No,NOTCHR,Not a charter district,No,No,Yes,Yes,Yes,Yes,Yes,Yes,Yes,Yes,Yes,Yes,Yes,Yes,Yes,No,No,No,KG,12,Other,As reported,3
2023-2024,01,ALABAMA,AL,Opelika City,01,,AL-179,0102580,300 Simmons Street,,,Opelika,AL,36801,2469,300 Simmons Street,,,Opelika,AL,36801,2469,(334)745-9700,http://www.opelikaschools.org,1,Open,1,Open,07/30/2024,1,Regular public school district that is not a component of a supervisory union,No,NOTCHR,Not a charter district,No,Yes,Yes,Yes,Yes,Yes,Yes,Yes,Yes,Yes,Yes,Yes,Yes,Yes,Yes,No,No,No,PK,12,Other,As reported,10
2023-2024,01,ALABAMA,AL,Opp City,01,,AL-180,0102610,113 East Hart,,,Opp,AL,36467,0840,305 E Stewart Ave,,,Opp,AL,36467,,(334)493-3173,http://www.oppcityschools.com,1,Open,1,Open,07/30/2024,1,Regular public school district that is not a component of a supervisory union,No,NOTCHR,Not a charter district,No,Yes,Yes,Yes,Yes,Yes,Yes,Yes,Yes,Yes,Yes,Yes,Yes,Yes,Yes,No,No,No,PK,12,Other,As reported,3
2023-2024,01,ALABAMA,AL,Oxford City,01,,AL-181,0102635,402 Main Street,,,Oxford,AL,36203,1237,402 Main Street,,,Oxford,AL,36203,1237,(256)241-3140,http://oxfordcityschools.com,1,Open,1,Open,07/30/2024,1,Regular public school district that is not a component of a supervisory union,No,NOTCHR,Not a charter district,No,Yes,Yes,Yes,Yes,Yes,Yes,Yes,Yes,Yes,Yes,Yes,Yes,Yes,Yes,No,No,No,PK,12,Other,As reported,7
2023-2024,01,ALABAMA,AL,Ozark City,01,,AL-182,0102640,860 N US HWY 231,,,Ozark,AL,36360,3001,860 N US HWY 231,,,Ozark,AL,36360,3001,(334)774-5197,http://www.ozarkcityschools.net,1,Open,1,Open,07/30/2024,1,Regular public school district that is not a component of a supervisory union,No,NOTCHR,Not a charter district,No,Yes,Yes,Yes,Yes,Yes,Yes,Yes,Yes,Yes,Yes,Yes,Yes,Yes,Yes,No,No,No,PK,12,Other,As reported,6
2023-2024,01,ALABAMA,AL,Pell City,01,,AL-183,0102650,3105 15th Avenue N,,,Pell City,AL,35125,3215,3105 15th Avenue N,,,Pell City,AL,35125,3215,(205)884-4440,http://www.pellcityschools.net,1,Open,1,Open,07/30/2024,1,Regular public school district that is not a component of a supervisory union,No,NOTCHR,Not a charter district,No,Yes,Yes,Yes,Yes,Yes,Yes,Yes,Yes,Yes,Yes,Yes,Yes,Yes,Yes,No,No,No,PK,12,Other,As reported,8
2023-2024,01,ALABAMA,AL,Perry County,01,,AL-053,0102670,PO Box 900,,,Marion,AL,36756,0900,200 Monroe St,,,Marion,AL,36756,,(334)683-6528,http://perrycountyal.org,1,Open,1,Open,07/30/2024,1,Regular public school district that is not a component of a supervisory union,No,NOTCHR,Not a charter district,No,Yes,Yes,Yes,Yes,Yes,Yes,Yes,Yes,Yes,Yes,Yes,Yes,Yes,Yes,No,No,No,PK,12,Other,As reported,2
2023-2024,01,ALABAMA,AL,Phenix City,01,,AL-184,0102700,1212 Ninth Ave,,,Phenix City,AL,36867,,1212 Ninth Ave,,,Phenix City,AL,36867,,(334)298-0534,http://www.pcboe.net,1,Open,1,Open,07/30/2024,1,Regular public school district that is not a component of a supervisory union,No,NOTCHR,Not a charter district,No,Yes,Yes,Yes,Yes,Yes,Yes,Yes,Yes,Yes,Yes,Yes,Yes,Yes,Yes,No,No,No,PK,12,Other,As reported,12
2023-2024,01,ALABAMA,AL,Pickens County,01,,AL-054,0102730,377 LaDow Center Circle,,,Carrollton,AL,35447,,377 Ladow Center Circle,,,Carrollton,AL,35447,,(205)367-2080,http://www.pickenscountyschools.net,1,Open,1,Open,07/30/2024,1,Regular public school district that is not a component of a supervisory union,No,NOTCHR,Not a charter district,No,Yes,Yes,Yes,Yes,Yes,Yes,Yes,Yes,Yes,Yes,Yes,Yes,Yes,Yes,No,No,No,PK,12,Other,As reported,7
2023-2024,01,ALABAMA,AL,Piedmont City,01,,AL-185,0102760,502 Hood St W,,,Piedmont,AL,36272,1530,502 Hood St W,,,Piedmont,AL,36272,,(256)447-8831,http://www.piedmont.k12.al.us/websites/PiedmontCitySchools/PiedmontCityDistrict/,1,Open,1,Open,07/30/2024,1,Regular public school district that is not a component of a supervisory union,No,NOTCHR,Not a charter district,No,Yes,Yes,Yes,Yes,Yes,Yes,Yes,Yes,Yes,Yes,Yes,Yes,Yes,Yes,No,No,No,PK,12,Other,As reported,3
2023-2024,01,ALABAMA,AL,Pike County,01,,AL-055,0102790,101 W Love St,,,Troy,AL,36081,1906,101 W Love Street,,,Troy,AL,36081,2613,(334)566-1850,http://www.pikecountyschools.com,1,Open,1,Open,07/30/2024,1,Regular public school district that is not a component of a supervisory union,No,NOTCHR,Not a charter district,No,Yes,Yes,Yes,Yes,Yes,Yes,Yes,Yes,Yes,Yes,Yes,Yes,Yes,Yes,No,No,No,PK,12,Other,As reported,7
2023-2024,01,ALABAMA,AL,Randolph County,01,,AL-056,0102820,182 Circle Drive,,,Wedowee,AL,36278,0288,182 Circle Drive,,,Wedowee,AL,36278,,(256)357-4611,http://www.randolphboe.org,1,Open,1,Open,07/30/2024,1,Regular public school district that is not a component of a supervisory union,No,NOTCHR,Not a charter district,No,Yes,Yes,Yes,Yes,Yes,Yes,Yes,Yes,Yes,Yes,Yes,Yes,Yes,Yes,No,No,No,PK,12,Other,As reported,8
2023-2024,01,ALABAMA,AL,Roanoke City,01,,AL-188,0102850,557 Main St,,,Roanoke,AL,36274,,557 Main St,,,Roanoke,AL,36274,,(800)674-7890,http://www.roanokecityschools.org,1,Open,1,Open,07/30/2024,1,Regular public school district that is not a component of a supervisory union,No,NOTCHR,Not a charter district,No,Yes,Yes,Yes,Yes,Yes,Yes,Yes,Yes,Yes,Yes,Yes,Yes,Yes,Yes,No,No,No,PK,12,Other,As reported,4
2023-2024,01,ALABAMA,AL,Russell County,01,,AL-057,0102880,PO Box 400,,,Phenix City,AL,36867,0400,506 14th St,,,Phenix City,AL,36867,,(334)855-2977,http://myrcsd.org,1,Open,1,Open,07/30/2024,1,Regular public school district that is not a component of a supervisory union,No,NOTCHR,Not a charter district,No,Yes,Yes,Yes,Yes,Yes,Yes,Yes,Yes,Yes,Yes,Yes,Yes,Yes,Yes,No,No,No,PK,12,Other,As reported,8
2023-2024,01,ALABAMA,AL,Russellville City,01,,AL-189,0102910,1945 Waterloo Rd,,,Russellville,AL,35653,5432,1945 Waterloo Rd,,,Russellville,AL,35653,,(256)331-2000,http://www.rcs.k12.al.us,1,Open,1,Open,07/30/2024,1,Regular public school district that is not a component of a supervisory union,No,NOTCHR,Not a charter district,No,Yes,Yes,Yes,Yes,Yes,Yes,Yes,Yes,Yes,Yes,Yes,Yes,Yes,Yes,No,No,No,PK,12,Other,As reported,5
2023-2024,01,ALABAMA,AL,Scottsboro City,01,,AL-190,0102940,305 S Scott Street,,,Scottsboro,AL,35768,2642,305 S Scott Street,,,Scottsboro,AL,35768,2642,(256)218-2100,http://www.scottsboroschools.net,1,Open,1,Open,07/30/2024,1,Regular public school district that is not a component of a supervisory union,No,NOTCHR,Not a charter district,No,Yes,Yes,Yes,Yes,Yes,Yes,Yes,Yes,Yes,Yes,Yes,Yes,Yes,Yes,No,No,No,PK,12,Other,As reported,5
2023-2024,01,ALABAMA,AL,Selma City,01,,AL-191,0102970,2194 Broad Street,,,Selma,AL,36701,,2194 Broad Street,,,Selma,AL,36701,,(334)874-1600,http://selmacityschools.org,1,Open,1,Open,07/30/2024,1,Regular public school district that is not a component of a supervisory union,No,NOTCHR,Not a charter district,No,Yes,Yes,Yes,Yes,Yes,Yes,Yes,Yes,Yes,Yes,Yes,Yes,Yes,Yes,No,No,No,PK,12,Other,As reported,11
2023-2024,01,ALABAMA,AL,Sheffield City,01,,AL-192,0103000,300 W 6th St,,,Sheffield,AL,35660,2802,300 W 6th St,,,Sheffield,AL,35660,2802,(256)383-0400,http://www.scs.k12.al.us,1,Open,1,Open,07/30/2024,1,Regular public school district that is not a component of a supervisory union,No,NOTCHR,Not a charter district,No,Yes,Yes,Yes,Yes,Yes,Yes,Yes,Yes,Yes,Yes,Yes,Yes,Yes,Yes,No,No,No,PK,12,Other,As reported,4
2023-2024,01,ALABAMA,AL,Shelby County,01,,AL-059,0103030,PO Box 1910,,,Columbiana,AL,35051,1910,410 E College St,,,Columbiana,AL,35051,0410,(205)682-7000,http://www.shelbyed.k12.al.us,1,Open,1,Open,07/30/2024,1,Regular public school district that is not a component of a supervisory union,No,NOTCHR,Not a charter district,No,Yes,Yes,Yes,Yes,Yes,Yes,Yes,Yes,Yes,Yes,Yes,Yes,Yes,Yes,No,No,No,PK,12,Other,As reported,33
2023-2024,01,ALABAMA,AL,St Clair County,01,,AL-058,0103062,410 Roy Dr,,,Ashville,AL,35953,6053,410 Roy Drive,,,Ashville,AL,35953,6254,(205)594-7131,http://www.sccboe.org,1,Open,1,Open,07/30/2024,1,Regular public school district that is not a component of a supervisory union,No,NOTCHR,Not a charter district,No,Yes,Yes,Yes,Yes,Yes,Yes,Yes,Yes,Yes,Yes,Yes,Yes,Yes,Yes,No,No,No,PK,12,Other,As reported,20
2023-2024,01,ALABAMA,AL,Sumter County,01,,AL-060,0103090,PO Box 10,,,Livingston,AL,35470,0010,Hwy 28 To Country Club Dr,,,Livingston,AL,35470,,(205)652-9605,http://sumter.k12.al.us,1,Open,1,Open,07/30/2024,1,Regular public school district that is not a component of a supervisory union,No,NOTCHR,Not a charter district,No,Yes,Yes,Yes,Yes,Yes,Yes,Yes,Yes,Yes,Yes,Yes,Yes,Yes,Yes,No,No,No,PK,12,Other,As reported,5
2023-2024,01,ALABAMA,AL,Sylacauga City,01,,AL-193,0103120,43 N Broadway Avenue,,,Sylacauga,AL,35150,1941,43 N Broadway Avenue,,,Sylacauga,AL,35150,1941,(256)245-5256,http://www.scsboe.org,1,Open,1,Open,07/30/2024,1,Regular public school district that is not a component of a supervisory union,No,NOTCHR,Not a charter district,No,Yes,Yes,Yes,Yes,Yes,Yes,Yes,Yes,Yes,Yes,Yes,Yes,Yes,Yes,No,No,No,PK,12,Other,As reported,4
2023-2024,01,ALABAMA,AL,Talladega City,01,,AL-194,0103150,PO Box 946,,,Talladega,AL,35161,0946,501 South Street East,,,Talladega,AL,35160,2532,(256)315-5600,http://www.talladega-cs.net,1,Open,1,Open,07/30/2024,1,Regular public school district that is not a component of a supervisory union,No,NOTCHR,Not a charter district,No,Yes,Yes,Yes,Yes,Yes,Yes,Yes,Yes,Yes,Yes,Yes,Yes,Yes,Yes,No,No,No,PK,12,Other,As reported,6
2023-2024,01,ALABAMA,AL,Talladega County,01,,AL-061,0103180,106 W South St,,,Talladega,AL,35160,,106 W South St,,,Talladega,AL,35160,,(256)315-5126,,1,Open,1,Open,07/30/2024,1,Regular public school district that is not a component of a supervisory union,No,NOTCHR,Not a charter district,No,Yes,Yes,Yes,Yes,Yes,Yes,Yes,Yes,Yes,Yes,Yes,Yes,Yes,Yes,No,No,No,PK,12,Other,As reported,18
2023-2024,01,ALABAMA,AL,Tallapoosa County,01,,AL-062,0103210,679 East Columbus Street,,,Dadeville,AL,36853,1314,679 East Columbus Street,,,Dadeville,AL,36853,1371,(256)825-0746,http://www.tallapoosak12.org,1,Open,1,Open,07/30/2024,1,Regular public school district that is not a component of a supervisory union,No,NOTCHR,Not a charter district,No,Yes,Yes,Yes,Yes,Yes,Yes,Yes,Yes,Yes,Yes,Yes,Yes,Yes,Yes,No,No,No,PK,12,Other,As reported,6
2023-2024,01,ALABAMA,AL,Tallassee City,01,,AL-195,0103240,308 King St,,,Tallassee,AL,36078,1316,308 King St,,,Tallassee,AL,36078,1316,(334)283-6864,http://www.tcschools.com,1,Open,1,Open,07/30/2024,1,Regular public school district that is not a component of a supervisory union,No,NOTCHR,Not a charter district,No,Yes,Yes,Yes,Yes,Yes,Yes,Yes,Yes,Yes,Yes,Yes,Yes,Yes,Yes,No,No,No,PK,12,Other,As reported,3
2023-2024,01,ALABAMA,AL,Tarrant City,01,,AL-197,0103270,1318 Alabama St,,,Tarrant,AL,35217,3035,1318 Alabama St,,,Tarrant,AL,35217,3035,(205)849-3700,http://www.tarrant.k12.al.us,1,Open,1,Open,07/30/2024,1,Regular public school district that is not a component of a supervisory union,No,NOTCHR,Not a charter district,No,Yes,Yes,Yes,Yes,Yes,Yes,Yes,Yes,Yes,Yes,Yes,Yes,Yes,Yes,No,No,No,PK,12,Other,As reported,3
2023-2024,01,ALABAMA,AL,Thomasville City,01,,AL-198,0103300,750 Gates Drive,,,Thomasville,AL,36784,,750 Gates Drive,,,Thomasville,AL,36784,,(334)636-9955,http://www.thomasvilleschools.org,1,Open,1,Open,07/30/2024,1,Regular public school district that is not a component of a supervisory union,No,NOTCHR,Not a charter district,No,Yes,Yes,Yes,Yes,Yes,Yes,Yes,Yes,Yes,Yes,Yes,Yes,Yes,Yes,No,No,No,PK,12,Other,As reported,3
2023-2024,01,ALABAMA,AL,Troy City,01,,AL-199,0103330,PO Box 529,,,Troy,AL,36081,0529,358 Elba Hwy,,,Troy,AL,36079,,(334)566-3741,http://www.troyschools.net,1,Open,1,Open,07/30/2024,1,Regular public school district that is not a component of a supervisory union,No,NOTCHR,Not a charter district,No,Yes,Yes,Yes,Yes,Yes,Yes,Yes,Yes,Yes,Yes,Yes,Yes,Yes,Yes,No,No,No,PK,12,Other,As reported,5
2023-2024,01,ALABAMA,AL,Tuscaloosa City,01,,AL-200,0103360,PO Box 038991,,,Tuscaloosa,AL,35403,8991,1210 Almon Avenue,,,Tuscaloosa,AL,35401,,(205)759-3560,http://www.tuscaloosacityschools.com,1,Open,1,Open,07/30/2024,1,Regular public school district that is not a component of a supervisory union,No,NOTCHR,Not a charter district,No,Yes,Yes,Yes,Yes,Yes,Yes,Yes,Yes,Yes,Yes,Yes,Yes,Yes,Yes,No,No,No,PK,12,Other,As reported,21
2023-2024,01,ALABAMA,AL,Tuscaloosa County,01,,AL-063,0103390,PO Drawer 2568,,,Tuscaloosa,AL,35403,2568,2314 9th St,,,Tuscaloosa,AL,35403,2568,(205)758-0411,http://www.tcss.net,1,Open,1,Open,07/30/2024,1,Regular public school district that is not a component of a supervisory union,No,NOTCHR,Not a charter district,No,Yes,Yes,Yes,Yes,Yes,Yes,Yes,Yes,Yes,Yes,Yes,Yes,Yes,Yes,No,No,No,PK,12,Other,As reported,36
2023-2024,01,ALABAMA,AL,Tuscumbia City,01,,AL-201,0103420,303 N Commons St E,,,Tuscumbia,AL,35674,1210,303 North Commons Street East,,,Tuscumbia,AL,35674,,(256)389-2900,http://www.tuscumbia.k12.al.us,1,Open,1,Open,07/30/2024,1,Regular public school district that is not a component of a supervisory union,No,NOTCHR,Not a charter district,No,Yes,Yes,Yes,Yes,Yes,Yes,Yes,Yes,Yes,Yes,Yes,Yes,Yes,Yes,No,No,No,PK,12,Other,As reported,6
2023-2024,01,ALABAMA,AL,Vestavia Hills City,01,,AL-202,0103430,PO Box 660826,,,Vestavia Hills,AL,35266,0826,1204 Montgomery Hwy,,,Vestavia Hills,AL,35216,2810,(205)402-5116,http://www.vestavia.k12.al.us,1,Open,1,Open,07/30/2024,1,Regular public school district that is not a component of a supervisory union,No,NOTCHR,Not a charter district,No,Yes,Yes,Yes,Yes,Yes,Yes,Yes,Yes,Yes,Yes,Yes,Yes,Yes,Yes,No,No,No,PK,12,Other,As reported,9
2023-2024,01,ALABAMA,AL,Walker County,01,,AL-064,0103450,PO Box 311,,,Jasper,AL,35502,0311,1710 Alabama Av,,,Jasper,AL,35501,4966,(205)387-0555,http://www.walkercountyschools.com,1,Open,1,Open,07/30/2024,1,Regular public school district that is not a component of a supervisory union,No,NOTCHR,Not a charter district,No,Yes,Yes,Yes,Yes,Yes,Yes,Yes,Yes,Yes,Yes,Yes,Yes,Yes,Yes,No,No,No,PK,12,Other,As reported,18
2023-2024,01,ALABAMA,AL,Washington County,01,,AL-065,0103480,229 Granade St,,,Chatom,AL,36518,,229 Granade St,,,Chatom,AL,36518,,(251)847-2401,http://wcbek12.org,1,Open,1,Open,07/30/2024,1,Regular public school district that is not a component of a supervisory union,No,NOTCHR,Not a charter district,No,Yes,Yes,Yes,Yes,Yes,Yes,Yes,Yes,Yes,Yes,Yes,Yes,Yes,Yes,No,No,No,PK,12,Other,As reported,8
2023-2024,01,ALABAMA,AL,Wilcox County,01,,AL-066,0103510,75 Camden Bypass,,,Camden,AL,36726,,75 Camden Bypass,,,Camden,AL,36726,,(334)682-4716,http://www.wilcoxboe.org,1,Open,1,Open,07/30/2024,1,Regular public school district that is not a component of a supervisory union,No,NOTCHR,Not a charter district,No,Yes,Yes,Yes,Yes,Yes,Yes,Yes,Yes,Yes,Yes,Yes,Yes,Yes,Yes,No,No,No,PK,12,Other,As reported,6
2023-2024,01,ALABAMA,AL,Winfield City,01,,AL-204,0103540,PO Box 70,,,Winfield,AL,35594,0070,481 Apple Ave,,,Winfield,AL,35594,,(205)487-4255,http://www.winfield.k12.al.us,1,Open,1,Open,07/30/2024,1,Regular public school district that is not a component of a supervisory union,No,NOTCHR,Not a charter district,No,Yes,Yes,Yes,Yes,Yes,Yes,Yes,Yes,Yes,Yes,Yes,Yes,Yes,Yes,No,No,No,PK,12,Other,As reported,3
2023-2024,01,ALABAMA,AL,Winston County,01,,AL-067,0103580,PO Box 9,,,Double Springs,AL,35553,0009,25101 Highway 195,,,Double Springs,AL,35553,,(205)489-5018,http://www.winstonk12.org,1,Open,1,Open,07/30/2024,1,Regular public school district that is not a component of a supervisory union,No,NOTCHR,Not a charter district,No,Yes,Yes,Yes,Yes,Yes,Yes,Yes,Yes,Yes,Yes,Yes,Yes,Yes,Yes,No,No,No,PK,12,Other,As reported,10
2023-2024,01,ALABAMA,AL,Orange Beach City,01,,AL-174,0103581,4544 Orange Beach Blvd,,,Orange Beach,AL,36561,,4544 Orange Beach Blvd,,,Orange Beach,AL,36561,,(251)424-1730,http://orangebeachboe.org,1,Open,1,Open,07/30/2024,1,Regular public school district that is not a component of a supervisory union,No,NOTCHR,Not a charter district,No,Yes,Yes,Yes,Yes,Yes,Yes,Yes,Yes,Yes,Yes,Yes,Yes,Yes,Yes,No,No,No,PK,12,Other,As reported,2
2023-2024,01,ALABAMA,AL,Empower Community School,01,,AL-811,0103582,751A Academy Drive,,,Bessemer,AL,35020,,751A Academy Drive,,,Bessemer,AL,35020,,(205)413-8600,http://www.empoweral.org,1,Open,1,Open,07/30/2024,7,Independent charter district,No,CHRTIDEAESEA,LEA for federal programs,No,No,Yes,Yes,Yes,Yes,Yes,Yes,Yes,Yes,Yes,No,No,No,No,No,No,No,KG,08,Elementary,As reported,1
2023-2024,01,ALABAMA,AL,Covenant Academy of Mobile,01,,AL-813,0103583,4568 Halls Mill Road,,,Mobile,AL,36693,,4568 Halls Mill Road,,,Mobile,AL,36693,,(251)510-3671,http://camobile.us,3,New,3,New,07/30/2024,7,Independent charter district,No,CHRTIDEAESEA,LEA for federal programs,No,No,Yes,Yes,Yes,Yes,Yes,Yes,No,No,No,No,No,No,No,No,No,No,KG,05,Elementary,As reported,1
2023-2024,01,ALABAMA,AL,Barnabas School of Leadership,01,,AL-814,0103584,280 Headland Ave,,,Dothan,AL,36303,,280 Headland Ave,,,Dothan,AL,36303,,(901)870-5081,,7,Future,7,Future,07/30/2024,7,Independent charter district,No,CHRTIDEAESEA,LEA for federal programs,Not reported,Not reported,Not reported,Not reported,Not reported,Not reported,Not reported,Not reported,Not reported,Not reported,Not reported,Not reported,Not reported,Not reported,Not reported,Not reported,Not reported,Not reported,M,M,Not reported,As reported,0
2023-2024,01,ALABAMA,AL,Freedom Prep Academy,01,,AL-815,0103585,3091 Gaston Avenue Suite A,,,Montgomery,AL,36105,,Not Available,,,Montgomery,AL,36105,,(334)521-6094,,7,Future,7,Future,07/30/2024,7,Independent charter district,No,CHRTIDEAESEA,LEA for federal programs,Not reported,Not reported,Not reported,Not reported,Not reported,Not reported,Not reported,Not reported,Not reported,Not reported,Not reported,Not reported,Not reported,Not reported,Not reported,Not reported,Not reported,Not reported,M,M,Not reported,As reported,0
2023-2024,01,ALABAMA,AL,Floretta P Carson Visual and Performing Arts,01,,AL-816,0103586,3100 Cottage Hill Road,,,Mobile,AL,36606,,3100 Cottage Hill Road,,,Mobile,AL,36606,,(251)289-9437,http://www.fpcvpaa.com,7,Future,7,Future,07/30/2024,7,Independent charter district,No,CHRTIDEAESEA,LEA for federal programs,Not reported,Not reported,Not reported,Not reported,Not reported,Not reported,Not reported,Not reported,Not reported,Not reported,Not reported,Not reported,Not reported,Not reported,Not reported,Not reported,Not reported,Not reported,M,M,Not reported,As reported,0
2023-2024,02,ALASKA,AK,Lower Kuskokwim School District,01,,AK-31,0200001,PO Box 305,,,Bethel,AK,99559,0305,1004 Ron Edwards Memorial Dr,,,Bethel,AK,99559,0305,(907)543-4912,http://www.lksd.org,1,Open,1,Open,05/07/2024,1,Regular public school district that is not a component of a supervisory union,No,NA,Not applicable,No,Yes,Yes,Yes,Yes,Yes,Yes,Yes,Yes,Yes,Yes,Yes,Yes,Yes,Yes,No,No,No,PK,12,Other,As reported,29
2023-2024,02,ALASKA,AK,Lower Yukon School District,01,,AK-32,0200003,PO Box 32089,,,Mountain Village,AK,99632,0089,100 Airport Rd,,,Mountain Village,AK,99632,0089,(907)591-2411,http://www.lysd.org/,1,Open,1,Open,05/07/2024,1,Regular public school district that is not a component of a supervisory union,No,NA,Not applicable,No,Yes,Yes,Yes,Yes,Yes,Yes,Yes,Yes,Yes,Yes,Yes,Yes,Yes,Yes,No,No,No,PK,12,Other,As reported,11
2023-2024,02,ALASKA,AK,Yupiit School District,01,,AK-54,0200004,PO Box 51190,,,Akiachak,AK,99551,0190,1st Main St,,,Akiachak,AK,99551,0190,(907)825-3600,http://www.yupiit.org,1,Open,1,Open,05/07/2024,1,Regular public school district that is not a component of a supervisory union,No,NA,Not applicable,No,No,Yes,Yes,Yes,Yes,Yes,Yes,Yes,Yes,Yes,Yes,Yes,Yes,Yes,No,No,No,KG,12,Other,As reported,3
2023-2024,02,ALASKA,AK,Kashunamiut School District,01,,AK-55,0200005,PO Box 345,,,Chevak,AK,99563,,985 KSD Way,,,Chevak,AK,99563,,(907)858-7713,http://www.chevakschool.org,1,Open,1,Open,05/07/2024,1,Regular public school district that is not a component of a supervisory union,No,NA,Not applicable,No,Yes,Yes,Yes,Yes,Yes,Yes,Yes,Yes,Yes,Yes,Yes,Yes,Yes,Yes,No,No,No,PK,12,Other,As reported,1
2023-2024,02,ALASKA,AK,Mount Edgecumbe,01,,AK-98,0200006,1330 Seward Ave,,,Sitka,AK,99835,9438,1330 Seward Ave,,,Sitka,AK,99835,9438,(907)966-3201,http://www.mehs.us,1,Open,1,Open,05/07/2024,5,State operated agency,No,NA,Not applicable,No,No,No,No,No,No,No,No,No,No,No,Yes,Yes,Yes,Yes,No,No,No,09,12,High,As reported,1
2023-2024,02,ALASKA,AK,Aleutians East Borough School District,01,,AK-56,0200007,PO Box 429,,,Sand Point,AK,99661,0429,100 Mossberry Ln,,,Sand Point,AK,99661,0429,(907)383-5222,http://www.aebsd.org,1,Open,1,Open,05/07/2024,1,Regular public school district that is not a component of a supervisory union,No,NA,Not applicable,No,Yes,Yes,Yes,Yes,Yes,Yes,Yes,Yes,Yes,Yes,Yes,Yes,Yes,Yes,No,No,No,PK,12,Other,As reported,4
2023-2024,02,ALASKA,AK,Aleutian Region School District,01,,AK-04,0200010,PO Box 92230,,,Anchorage,AK,99509,,118 E International Airport Rd,,,Anchorage,AK,99518,,(907)277-2648,http://www.aleutregion.org,1,Open,1,Open,05/07/2024,1,Regular public school district that is not a component of a supervisory union,No,NA,Not applicable,No,No,Yes,Yes,Yes,Yes,Yes,Yes,Yes,Yes,Yes,Yes,Yes,Yes,Yes,No,No,No,KG,12,Other,As reported,1
2023-2024,02,ALASKA,AK,Bering Strait School District,01,,AK-07,0200020,PO Box 225,,,Unalakleet,AK,99684,0225,225 Main St,,,Unalakleet,AK,99684,0225,(907)624-4261,http://www.bssd.org,1,Open,1,Open,05/07/2024,1,Regular public school district that is not a component of a supervisory union,No,NA,Not applicable,No,Yes,Yes,Yes,Yes,Yes,Yes,Yes,Yes,Yes,Yes,Yes,Yes,Yes,Yes,No,No,No,PK,12,Other,As reported,15
2023-2024,02,ALASKA,AK,Bristol Bay Borough School District,01,,AK-08,0200030,PO BOX 169,,,Naknek,AK,99633,0169,# 2 School Rd N,,,Naknek,AK,99633,0169,(907)246-4225,http://www.bbbsd.net,1,Open,1,Open,05/07/2024,1,Regular public school district that is not a component of a supervisory union,No,NA,Not applicable,No,Yes,Yes,Yes,Yes,Yes,Yes,Yes,Yes,Yes,Yes,Yes,Yes,Yes,Yes,No,No,No,PK,12,Other,As reported,3
2023-2024,02,ALASKA,AK,Alaska Gateway School District,01,,AK-03,0200050,PO Box 226,,,Tok,AK,99780,0226,1313.5 Alaska Hwy,,,Tok,AK,99780,,(907)883-5151,http://www.agsd.us,1,Open,1,Open,05/07/2024,1,Regular public school district that is not a component of a supervisory union,No,NA,Not applicable,No,Yes,Yes,Yes,Yes,Yes,Yes,Yes,Yes,Yes,Yes,Yes,Yes,Yes,Yes,No,No,No,PK,12,Other,As reported,8
2023-2024,02,ALASKA,AK,Cordova City School District,01,,AK-12,0200060,PO Box 1330,,,Cordova,AK,99574,0140,675 Second St,,,Cordova,AK,99574,0140,(907)424-3265,http://www.cordovasd.org,1,Open,1,Open,05/07/2024,1,Regular public school district that is not a component of a supervisory union,No,NA,Not applicable,No,Yes,Yes,Yes,Yes,Yes,Yes,Yes,Yes,Yes,Yes,Yes,Yes,Yes,Yes,No,No,No,PK,12,Other,As reported,3
2023-2024,02,ALASKA,AK,Copper River School District,01,,AK-11,0200070,PO Box 108,,,Glennallen,AK,99588,0108,1976 Aurora Dr,,,Glennallen,AK,99588,,(907)822-3234,http://www.crsd.us,1,Open,1,Open,05/07/2024,1,Regular public school district that is not a component of a supervisory union,No,NA,Not applicable,No,Yes,Yes,Yes,Yes,Yes,Yes,Yes,Yes,Yes,Yes,Yes,Yes,Yes,Yes,No,No,No,PK,12,Other,As reported,5
2023-2024,02,ALASKA,AK,Craig City School District,01,,AK-13,0200090,PO Box 800,,,Craig,AK,99921,0800,100 School Rd,,,Craig,AK,99921,,(907)826-3274,http://www.ccsd.k12.ak.us,1,Open,1,Open,05/07/2024,1,Regular public school district that is not a component of a supervisory union,No,NA,Not applicable,No,Yes,Yes,Yes,Yes,Yes,Yes,Yes,Yes,Yes,Yes,Yes,Yes,Yes,Yes,No,No,No,PK,12,Other,As reported,4
2023-2024,02,ALASKA,AK,Delta/Greely School District,01,,AK-14,0200100,PO Box 527,,,Delta Junction,AK,99737,0527,1664 N Clearwater,,,Delta Junction,AK,99737,0527,(907)895-4657,http://www.dgsd.us,1,Open,1,Open,05/07/2024,1,Regular public school district that is not a component of a supervisory union,No,NA,Not applicable,No,Yes,Yes,Yes,Yes,Yes,Yes,Yes,Yes,Yes,Yes,Yes,Yes,Yes,Yes,No,No,No,PK,12,Other,As reported,5
2023-2024,02,ALASKA,AK,Dillingham City School District,01,,AK-15,0200120,PO Box 170,,,Dillingham,AK,99576,,565 Seward St,,,Dillingham,AK,99576,,(907)842-5223,http://www.dlgsd.org,1,Open,1,Open,05/07/2024,1,Regular public school district that is not a component of a supervisory union,No,NA,Not applicable,No,Yes,Yes,Yes,Yes,Yes,Yes,Yes,Yes,Yes,Yes,Yes,Yes,Yes,Yes,No,No,No,PK,12,Other,As reported,2
2023-2024,02,ALASKA,AK,Galena City School District,01,,AK-17,0200130,PO Box 299,,,Galena,AK,99741,0299,299 Antoski Ave,,,Galena,AK,99741,0299,(907)656-1883,http://www.galenaalaska.org,1,Open,1,Open,05/07/2024,1,Regular public school district that is not a component of a supervisory union,No,NA,Not applicable,No,Yes,Yes,Yes,Yes,Yes,Yes,Yes,Yes,Yes,Yes,Yes,Yes,Yes,Yes,No,No,No,PK,12,Other,As reported,4
2023-2024,02,ALASKA,AK,Ketchikan Gateway Borough School District,01,,AK-25,0200150,333 Schoenbar Rd,,,Ketchikan,AK,99901,6278,2610 Fourth Ave,,,Ketchikan,AK,99901,6278,(907)247-2109,http://www.kgbsd.org,1,Open,1,Open,05/07/2024,1,Regular public school district that is not a component of a supervisory union,No,NA,Not applicable,No,Yes,Yes,Yes,Yes,Yes,Yes,Yes,Yes,Yes,Yes,Yes,Yes,Yes,Yes,No,No,No,PK,12,Other,As reported,9
2023-2024,02,ALASKA,AK,Anchorage School District,01,,AK-05,0200180,5530 E Northern Lights Blvd,,,Anchorage,AK,99504,3135,5530 E Northern Lights Blvd,,,Anchorage,AK,99504,3135,(907)742-4000,http://www.asdk12.org,1,Open,1,Open,05/07/2024,1,Regular public school district that is not a component of a supervisory union,No,NA,Not applicable,No,Yes,Yes,Yes,Yes,Yes,Yes,Yes,Yes,Yes,Yes,Yes,Yes,Yes,Yes,No,No,No,PK,12,Other,As reported,94
2023-2024,02,ALASKA,AK,Juneau Borough School District,01,,AK-22,0200210,10014 Crazy Horse Dr,,,Juneau,AK,99801,,1208 Glacier Ave,,,Juneau,AK,99801,,(907)523-1702,http://www.juneauschools.org,1,Open,1,Open,05/07/2024,1,Regular public school district that is not a component of a supervisory union,No,NA,Not applicable,No,Yes,Yes,Yes,Yes,Yes,Yes,Yes,Yes,Yes,Yes,Yes,Yes,Yes,Yes,No,No,No,PK,12,Other,As reported,15
2023-2024,02,ALASKA,AK,Sitka School District,01,,AK-42,0200240,300 Kostrometinoff St,,,Sitka,AK,99835,0179,300 Kostrometinoff St,,,Sitka,AK,99835,0179,(907)747-8622,http://www.sitkaschools.org,1,Open,1,Open,05/07/2024,1,Regular public school district that is not a component of a supervisory union,No,NA,Not applicable,No,Yes,Yes,Yes,Yes,Yes,Yes,Yes,Yes,Yes,Yes,Yes,Yes,Yes,Yes,No,No,No,PK,12,Other,As reported,6
2023-2024,02,ALASKA,AK,Haines Borough School District,01,,AK-18,0200270,PO Box 1289,,,Haines,AK,99827,1289,604 Haines Hwy,,,Haines,AK,99827,1289,(907)766-6725,http://www.hbsd.net,1,Open,1,Open,05/07/2024,1,Regular public school district that is not a component of a supervisory union,No,NA,Not applicable,No,Yes,Yes,Yes,Yes,Yes,Yes,Yes,Yes,Yes,Yes,Yes,Yes,Yes,Yes,No,No,No,PK,12,Other,As reported,3
2023-2024,02,ALASKA,AK,Hoonah City School District,01,,AK-19,0200300,PO Box 157,,,Hoonah,AK,99829,0157,366 Garteeni Hwy,,,Hoonah,AK,99829,0157,(907)945-3613,http://www.hoonahschools.org,1,Open,1,Open,05/07/2024,1,Regular public school district that is not a component of a supervisory union,No,NA,Not applicable,No,Yes,Yes,Yes,Yes,Yes,Yes,Yes,Yes,Yes,Yes,Yes,Yes,Yes,Yes,No,No,No,PK,12,Other,As reported,1
2023-2024,02,ALASKA,AK,Hydaburg City School District,01,,AK-20,0200330,PO Box 109,,,Hydaburg,AK,99922,0109,100 Totem Pole Ln,,,Hydaburg,AK,99922,0109,(907)285-3491,http://www.hydaburg.k12.ak.us,1,Open,1,Open,05/07/2024,1,Regular public school district that is not a component of a supervisory union,No,NA,Not applicable,No,Yes,Yes,Yes,Yes,Yes,Yes,Yes,Yes,Yes,Yes,Yes,Yes,Yes,Yes,No,No,No,PK,12,Other,As reported,2
2023-2024,02,ALASKA,AK,Kake City School District,01,,AK-23,0200360,PO Box 450,,,Kake,AK,99830,,175 Library Place,,,Kake,AK,99830,,(907)785-3741,http://www.kakeschools.com,1,Open,1,Open,05/07/2024,1,Regular public school district that is not a component of a supervisory union,No,NA,Not applicable,No,Yes,Yes,Yes,Yes,Yes,Yes,Yes,Yes,Yes,Yes,Yes,Yes,Yes,Yes,No,No,No,PK,12,Other,As reported,1
2023-2024,02,ALASKA,AK,Kenai Peninsula Borough School District,01,,AK-24,0200390,148 N Binkley St,,,Soldotna,AK,99669,,148 N Binkley St,,,Soldotna,AK,99669,,(907)714-8888,http://www.kpbsd.k12.ak.us,1,Open,1,Open,05/07/2024,1,Regular public school district that is not a component of a supervisory union,No,NA,Not applicable,No,Yes,Yes,Yes,Yes,Yes,Yes,Yes,Yes,Yes,Yes,Yes,Yes,Yes,Yes,No,No,No,PK,12,Other,As reported,42
2023-2024,02,ALASKA,AK,Klawock City School District,01,,AK-27,0200450,PO Box 9,,,Klawock,AK,99925,0009,715 Bayview Blvd,,,Klawock,AK,99925,0009,(907)755-2917,http://www.klawockschool.com,1,Open,1,Open,05/07/2024,1,Regular public school district that is not a component of a supervisory union,No,NA,Not applicable,No,Yes,Yes,Yes,Yes,Yes,Yes,Yes,Yes,Yes,Yes,Yes,Yes,Yes,Yes,No,No,No,PK,12,Other,As reported,2
2023-2024,02,ALASKA,AK,Kodiak Island Borough School District,01,,AK-28,0200480,722 Mill Bay Rd,,,Kodiak,AK,99615,,722 Mill Bay Rd,,,Kodiak,AK,99615,,(907)486-7550,http://www.kibsd.org,1,Open,1,Open,05/07/2024,1,Regular public school district that is not a component of a supervisory union,No,NA,Not applicable,No,Yes,Yes,Yes,Yes,Yes,Yes,Yes,Yes,Yes,Yes,Yes,Yes,Yes,Yes,No,No,No,PK,12,Other,As reported,13
2023-2024,02,ALASKA,AK,Lake and Peninsula Borough School District,01,,AK-30,0200485,PO Box 498,,,King Salmon,AK,99613,,101 Jensen Dr,,,King Salmon,AK,99613,,(907)246-4280,http://www.lpsd.com,1,Open,1,Open,05/07/2024,1,Regular public school district that is not a component of a supervisory union,No,NA,Not applicable,No,Yes,Yes,Yes,Yes,Yes,Yes,Yes,Yes,Yes,Yes,Yes,Yes,Yes,Yes,No,No,No,PK,12,Other,As reported,11
2023-2024,02,ALASKA,AK,Matanuska-Susitna Borough School District,01,,AK-33,0200510,501 N Gulkana St,,,Palmer,AK,99645,,501 N Gulkana St,,,Palmer,AK,99645,,(907)746-9200,http://www.matsuk12.us,1,Open,1,Open,05/07/2024,1,Regular public school district that is not a component of a supervisory union,No,NA,Not applicable,No,Yes,Yes,Yes,Yes,Yes,Yes,Yes,Yes,Yes,Yes,Yes,Yes,Yes,Yes,No,No,No,PK,12,Other,As reported,49
2023-2024,02,ALASKA,AK,Iditarod Area School District,01,,AK-21,0200520,PO Box 90,,,McGrath,AK,99627,,90 Chinana Ave,,,McGrath,AK,99627,,(907)574-0207,http://www.iditarodsd.org,1,Open,1,Open,05/07/2024,1,Regular public school district that is not a component of a supervisory union,No,NA,Not applicable,No,Yes,Yes,Yes,Yes,Yes,Yes,Yes,Yes,Yes,Yes,Yes,Yes,Yes,Yes,No,No,No,PK,12,Other,As reported,8
2023-2024,02,ALASKA,AK,Annette Island School District,01,,AK-06,0200525,PO Box 7,,,Metlakatla,AK,99926,0007,89A 4th Ave,,,Metlakatla,AK,99926,0007,(907)886-6332,http://www.aisdk12.org,1,Open,1,Open,05/07/2024,1,Regular public school district that is not a component of a supervisory union,No,NA,Not applicable,No,Yes,Yes,Yes,Yes,Yes,Yes,Yes,Yes,Yes,Yes,Yes,Yes,Yes,Yes,No,No,No,PK,12,Other,As reported,3
2023-2024,02,ALASKA,AK,Nenana City School District,01,,AK-34,0200540,PO Box 10,,,Nenana,AK,99760,0010,406 E 2nd St,,,Nenana,AK,99760,0010,(907)832-5464,http://www.nenanalynx.org,1,Open,1,Open,05/07/2024,1,Regular public school district that is not a component of a supervisory union,No,NA,Not applicable,No,Yes,Yes,Yes,Yes,Yes,Yes,Yes,Yes,Yes,Yes,Yes,Yes,Yes,Yes,No,No,No,PK,12,Other,As reported,2
2023-2024,02,ALASKA,AK,Nome Public Schools,01,,AK-35,0200570,PO Box 131,,,Nome,AK,99762,0131,Mile 3.5 Nome-Teller Hwy,,,Nome,AK,99762,0131,(907)443-2231,http://www.nomeschools.org,1,Open,1,Open,05/07/2024,1,Regular public school district that is not a component of a supervisory union,No,NA,Not applicable,No,Yes,Yes,Yes,Yes,Yes,Yes,Yes,Yes,Yes,Yes,Yes,Yes,Yes,Yes,No,No,No,PK,12,Other,As reported,4
2023-2024,02,ALASKA,AK,Fairbanks North Star Borough School District,01,,AK-16,0200600,520 Fifth Ave,,,Fairbanks,AK,99701,4756,520 Fifth Ave,,,Fairbanks,AK,99701,4756,(907)452-2000,http://www.k12northstar.org,1,Open,1,Open,05/07/2024,1,Regular public school district that is not a component of a supervisory union,No,NA,Not applicable,No,Yes,Yes,Yes,Yes,Yes,Yes,Yes,Yes,Yes,Yes,Yes,Yes,Yes,Yes,No,No,No,PK,12,Other,As reported,34
2023-2024,02,ALASKA,AK,North Slope Borough School District,01,,AK-36,0200610,PO Box 169,,,Utqiagvik,AK,99723,0169,829 Aivik St,,,Utqiagvik,AK,99723,0169,(907)852-5311,http://www.nsbsd.org,1,Open,1,Open,05/07/2024,1,Regular public school district that is not a component of a supervisory union,No,NA,Not applicable,No,Yes,Yes,Yes,Yes,Yes,Yes,Yes,Yes,Yes,Yes,Yes,Yes,Yes,Yes,No,No,No,PK,12,Other,As reported,11
2023-2024,02,ALASKA,AK,Northwest Arctic Borough School District,01,,AK-37,0200625,PO Box 51,,,Kotzebue,AK,99752,0051,776 Third Ave,,,Kotzebue,AK,99752,,(907)442-1802,http://www.nwarctic.org,1,Open,1,Open,05/07/2024,1,Regular public school district that is not a component of a supervisory union,No,NA,Not applicable,No,Yes,Yes,Yes,Yes,Yes,Yes,Yes,Yes,Yes,Yes,Yes,Yes,Yes,Yes,No,No,No,PK,12,Other,As reported,13
2023-2024,02,ALASKA,AK,Pelican City School District,01,,AK-38,0200630,PO Box 90,,,Pelican,AK,99832,0090,14 Chum Way,,,Pelican,AK,99832,0090,(907)735-2236,http://www.pelicanschool.org,1,Open,1,Open,05/07/2024,1,Regular public school district that is not a component of a supervisory union,No,NA,Not applicable,No,No,Yes,Yes,Yes,Yes,Yes,Yes,Yes,Yes,Yes,Yes,Yes,Yes,Yes,No,No,No,KG,12,Other,As reported,1
2023-2024,02,ALASKA,AK,Petersburg Borough School District,01,,AK-39,0200660,PO Box 289,,,Petersburg,AK,99833,0289,201 Charles W St,,,Petersburg,AK,99833,0289,(907)526-7656,http://www.pcsd.us,1,Open,1,Open,05/07/2024,1,Regular public school district that is not a component of a supervisory union,No,NA,Not applicable,No,Yes,Yes,Yes,Yes,Yes,Yes,Yes,Yes,Yes,Yes,Yes,Yes,Yes,Yes,No,No,No,PK,12,Other,As reported,3
2023-2024,02,ALASKA,AK,Pribilof School District,01,,AK-40,0200670,PO Box 207,,,St. Paul Island,AK,99660,0905,930 Tolstoi Blvd,,,St. Paul Island,AK,99660,,(907)546-3327,http://www.pribilofsd.org,1,Open,1,Open,05/07/2024,1,Regular public school district that is not a component of a supervisory union,No,NA,Not applicable,No,Yes,Yes,Yes,Yes,Yes,Yes,Yes,Yes,Yes,Yes,Yes,Yes,Yes,Yes,No,No,No,PK,12,Other,As reported,2
2023-2024,02,ALASKA,AK,Saint Mary's School District,01,,AK-46,0200680,PO Box 9,,,Saint Mary's,AK,99658,0009,1 Dixon Circle,,,Saint Mary's,AK,99658,0009,(907)438-2411,http://www.smcsd.us,1,Open,1,Open,05/07/2024,1,Regular public school district that is not a component of a supervisory union,No,NA,Not applicable,No,Yes,Yes,Yes,Yes,Yes,Yes,Yes,Yes,Yes,Yes,Yes,Yes,Yes,Yes,No,No,No,PK,12,Other,As reported,1
2023-2024,02,ALASKA,AK,Skagway School District,01,,AK-43,0200690,PO Box 497,,,Skagway,AK,99840,0497,1563 Main St,,,Skagway,AK,99840,0497,(907)983-2960,http://www.skagwayschool.org,1,Open,1,Open,05/07/2024,1,Regular public school district that is not a component of a supervisory union,No,NA,Not applicable,No,Yes,Yes,Yes,Yes,Yes,Yes,Yes,Yes,Yes,Yes,Yes,Yes,Yes,Yes,No,No,No,PK,12,Other,As reported,1
2023-2024,02,ALASKA,AK,Southeast Island School District,01,,AK-44,0200700,PO Box 19569,,,Thorne Bay,AK,99919,8340,1010 Sandy Beach Rd,,,Thorne Bay,AK,99919,8340,(907)828-8254,http://www.sisd.org,1,Open,1,Open,05/07/2024,1,Regular public school district that is not a component of a supervisory union,No,NA,Not applicable,No,Yes,Yes,Yes,Yes,Yes,Yes,Yes,Yes,Yes,Yes,Yes,Yes,Yes,Yes,No,No,No,PK,12,Other,As reported,8
2023-2024,02,ALASKA,AK,Southwest Region School District,01,,AK-45,0200710,PO Box 90,,,Dillingham,AK,99576,,574 Kenny Wren Rd,,,Dillingham,AK,99576,,(907)842-5287,http://www.swrsd.org,1,Open,1,Open,05/07/2024,1,Regular public school district that is not a component of a supervisory union,No,NA,Not applicable,No,Yes,Yes,Yes,Yes,Yes,Yes,Yes,Yes,Yes,Yes,Yes,Yes,Yes,Yes,No,No,No,PK,12,Other,As reported,8
2023-2024,02,ALASKA,AK,Tanana City School District,01,,AK-53,0200715,PO Box 89,,,Tanana,AK,99777,0089,89 Front St,,,Tanana,AK,99777,0089,(907)366-7203,http://aktcsd.org,1,Open,1,Open,05/07/2024,1,Regular public school district that is not a component of a supervisory union,No,NA,Not applicable,No,No,Yes,Yes,Yes,Yes,Yes,Yes,Yes,Yes,Yes,Yes,Yes,Yes,Yes,No,No,No,KG,12,Other,As reported,1
2023-2024,02,ALASKA,AK,Unalaska City School District,01,,AK-47,0200720,PO Box 570,,,Unalaska,AK,99685,,55 E Broadway St,,,Unalaska,AK,99685,,(907)581-3151,http://www.ucsd.net,1,Open,1,Open,05/07/2024,1,Regular public school district that is not a component of a supervisory union,No,NA,Not applicable,No,Yes,Yes,Yes,Yes,Yes,Yes,Yes,Yes,Yes,Yes,Yes,Yes,Yes,Yes,No,No,No,PK,12,Other,As reported,2
2023-2024,02,ALASKA,AK,Chatham School District,01,,AK-09,0200730,PO Box 109,,,Angoon,AK,99820,0109,500 Big Dog Salmon Way,,,Angoon,AK,99820,,(907)788-3302,http://www.chathamsd.org,1,Open,1,Open,05/07/2024,1,Regular public school district that is not a component of a supervisory union,No,NA,Not applicable,No,Yes,Yes,Yes,Yes,Yes,Yes,Yes,Yes,Yes,Yes,Yes,Yes,Yes,Yes,No,No,No,PK,12,Other,As reported,4
2023-2024,02,ALASKA,AK,Kuspuk School District,01,,AK-29,0200760,PO Box 49,,,Aniak,AK,99557,0049,100 Boundary Ave,,,Aniak,AK,99557,0049,(907)675-4250,http://www.kuspuk.org,1,Open,1,Open,05/07/2024,1,Regular public school district that is not a component of a supervisory union,No,NA,Not applicable,No,Yes,Yes,Yes,Yes,Yes,Yes,Yes,Yes,Yes,Yes,Yes,Yes,Yes,Yes,No,No,No,PK,12,Other,As reported,9
2023-2024,02,ALASKA,AK,Denali Borough School District,01,,AK-02,0200770,PO Box 280,,,Healy,AK,99743,0280,1 Suntrana St,,,Healy,AK,99743,0280,(907)683-2278,http://www.dbsd.org,1,Open,1,Open,05/07/2024,1,Regular public school district that is not a component of a supervisory union,No,NA,Not applicable,No,Yes,Yes,Yes,Yes,Yes,Yes,Yes,Yes,Yes,Yes,Yes,Yes,Yes,Yes,No,No,No,PK,12,Other,As reported,4
2023-2024,02,ALASKA,AK,Yukon Flats School District,01,,AK-51,0200775,PO Box 350,,,Fort Yukon,AK,99740,0350,123 Hill St,,,Ft. Yukon,AK,99740,0350,(907)662-2515,http://yfsd.org,1,Open,1,Open,05/07/2024,1,Regular public school district that is not a component of a supervisory union,No,NA,Not applicable,No,Yes,Yes,Yes,Yes,Yes,Yes,Yes,Yes,Yes,Yes,Yes,Yes,Yes,Yes,No,No,No,PK,12,Other,As reported,6
2023-2024,02,ALASKA,AK,Valdez City School District,01,,AK-48,0200780,PO Box 398,,,Valdez,AK,99686,,1112 W Klutina,,,Valdez,AK,99686,,(907)835-4357,http://www.valdezcityschools.org,1,Open,1,Open,05/07/2024,1,Regular public school district that is not a component of a supervisory union,No,NA,Not applicable,No,Yes,Yes,Yes,Yes,Yes,Yes,Yes,Yes,Yes,Yes,Yes,Yes,Yes,Yes,No,No,No,PK,12,Other,As reported,3
2023-2024,02,ALASKA,AK,Chugach School District,01,,AK-10,0200800,9312 Vanguard Dr Ste 100,,,Anchorage,AK,99507,5355,9312 Vanguard Dr Ste 100,,,Anchorage,AK,99507,5355,(907)522-7400,http://chugachschooldistrict.com,1,Open,1,Open,05/07/2024,1,Regular public school district that is not a component of a supervisory union,No,NA,Not applicable,No,Yes,Yes,Yes,Yes,Yes,Yes,Yes,Yes,Yes,Yes,Yes,Yes,Yes,Yes,No,No,No,PK,12,Other,As reported,4
2023-2024,02,ALASKA,AK,Wrangell Public School District,01,,AK-49,0200810,PO Box 2319,,,Wrangell,AK,99929,2319,350 Bennett St,,,Wrangell,AK,99929,2319,(907)874-2347,http://www.wpsd.us/,1,Open,1,Open,05/07/2024,1,Regular public school district that is not a component of a supervisory union,No,NA,Not applicable,No,Yes,Yes,Yes,Yes,Yes,Yes,Yes,Yes,Yes,Yes,Yes,Yes,Yes,Yes,No,No,No,PK,12,Other,As reported,3
2023-2024,02,ALASKA,AK,Yakutat School District,01,,AK-50,0200840,PO Box 429,,,Yakutat,AK,99689,0429,429 Forest Hwy,,,Yakutat,AK,99689,0429,(907)784-3317,http://www.yakutatschools.org,1,Open,1,Open,05/07/2024,1,Regular public school district that is not a component of a supervisory union,No,NA,Not applicable,No,Yes,Yes,Yes,Yes,Yes,Yes,Yes,Yes,Yes,Yes,Yes,Yes,Yes,Yes,No,No,No,PK,12,Other,As reported,2
2023-2024,02,ALASKA,AK,Yukon-Koyukuk School District,01,,AK-52,0200862,4762 Old Airport Way,,,Fairbanks,AK,99709,4456,4762 Old Airport Way,,,Fairbanks,AK,99709,4456,(907)374-9416,http://www.yksd.com,1,Open,1,Open,05/07/2024,1,Regular public school district that is not a component of a supervisory union,No,NA,Not applicable,No,Yes,Yes,Yes,Yes,Yes,Yes,Yes,Yes,Yes,Yes,Yes,Yes,Yes,Yes,No,No,No,PK,12,Other,As reported,10
2023-2024,04,ARIZONA,AZ,Cave Creek Unified District (4244),01,,AZ-4244,0400001,PO BOX 426,,,CAVE CREEK,AZ,85327,0426,33016 N 60TH ST,,,SCOTTSDALE,AZ,85266,5245,(480)575-2000,http://www.ccusd93.org,1,Open,1,Open,07/30/2024,1,Regular public school district that is not a component of a supervisory union,No,NOTCHR,Not a charter district,No,Yes,Yes,Yes,Yes,Yes,Yes,Yes,Yes,Yes,Yes,Yes,Yes,Yes,Yes,No,Yes,No,PK,12,Other,As reported,8
2023-2024,04,ARIZONA,AZ,Chino Valley Unified District (4474),01,,AZ-4474,0400003,650 E CENTER ST,,,CHINO VALLEY,AZ,86323,7407,650 E CENTER ST,,,CHINO VALLEY,AZ,86323,7407,(928)636-2458,http://www.chinovalleyschools.com/,1,Open,1,Open,07/30/2024,1,Regular public school district that is not a component of a supervisory union,No,NOTCHR,Not a charter district,No,Yes,Yes,Yes,Yes,Yes,Yes,Yes,Yes,Yes,Yes,Yes,Yes,Yes,Yes,No,Yes,No,PK,12,Other,As reported,4
2023-2024,04,ARIZONA,AZ,Clarkdale-Jerome Elementary District (4486),01,,AZ-4486,0400004,1615 MAIN ST,,,CLARKDALE,AZ,86324,2505,1615 MAIN ST,,,CLARKDALE,AZ,86324,2505,(928)634-5035,http://www.cjsd.k12.az.us/,1,Open,1,Open,07/30/2024,1,Regular public school district that is not a component of a supervisory union,No,NOTCHR,Not a charter district,No,Yes,Yes,Yes,Yes,Yes,Yes,Yes,Yes,Yes,Yes,No,No,No,No,No,No,No,PK,08,Elementary,As reported,2
2023-2024,04,ARIZONA,AZ,Salome Consolidated Elementary District (4514),01,,AZ-4514,0400005,PO BOX 339,,,SALOME,AZ,85348,0339,38128 Saguaro & Main,,,Salome,AZ,85348,,(928)859-3339,http://www.salomek8.org,1,Open,1,Open,07/30/2024,1,Regular public school district that is not a component of a supervisory union,No,NOTCHR,Not a charter district,No,Yes,Yes,Yes,Yes,Yes,Yes,Yes,Yes,Yes,Yes,No,No,No,No,No,No,No,PK,08,Elementary,As reported,1
2023-2024,04,ARIZONA,AZ,Center for Academic Success Inc. (4191),01,,AZ-4191,0400016,900 CARMELITA DR,,,SIERRA VISTA,AZ,85635,1927,900 CARMELITA DR,,,SIERRA VISTA,AZ,85635,1927,(520)458-4200,http://casschools.com/,1,Open,1,Open,07/30/2024,7,Independent charter district,No,CHRTIDEAESEA,LEA for federal programs,No,No,Yes,Yes,Yes,Yes,Yes,Yes,Yes,Yes,Yes,Yes,Yes,Yes,Yes,No,No,No,KG,12,Other,As reported,5
2023-2024,04,ARIZONA,AZ,Pine Forest Education Association Inc. (4201),01,,AZ-4201,0400018,1120 W KAIBAB LN,,,FLAGSTAFF,AZ,86001,6217,1120 W KAIBAB LN,,,FLAGSTAFF,AZ,86001,6217,(928)779-9880,http://www.pineforestschool.org,1,Open,1,Open,07/30/2024,7,Independent charter district,No,CHRTIDEAESEA,LEA for federal programs,No,No,Yes,Yes,Yes,Yes,Yes,Yes,Yes,Yes,Yes,No,No,No,No,No,No,No,KG,08,Elementary,As reported,1
2023-2024,04,ARIZONA,AZ,Flagstaff Arts And Leadership Academy (4202),01,,AZ-4202,0400019,3401 N FORT VALLEY RD,,,FLAGSTAFF,AZ,86001,8388,3401 N FORT VALLEY RD,,,FLAGSTAFF,AZ,86001,8388,(928)779-7223,http://www.flagarts.com,1,Open,1,Open,07/30/2024,7,Independent charter district,No,CHRTIDEAESEA,LEA for federal programs,No,No,No,No,No,No,No,No,Yes,Yes,Yes,Yes,Yes,Yes,Yes,No,No,No,06,12,High,As reported,1
2023-2024,04,ARIZONA,AZ,Flagstaff Montessori (4205),01,,AZ-4205,0400020,43551 MISSION BLVD STE 109,,,FREMONT,CA,94539,5871,850 N LOCUST ST,,,FLAGSTAFF,AZ,86001,3343,(928)226-1212,,1,Open,1,Open,07/30/2024,7,Independent charter district,Yes,CHRTIDEAESEA,LEA for federal programs,No,No,Yes,Yes,Yes,Yes,Yes,Yes,Yes,Yes,Yes,No,No,No,No,No,No,No,KG,08,Elementary,As reported,1
2023-2024,04,ARIZONA,AZ,Colorado City Unified District (4370),01,,AZ-4370,0400021,PO BOX 309,,,COLORADO CITY,AZ,86021,0309,325 North Cottonwood St,,,Colorado City,AZ,86021,,(928)875-9000,http://www.ccschools.us,1,Open,1,Open,07/30/2024,1,Regular public school district that is not a component of a supervisory union,No,NOTCHR,Not a charter district,No,Yes,Yes,Yes,Yes,Yes,Yes,Yes,Yes,Yes,Yes,Yes,Yes,Yes,Yes,No,No,No,PK,12,Other,As reported,2
2023-2024,04,ARIZONA,AZ,Vernon Elementary District (4162),01,,AZ-4162,0400022,PO BOX 89,,,VERNON,AZ,85940,0089,90 CRN 3139,,,Vernon,AZ,85940,,(928)537-5463,http://www.vernon.k12.az.us,1,Open,1,Open,07/30/2024,1,Regular public school district that is not a component of a supervisory union,No,NOTCHR,Not a charter district,No,Yes,Yes,Yes,Yes,Yes,Yes,Yes,Yes,Yes,Yes,No,No,No,No,No,No,No,PK,08,Elementary,As reported,1
2023-2024,04,ARIZONA,AZ,Pinon Unified District (4390),01,,AZ-4390,0400023,PO BOX 839,,,PINON,AZ,86510,0839,Navajo Hwy 41,,,Pinon,AZ,86510,,(928)725-3450,http://www.pusdatsa.org,1,Open,1,Open,07/30/2024,1,Regular public school district that is not a component of a supervisory union,No,NOTCHR,Not a charter district,No,Yes,Yes,Yes,Yes,Yes,Yes,Yes,Yes,Yes,Yes,Yes,Yes,Yes,Yes,No,No,No,PK,12,Other,As reported,3
2023-2024,04,ARIZONA,AZ,Heber-Overgaard Unified District (4392),01,,AZ-4392,0400026,PO BOX 547,,,HEBER,AZ,85928,0547,3375 BUCKSKIN CANYON RD,,,HEBER,AZ,85928,,(928)535-4622,http://www.heberovergaardschools.org,1,Open,1,Open,07/30/2024,1,Regular public school district that is not a component of a supervisory union,No,NOTCHR,Not a charter district,No,Yes,Yes,Yes,Yes,Yes,Yes,Yes,Yes,Yes,Yes,Yes,Yes,Yes,Yes,No,Yes,No,PK,12,Other,As reported,4
2023-2024,04,ARIZONA,AZ,Triumphant Learning Center (4225),01,,AZ-4225,0400028,201 E MAIN ST,,,SAFFORD,AZ,85546,2051,201 E MAIN ST,,,SAFFORD,AZ,85546,2051,(928)348-8422,,1,Open,1,Open,07/30/2024,7,Independent charter district,No,CHRTIDEAESEA,LEA for federal programs,No,No,Yes,Yes,Yes,Yes,Yes,Yes,Yes,Yes,Yes,No,No,No,No,No,Yes,No,KG,08,Elementary,As reported,1
2023-2024,04,ARIZONA,AZ,Ridgeline Academy Inc. (4301),01,,AZ-4301,0400031,33625 N NORTH VALLEY PKWY,,,PHOENIX,AZ,85085,4229,33625 N NORTH VALLEY PKWY,,,PHOENIX,AZ,85085,4229,(623)223-1335,http://www.ridgelineacademy.org,1,Open,1,Open,07/30/2024,7,Independent charter district,No,CHRTIDEAESEA,LEA for federal programs,No,No,Yes,Yes,Yes,Yes,Yes,Yes,Yes,Yes,Yes,Yes,Yes,Yes,Yes,No,Yes,No,KG,12,Other,As reported,1
2023-2024,04,ARIZONA,AZ,The Boys & Girls Clubs of the Valley (4305),01,,AZ-4305,0400033,221 W 6TH AVE,,,MESA,AZ,85210,2446,221 W 6TH AVE,,,MESA,AZ,85210,2446,(480)844-3965,http://www.mesaartsacademy.org/,1,Open,1,Open,07/30/2024,7,Independent charter district,No,CHRTIDEAESEA,LEA for federal programs,No,No,Yes,Yes,Yes,Yes,Yes,Yes,Yes,Yes,Yes,No,No,No,No,No,Yes,No,KG,08,Elementary,As reported,1
2023-2024,04,ARIZONA,AZ,Reid Traditional Schools' Valley Academy Inc. (4306),01,,AZ-4306,0400034,14841 N BLACK CANYON HWY,,,PHOENIX,AZ,85023,5068,14841 N BLACK CANYON HWY,,,PHOENIX,AZ,85023,5068,(623)478-2344,http://ValleyAcademy.com,1,Open,1,Open,07/30/2024,7,Independent charter district,No,CHRTIDEAESEA,LEA for federal programs,No,No,Yes,Yes,Yes,Yes,Yes,Yes,Yes,Yes,Yes,No,No,No,No,No,Yes,No,KG,08,Elementary,As reported,1
2023-2024,04,ARIZONA,AZ,Twenty First Century Charter School Inc. Bennett  (4310),01,,AZ-4310,0400037,2930 W BETHANY HOME RD,,,PHOENIX,AZ,85017,1615,2930 W BETHANY HOME RD,,,PHOENIX,AZ,85017,1615,(602)943-1317,http://www.bennettacademy.com,1,Open,1,Open,07/30/2024,7,Independent charter district,No,CHRTIDEAESEA,LEA for federal programs,No,No,Yes,Yes,Yes,Yes,Yes,Yes,Yes,Yes,Yes,No,No,No,No,No,No,No,KG,08,Elementary,As reported,2
2023-2024,04,ARIZONA,AZ,STEP UP Schools Inc. (4313),01,,AZ-4313,0400040,44 E 5TH ST,,,MESA,AZ,85201,5901,44 E 5TH ST,,,MESA,AZ,85201,5901,(480)344-2600,http://www.stepupschoolsmesa.org,1,Open,1,Open,07/30/2024,7,Independent charter district,No,CHRTIDEAESEA,LEA for federal programs,No,No,Yes,Yes,Yes,Yes,Yes,Yes,Yes,Yes,Yes,No,No,No,No,No,No,No,KG,08,Elementary,As reported,1
2023-2024,04,ARIZONA,AZ,Maricopa County Community College District dba Gat (4314),01,,AZ-4314,0400041,108 N 40TH ST,,,PHOENIX,AZ,85034,1704,108 N 40TH ST,,,PHOENIX,AZ,85034,1704,(602)286-8759,,1,Open,1,Open,07/30/2024,7,Independent charter district,No,CHRTIDEAESEA,LEA for federal programs,No,No,No,No,No,No,No,No,No,No,No,Yes,Yes,Yes,Yes,No,No,No,09,12,High,As reported,1
2023-2024,04,ARIZONA,AZ,New School For The Arts (4316),01,,AZ-4316,0400043,1216 E APACHE BLVD,,,TEMPE,AZ,85281,6005,1216 E APACHE BLVD,,,TEMPE,AZ,85281,6005,(480)252-5414,http://www.aznsa.com/,1,Open,1,Open,07/30/2024,7,Independent charter district,No,CHRTIDEAESEA,LEA for federal programs,No,No,No,No,No,No,No,No,No,No,No,Yes,Yes,Yes,Yes,No,No,No,09,12,High,As reported,1
2023-2024,04,ARIZONA,AZ,Salt River Pima-Maricopa  Community Schools (4320),01,,AZ-4320,0400047,10005 E OSBORN RD,,,SCOTTSDALE,AZ,85256,4019,4827 N COUNTRY CLUB DR,,,SCOTTSDALE,AZ,85256,2915,(480)362-2500,http://saltriverschools.org,1,Open,1,Open,07/30/2024,7,Independent charter district,No,CHRTIDEAESEA,LEA for federal programs,No,No,No,No,No,No,No,No,No,No,No,Yes,Yes,Yes,Yes,No,No,No,09,12,High,As reported,1
2023-2024,04,ARIZONA,AZ,Espiritu Community Development Corp. (4335),01,,AZ-4335,0400052,4848 S 2ND ST,,,PHOENIX,AZ,85040,2122,4848 S 2ND ST,,,PHOENIX,AZ,85040,2122,(602)243-7788,http://www.espiritu.org,1,Open,1,Open,07/30/2024,7,Independent charter district,No,CHRTIDEAESEA,LEA for federal programs,No,No,No,No,No,No,No,No,No,Yes,Yes,Yes,Yes,Yes,Yes,No,No,No,07,12,High,As reported,1
2023-2024,04,ARIZONA,AZ,Heritage Academy Inc. (4336),01,,AZ-4336,0400053,32 S CENTER ST,,,MESA,AZ,85210,1306,32 S CENTER ST,,,MESA,AZ,85210,1306,(480)969-5641,http://www.hamesa.com,1,Open,1,Open,07/30/2024,7,Independent charter district,No,CHRTIDEAESEA,LEA for federal programs,No,No,Yes,Yes,Yes,Yes,Yes,Yes,Yes,Yes,Yes,Yes,Yes,Yes,Yes,No,No,No,KG,12,Other,As reported,2
2023-2024,04,ARIZONA,AZ,Villa Montessori Charter School (4339),01,,AZ-4339,0400054,2802 E MEADOWBROOK AVE,,,PHOENIX,AZ,85016,4939,2802 E MEADOWBROOK AVE,,,PHOENIX,AZ,85016,4939,(602)955-2210,http://www.villamontessori.com,1,Open,1,Open,07/30/2024,7,Independent charter district,No,CHRTIDEAESEA,LEA for federal programs,No,No,Yes,Yes,Yes,Yes,Yes,Yes,Yes,Yes,Yes,No,No,No,No,No,No,No,KG,08,Elementary,As reported,1
2023-2024,04,ARIZONA,AZ,EduPreneurship Inc. (4341),01,,AZ-4341,0400055,2632 W AUGUSTA AVE,,,PHOENIX,AZ,85051,6732,2632 W AUGUSTA AVE,,,PHOENIX,AZ,85051,6732,(602)973-8998,http://www.escswarm.com,6,Inactive,6,Inactive,07/30/2024,7,Independent charter district,No,CHRTIDEAESEA,LEA for federal programs,Not reported,Not reported,Not reported,Not reported,Not reported,Not reported,Not reported,Not reported,Not reported,Not reported,Not reported,Not reported,Not reported,Not reported,Not reported,Not reported,Not reported,Not reported,M,M,Not reported,As reported,0
2023-2024,04,ARIZONA,AZ,Arizona School For The Arts (4345),01,,AZ-4345,0400056,1410 N 3RD ST,,,PHOENIX,AZ,85004,1608,1410 N 3RD ST,,,PHOENIX,AZ,85004,1608,(602)257-1444,http://www.goasa.org,1,Open,1,Open,07/30/2024,7,Independent charter district,No,CHRTIDEAESEA,LEA for federal programs,No,No,No,No,No,No,No,Yes,Yes,Yes,Yes,Yes,Yes,Yes,Yes,No,No,No,05,12,High,As reported,1
2023-2024,04,ARIZONA,AZ,Arizona Center for Youth Resources (4346),01,,AZ-4346,0400057,649 N 6TH AVE,,,PHOENIX,AZ,85003,1659,649 N 6TH AVE,,,PHOENIX,AZ,85003,1659,(602)252-6721,http://www.acyraz.org,1,Open,1,Open,07/30/2024,7,Independent charter district,No,CHRTIDEAESEA,LEA for federal programs,No,No,No,No,No,No,No,No,No,No,No,Yes,Yes,Yes,Yes,No,No,No,09,12,High,As reported,1
2023-2024,04,ARIZONA,AZ,Intelli-School Inc. (4352),01,,AZ-4352,0400061,2222 W NORTHERN AVE STE A110,,,PHOENIX,AZ,85021,5697,2222 W NORTHERN AVE STE A110,,,PHOENIX,AZ,85021,5697,(602)564-7380,http://www.intellischool.org,1,Open,1,Open,07/30/2024,7,Independent charter district,No,CHRTIDEAESEA,LEA for federal programs,No,No,No,No,No,No,No,No,No,No,No,Yes,Yes,Yes,Yes,No,No,No,09,12,High,As reported,2
2023-2024,04,ARIZONA,AZ,Benjamin Franklin Charter School - Queen Creek (4355),01,,AZ-4355,0400065,690 E WARNER RD STE 141,,,GILBERT,AZ,85296,3058,22951 S POWER RD,,,QUEEN CREEK,AZ,85142,4500,(480)264-3710,http://www.bfcsaz.com,1,Open,1,Open,07/30/2024,7,Independent charter district,No,CHRTNOTLEA,Not LEA for federal programs,No,No,Yes,Yes,Yes,Yes,Yes,Yes,Yes,Yes,Yes,Yes,Yes,Yes,Yes,No,Yes,No,KG,12,Other,As reported,4
2023-2024,04,ARIZONA,AZ,Victory High School Inc. (4358),01,,AZ-4358,0400067,PO BOX 8374,,,PHOENIX,AZ,85066,8374,1650 W SOUTHERN AVE,,,PHOENIX,AZ,85041,4627,(602)243-7583,http://www.victoryhigh.com,6,Inactive,6,Inactive,07/30/2024,7,Independent charter district,No,CHRTIDEAESEA,LEA for federal programs,Not reported,Not reported,Not reported,Not reported,Not reported,Not reported,Not reported,Not reported,Not reported,Not reported,Not reported,Not reported,Not reported,Not reported,Not reported,Not reported,Not reported,Not reported,M,M,Not reported,As reported,0
2023-2024,04,ARIZONA,AZ,Montessori Day Public Schools Chartered Inc. (4359),01,,AZ-4359,0400068,9201 N 7TH AVE,,,PHOENIX,AZ,85021,3518,9201 N 7TH AVE,,,PHOENIX,AZ,85021,3518,(602)943-7672,http://mdpsc.org/,1,Open,1,Open,07/30/2024,7,Independent charter district,No,CHRTIDEAESEA,LEA for federal programs,No,No,Yes,Yes,Yes,Yes,Yes,Yes,Yes,Yes,Yes,No,No,No,No,No,No,No,KG,08,Elementary,As reported,1
2023-2024,04,ARIZONA,AZ,Khalsa Montessori Elementary Schools (4360),01,,AZ-4360,0400069,2536 N 3RD ST,,,PHOENIX,AZ,85004,1308,2536 N 3RD ST,,,PHOENIX,AZ,85004,1308,(602)252-3759,http://www.khalsamontessori.org,1,Open,1,Open,07/30/2024,7,Independent charter district,No,CHRTIDEAESEA,LEA for federal programs,No,No,Yes,Yes,Yes,Yes,Yes,Yes,Yes,Yes,Yes,No,No,No,No,No,No,No,KG,08,Elementary,As reported,1
2023-2024,04,ARIZONA,AZ,Tempe Preparatory Academy (4361),01,,AZ-4361,0400070,1251 E SOUTHERN AVE,,,TEMPE,AZ,85282,5605,1251 E SOUTHERN AVE,,,TEMPE,AZ,85282,5605,(480)839-3402,http://tempeprep.org/,1,Open,1,Open,07/30/2024,7,Independent charter district,No,CHRTIDEAESEA,LEA for federal programs,No,No,No,No,No,No,No,No,Yes,Yes,Yes,Yes,Yes,Yes,Yes,No,No,No,06,12,High,As reported,1
2023-2024,04,ARIZONA,AZ,Bright Beginnings School Inc. (4362),01,,AZ-4362,0400071,400 N ANDERSEN BLVD,,,CHANDLER,AZ,85224,8273,400 N ANDERSEN BLVD,,,CHANDLER,AZ,85224,8273,(480)821-1404,http://www.bbschl.com,1,Open,1,Open,07/30/2024,7,Independent charter district,No,CHRTNOTLEA,Not LEA for federal programs,No,No,Yes,Yes,Yes,Yes,Yes,Yes,Yes,No,No,No,No,No,No,No,No,No,KG,06,Elementary,As reported,1
2023-2024,04,ARIZONA,AZ,Montessori Education Centre Charter School (4363),01,,AZ-4363,0400072,2834 E SOUTHERN AVE,,,MESA,AZ,85204,5517,2834 E SOUTHERN AVE,,,MESA,AZ,85204,5517,(480)926-8375,http://www.montessorictr.org,1,Open,1,Open,07/30/2024,7,Independent charter district,No,CHRTIDEAESEA,LEA for federal programs,No,No,Yes,Yes,Yes,Yes,Yes,Yes,Yes,Yes,No,No,No,No,No,No,No,No,KG,07,Elementary,As reported,2
2023-2024,04,ARIZONA,AZ,Kingman Academy Of Learning (4383),01,,AZ-4383,0400074,3410 N BURBANK ST,,,KINGMAN,AZ,86409,3105,3410 N BURBANK ST,,,KINGMAN,AZ,86409,3105,(928)681-2400,http://www.kaolaz.org,1,Open,1,Open,07/30/2024,7,Independent charter district,No,CHRTIDEAESEA,LEA for federal programs,No,No,Yes,Yes,Yes,Yes,Yes,Yes,Yes,Yes,Yes,Yes,Yes,Yes,Yes,No,Yes,No,KG,12,Other,As reported,4
2023-2024,04,ARIZONA,AZ,Young Scholars Academy Charter School Corp. (4385),01,,AZ-4385,0400075,1501 E VALENCIA RD,,,BULLHEAD CITY,AZ,86426,5218,1501 E VALENCIA RD,,,BULLHEAD CITY,AZ,86426,5218,(928)704-1100,,1,Open,1,Open,07/30/2024,7,Independent charter district,No,CHRTIDEAESEA,LEA for federal programs,No,No,Yes,Yes,Yes,Yes,Yes,Yes,Yes,Yes,Yes,No,No,No,No,No,No,No,KG,08,Elementary,As reported,1
2023-2024,04,ARIZONA,AZ,Career Development Inc. (4400),01,,AZ-4400,0400077,PO BOX 125,,,TAYLOR,AZ,85939,0125,1300 N Centennial Blvd,,,Taylor,AZ,85939,,(928)536-4222,http://www.naacharter.org/,1,Open,1,Open,07/30/2024,7,Independent charter district,No,CHRTIDEAESEA,LEA for federal programs,No,No,No,No,No,No,No,No,No,Yes,Yes,Yes,Yes,Yes,Yes,No,No,No,07,12,High,As reported,1
2023-2024,04,ARIZONA,AZ,Edge School Inc. The (4421),01,,AZ-4421,0400078,2555 E 1ST ST,,,TUCSON,AZ,85716,4152,2555 E 1ST ST,,,TUCSON,AZ,85716,4152,(520)881-1389,http://www.edgehighschool.org/,1,Open,1,Open,07/30/2024,7,Independent charter district,No,CHRTIDEAESEA,LEA for federal programs,No,No,No,No,No,No,No,No,No,No,No,Yes,Yes,Yes,Yes,No,No,No,09,12,High,As reported,2
2023-2024,04,ARIZONA,AZ,Tucson Youth Development/ACE Charter High School (4422),01,,AZ-4422,0400079,1901 N STONE AVE,,,TUCSON,AZ,85705,5642,1901 N STONE AVE,,,TUCSON,AZ,85705,5642,(520)623-5843,http://www.tucsonyouth.org,1,Open,1,Open,07/30/2024,7,Independent charter district,No,CHRTIDEAESEA,LEA for federal programs,No,No,No,No,No,No,No,No,No,No,No,Yes,Yes,Yes,Yes,No,No,No,09,12,High,As reported,2
2023-2024,04,ARIZONA,AZ,Presidio School (4425),01,,AZ-4425,0400081,1695 E FORT LOWELL RD,,,TUCSON,AZ,85719,2319,1695 E FORT LOWELL RD,,,TUCSON,AZ,85719,2319,(520)881-5222,http://www.presidioschool.com,1,Open,1,Open,07/30/2024,7,Independent charter district,No,CHRTIDEAESEA,LEA for federal programs,No,No,Yes,Yes,Yes,Yes,Yes,Yes,Yes,Yes,Yes,Yes,Yes,Yes,Yes,No,Yes,No,KG,12,Other,As reported,1
2023-2024,04,ARIZONA,AZ,Colorado River Union High School District (4381),01,,AZ-4381,0400082,PO BOX 21479,,,BULLHEAD CITY,AZ,86439,1479,1004 HANCOCK RD # 200,,,BULLHEAD CITY,AZ,86442,5946,(928)758-3916,http://www.crsk12.org/,1,Open,1,Open,07/30/2024,1,Regular public school district that is not a component of a supervisory union,No,NOTCHR,Not a charter district,No,No,No,No,No,No,No,No,No,No,No,Yes,Yes,Yes,Yes,No,No,No,09,12,High,As reported,3
2023-2024,04,ARIZONA,AZ,Portable Practical Educational Preparation Inc. ( (4431),01,,AZ-4431,0400083,1840 E BENSON HWY,,,TUCSON,AZ,85714,1770,1840 E BENSON HWY,,,TUCSON,AZ,85714,1770,(520)741-4383,http://www.ppeptechs.org/,1,Open,1,Open,07/30/2024,7,Independent charter district,No,CHRTIDEAESEA,LEA for federal programs,No,No,No,No,No,No,No,No,No,No,No,Yes,Yes,Yes,Yes,No,No,No,09,12,High,As reported,6
2023-2024,04,ARIZONA,AZ,Sedona Charter School Inc. (4492),01,,AZ-4492,0400089,165 KACHINA DR,,,SEDONA,AZ,86336,4303,165 KACHINA DR,,,SEDONA,AZ,86336,4303,(928)204-6464,http://www.sedonacharterschool.com,1,Open,1,Open,07/30/2024,7,Independent charter district,No,CHRTIDEAESEA,LEA for federal programs,No,No,Yes,Yes,Yes,Yes,Yes,Yes,Yes,Yes,Yes,No,No,No,No,No,No,No,KG,08,Elementary,As reported,1
2023-2024,04,ARIZONA,AZ,Mingus Springs Charter School (4493),01,,AZ-4493,0400090,3600 SUNSET DR,,,CHINO VALLEY,AZ,86323,5054,3600 SUNSET DR,,,CHINO VALLEY,AZ,86323,5054,(928)636-4766,http://www.mingusspringsschool.org,1,Open,1,Open,07/30/2024,7,Independent charter district,No,CHRTIDEAESEA,LEA for federal programs,No,No,Yes,Yes,Yes,Yes,Yes,Yes,Yes,Yes,Yes,No,No,No,No,No,No,No,KG,08,Elementary,As reported,1
2023-2024,04,ARIZONA,AZ,Franklin Phonetic Primary School Inc. (4495),01,,AZ-4495,0400092,6116 East Highway 69,,,Prescott Valley,AZ,86314,,6116 East Highway 69,,,Prescott Valley,AZ,86314,,(928)775-6747,,1,Open,1,Open,07/30/2024,7,Independent charter district,No,CHRTIDEAESEA,LEA for federal programs,No,No,Yes,Yes,Yes,Yes,Yes,Yes,Yes,Yes,Yes,No,No,No,No,No,No,No,KG,08,Elementary,As reported,1
2023-2024,04,ARIZONA,AZ,Skyview School Inc. (4496),01,,AZ-4496,0400093,125 S RUSH ST,,,PRESCOTT,AZ,86303,4432,125 S RUSH ST,,,PRESCOTT,AZ,86303,4432,(928)776-1730,http://www.skyviewschool.org,1,Open,1,Open,07/30/2024,7,Independent charter district,No,CHRTIDEAESEA,LEA for federal programs,No,No,Yes,Yes,Yes,Yes,Yes,Yes,Yes,Yes,Yes,No,No,No,No,No,No,No,KG,08,Elementary,As reported,1
2023-2024,04,ARIZONA,AZ,Az-Tec High School (4508),01,,AZ-4508,0400094,2330 W 28TH ST,,,YUMA,AZ,85364,6954,2330 W 28TH ST,,,YUMA,AZ,85364,6954,(928)314-1918,http://www.aztechs.org/,6,Inactive,6,Inactive,07/30/2024,7,Independent charter district,No,CHRTIDEAESEA,LEA for federal programs,Not reported,Not reported,Not reported,Not reported,Not reported,Not reported,Not reported,Not reported,Not reported,Not reported,Not reported,Not reported,Not reported,Not reported,Not reported,Not reported,Not reported,Not reported,M,M,Not reported,As reported,0
2023-2024,04,ARIZONA,AZ,Yuma Private Industry Council Inc. (4509),01,,AZ-4509,0400095,3834 W 16TH ST,,,YUMA,AZ,85364,4107,3834 W 16TH ST,,,YUMA,AZ,85364,4107,(928)329-0990,http://chs.ypic.com/,1,Open,1,Open,07/30/2024,7,Independent charter district,No,CHRTIDEAESEA,LEA for federal programs,No,No,No,No,No,No,No,No,No,No,No,Yes,Yes,Yes,Yes,No,No,No,09,12,High,As reported,1
2023-2024,04,ARIZONA,AZ,Mountain School Inc. (4203),01,,AZ-4203,0400096,311 W CATTLE DRIVE TRL,,,FLAGSTAFF,AZ,86005,7060,311 W CATTLE DRIVE TRL,,,FLAGSTAFF,AZ,86005,7060,(928)779-2392,http://www.mountaincharterschool.com,1,Open,1,Open,07/30/2024,7,Independent charter district,No,CHRTIDEAESEA,LEA for federal programs,No,No,Yes,Yes,Yes,Yes,Yes,Yes,Yes,No,No,No,No,No,No,No,No,No,KG,06,Elementary,As reported,1
2023-2024,04,ARIZONA,AZ,Northland Preparatory Academy (4204),01,,AZ-4204,0400097,3300 E SPARROW AVE,,,FLAGSTAFF,AZ,86004,6703,3300 E SPARROW AVE,,,FLAGSTAFF,AZ,86004,6703,(928)214-8776,http://www.northlandprep.org,1,Open,1,Open,07/30/2024,7,Independent charter district,No,CHRTIDEAESEA,LEA for federal programs,No,No,No,No,No,No,No,No,Yes,Yes,Yes,Yes,Yes,Yes,Yes,No,No,No,06,12,High,As reported,1
2023-2024,04,ARIZONA,AZ,Flagstaff Junior Academy (4207),01,,AZ-4207,0400098,306 W CEDAR AVE,,,FLAGSTAFF,AZ,86001,1413,306 W CEDAR AVE,,,FLAGSTAFF,AZ,86001,1413,(928)774-6007,http://www.fjacademy.com,1,Open,1,Open,07/30/2024,7,Independent charter district,No,CHRTIDEAESEA,LEA for federal programs,No,No,Yes,Yes,Yes,Yes,Yes,Yes,Yes,Yes,Yes,No,No,No,No,No,No,No,KG,08,Elementary,As reported,1
2023-2024,04,ARIZONA,AZ,Liberty High School (4216),01,,AZ-4216,0400099,PO BOX 2343,,,GLOBE,AZ,85502,2343,1300 E CEDAR ST,,,GLOBE,AZ,85501,1731,(928)402-8024,http://www.liberty-high.net,1,Open,1,Open,07/30/2024,7,Independent charter district,No,CHRTIDEAESEA,LEA for federal programs,No,No,No,No,No,No,No,No,No,Yes,Yes,Yes,Yes,Yes,Yes,No,No,No,07,12,High,As reported,1
2023-2024,04,ARIZONA,AZ,Ball Charter Schools (Hearn) (4294),01,,AZ-4294,0400100,17606 N 7TH AVE,,,PHOENIX,AZ,85023,1567,17606 N 7TH AVE,,,PHOENIX,AZ,85023,1567,(602)896-9160,http://www.ballcharterschools.org,1,Open,1,Open,07/30/2024,7,Independent charter district,No,CHRTIDEAESEA,LEA for federal programs,No,No,Yes,Yes,Yes,Yes,Yes,Yes,Yes,Yes,Yes,No,No,No,No,No,Yes,No,KG,08,Elementary,As reported,1
2023-2024,04,ARIZONA,AZ,Friendly House Inc. (4303),01,,AZ-4303,0400102,PO BOX 3695,,,PHOENIX,AZ,85030,3695,802 S 1ST AVE,,,PHOENIX,AZ,85003,2504,(602)257-1870,,1,Open,1,Open,07/30/2024,7,Independent charter district,No,CHRTIDEAESEA,LEA for federal programs,No,No,Yes,Yes,Yes,Yes,Yes,Yes,Yes,Yes,Yes,No,No,No,No,No,Yes,No,KG,08,Elementary,As reported,1
2023-2024,04,ARIZONA,AZ,Ombudsman Educational Services Ltd.a subsidiary  (4323),01,,AZ-4323,0400103,28100 N ASHLEY CIR STE 102,,,LIBERTYVILLE,IL,60048,9478,3624 West Bell Road Suite 4-6,,,Glendale,AZ,85308,,(602)840-2997,http://az.ombudsman.com/about-ombudsman-arizona-charter/,1,Open,1,Open,07/30/2024,7,Independent charter district,Yes,CHRTNOTLEA,Not LEA for federal programs,No,No,No,No,No,No,No,No,Yes,Yes,Yes,Yes,Yes,Yes,Yes,No,No,No,06,12,High,As reported,8
2023-2024,04,ARIZONA,AZ,Arizona Agribusiness & Equine Center Inc. (4331),01,,AZ-4331,0400106,315 E MULBERRY DR,,,PHOENIX,AZ,85012,2307,3775 E UNION HILLS DR,,,PHOENIX,AZ,85050,3214,(602)297-8500,http://www.aaechighschools.com,1,Open,1,Open,07/30/2024,7,Independent charter district,No,CHRTIDEAESEA,LEA for federal programs,No,No,No,No,No,No,No,No,No,No,No,Yes,Yes,Yes,Yes,No,No,No,09,12,High,As reported,1
2023-2024,04,ARIZONA,AZ,International Commerce Secondary Schools Inc. (4334),01,,AZ-4334,0400107,5201 N 7TH ST,,,PHOENIX,AZ,85014,2802,5201 N 7TH ST,,,PHOENIX,AZ,85014,2802,(480)317-5900,http://www.humsci.org,1,Open,1,Open,07/30/2024,7,Independent charter district,No,CHRTNOTLEA,Not LEA for federal programs,No,No,No,No,No,No,No,No,No,No,No,Yes,Yes,Yes,Yes,No,No,No,09,12,High,As reported,1
2023-2024,04,ARIZONA,AZ,Humanities and Sciences Academy of the United Stat (4337),01,,AZ-4337,0400108,5201 N 7TH ST,,,PHOENIX,AZ,85014,2802,5201 N 7TH ST,,,PHOENIX,AZ,85014,2802,(480)317-5900,http://www.humsci.org,1,Open,1,Open,07/30/2024,7,Independent charter district,No,CHRTNOTLEA,Not LEA for federal programs,No,No,No,No,No,No,No,No,No,No,No,Yes,Yes,Yes,Yes,No,No,No,09,12,High,As reported,3
2023-2024,04,ARIZONA,AZ,Phoenix Advantage Charter School Inc. (4338),01,,AZ-4338,0400109,3738 N 16TH ST,,,PHOENIX,AZ,85016,5915,3738 N 16TH ST,,,PHOENIX,AZ,85016,5915,(602)263-8777,http://www.phoenixadvantage.org,6,Inactive,6,Inactive,07/30/2024,7,Independent charter district,No,CHRTIDEAESEA,LEA for federal programs,Not reported,Not reported,Not reported,Not reported,Not reported,Not reported,Not reported,Not reported,Not reported,Not reported,Not reported,Not reported,Not reported,Not reported,Not reported,Not reported,Not reported,Not reported,M,M,Not reported,As reported,0
2023-2024,04,ARIZONA,AZ,Allen-Cochran Enterprises Inc. (4347),01,,AZ-4347,0400111,1691 W GRAND CANYON DR,,,CHANDLER,AZ,85248,4818,1700 E ELLIOT RD STE 9,,,TEMPE,AZ,85284,1631,(480)632-1940,http://ceeschool@gmail.com,1,Open,1,Open,07/30/2024,7,Independent charter district,No,CHRTNOTLEA,Not LEA for federal programs,No,No,Yes,Yes,Yes,Yes,Yes,Yes,Yes,Yes,Yes,No,No,No,No,No,No,No,KG,08,Elementary,As reported,1
2023-2024,04,ARIZONA,AZ,American Leadership Academy Inc. (4348),01,,AZ-4348,0400112,6913 E REMBRANDT AVE STE 2,,,MESA,AZ,85212,3641,6913 E REMBRANDT AVE STE 2,,,MESA,AZ,85212,3641,(480)420-2101,http://www.alaschools.org/,1,Open,1,Open,07/30/2024,7,Independent charter district,No,CHRTIDEAESEA,LEA for federal programs,No,No,Yes,Yes,Yes,Yes,Yes,Yes,Yes,Yes,Yes,Yes,Yes,Yes,Yes,No,No,No,KG,12,Other,As reported,12
2023-2024,04,ARIZONA,AZ,Fountain Hills Charter School (4356),01,,AZ-4356,0400113,PO BOX 18419,,,FOUNTAIN HILLS,AZ,85269,8419,16811 E EL PUEBLO BLVD,,,FOUNTAIN HLS,AZ,85268,2584,(480)837-0046,,6,Inactive,6,Inactive,07/30/2024,7,Independent charter district,No,CHRTIDEAESEA,LEA for federal programs,Not reported,Not reported,Not reported,Not reported,Not reported,Not reported,Not reported,Not reported,Not reported,Not reported,Not reported,Not reported,Not reported,Not reported,Not reported,Not reported,Not reported,Not reported,M,M,Not reported,As reported,0
2023-2024,04,ARIZONA,AZ,Hermosa Montessori Charter School (4426),01,,AZ-4426,0400115,12051 E FORT LOWELL RD,,,TUCSON,AZ,85749,9702,12051 E FORT LOWELL RD,,,TUCSON,AZ,85749,9702,(520)749-5518,,1,Open,1,Open,07/30/2024,7,Independent charter district,No,CHRTIDEAESEA,LEA for federal programs,No,No,Yes,Yes,Yes,Yes,Yes,Yes,Yes,Yes,Yes,No,No,No,No,No,No,No,KG,08,Elementary,As reported,1
2023-2024,04,ARIZONA,AZ,Arizona Department of Corrections (8336),01,,AZ-8336,0400120,1601 W JEFFERSON ST,,,PHOENIX,AZ,85007,3002,1601 W JEFFERSON ST,,,PHOENIX,AZ,85007,3002,(602)542-5497,,1,Open,1,Open,07/30/2024,5,State operated agency,No,NOTCHR,Not a charter district,No,Yes,Yes,Yes,Yes,Yes,Yes,Yes,Yes,Yes,Yes,Yes,Yes,Yes,Yes,No,Yes,No,PK,12,Other,As reported,0
2023-2024,04,ARIZONA,AZ,Accelerated Learning Center Inc. (4297),01,,AZ-4297,0400121,4105 E SHEA BLVD,,,PHOENIX,AZ,85028,3525,4105 E SHEA BLVD,,,PHOENIX,AZ,85028,3525,(602)485-0309,http://acceleratedlearningcenteraz.com,1,Open,1,Open,07/30/2024,7,Independent charter district,No,CHRTNOTLEA,Not LEA for federal programs,No,No,No,No,No,No,No,No,No,No,No,Yes,Yes,Yes,Yes,No,No,No,09,12,High,As reported,1
2023-2024,04,ARIZONA,AZ,Acclaim Charter School (4325),01,,AZ-4325,0400122,7624 W INDIAN SCHOOL RD,,,PHOENIX,AZ,85033,3009,7624 W INDIAN SCHOOL RD,,,PHOENIX,AZ,85033,3009,(623)256-5267,http://www.acclaimacademy.org,1,Open,1,Open,07/30/2024,7,Independent charter district,No,CHRTIDEAESEA,LEA for federal programs,No,No,Yes,Yes,Yes,Yes,Yes,Yes,Yes,Yes,Yes,No,No,No,No,No,No,No,KG,08,Elementary,As reported,1
2023-2024,04,ARIZONA,AZ,Genesis Program Inc. (4332),01,,AZ-4332,0400124,525 E MCDOWELL RD,,,PHOENIX,AZ,85004,1537,525 E MCDOWELL RD,,,PHOENIX,AZ,85004,1537,(602)254-8050,http://www.genesiscity.org,1,Open,1,Open,07/30/2024,7,Independent charter district,No,CHRTIDEAESEA,LEA for federal programs,No,No,No,No,No,No,No,No,No,No,No,Yes,Yes,Yes,Yes,No,No,No,09,12,High,As reported,1
2023-2024,04,ARIZONA,AZ,Montessori Schoolhouse of Tucson Inc. (4428),01,,AZ-4428,0400126,1301 E FORT LOWELL RD,,,TUCSON,AZ,85719,2239,1301 E FORT LOWELL RD,,,TUCSON,AZ,85719,2239,(520)319-8668,http://themontessorischoolhouse.com/,1,Open,1,Open,07/30/2024,7,Independent charter district,No,CHRTNOTLEA,Not LEA for federal programs,No,No,Yes,Yes,Yes,Yes,Yes,Yes,Yes,Yes,Yes,No,No,No,No,No,No,No,KG,08,Elementary,As reported,1
2023-2024,04,ARIZONA,AZ,Accelerated Elementary and Secondary Schools (6364),01,,AZ-6364,0400129,5245 N CAMINO DE OESTE,,,TUCSON,AZ,85745,8925,5245 N CAMINO DE OESTE,,,TUCSON,AZ,85745,8925,(520)743-2256,,6,Inactive,6,Inactive,07/30/2024,7,Independent charter district,No,CHRTIDEAESEA,LEA for federal programs,Not reported,Not reported,Not reported,Not reported,Not reported,Not reported,Not reported,Not reported,Not reported,Not reported,Not reported,Not reported,Not reported,Not reported,Not reported,Not reported,Not reported,Not reported,M,M,Not reported,As reported,0
2023-2024,04,ARIZONA,AZ,Edkey Inc. dba American Heritage Academy  (6365),01,,AZ-6365,0400130,2030 E CHERRY ST,,,COTTONWOOD,AZ,86326,6963,2030 E CHERRY ST,,,COTTONWOOD,AZ,86326,6963,(928)634-2144,http://www.americanheritageacademy.org/home,1,Open,1,Open,07/30/2024,7,Independent charter district,No,CHRTIDEAESEA,LEA for federal programs,No,No,Yes,Yes,Yes,Yes,Yes,Yes,Yes,Yes,Yes,Yes,Yes,Yes,Yes,No,No,No,KG,12,Other,As reported,2
2023-2024,04,ARIZONA,AZ,The Charter Foundation Inc. (6355),01,,AZ-6355,0400131,1150 N COUNTRY CLUB RD,,,TUCSON,AZ,85716,3942,1150 N COUNTRY CLUB RD,,,TUCSON,AZ,85716,3942,(520)296-1100,http://www.amerischools.org,1,Open,1,Open,07/30/2024,7,Independent charter district,No,CHRTIDEAESEA,LEA for federal programs,No,No,Yes,Yes,Yes,Yes,Yes,Yes,Yes,Yes,Yes,Yes,Yes,Yes,Yes,No,No,No,KG,12,Other,As reported,5
2023-2024,04,ARIZONA,AZ,BASIS Charter Schools Inc. (6361),01,,AZ-6361,0400134,7975 N HAYDEN RD STE B100,,,SCOTTSDALE,AZ,85258,3276,7975 N HAYDEN RD STE B100,,,SCOTTSDALE,AZ,85258,3276,(520)326-6367,http://enrollbasis.com/tucson-primary/,1,Open,1,Open,07/30/2024,7,Independent charter district,No,CHRTIDEAESEA,LEA for federal programs,No,No,Yes,Yes,Yes,Yes,Yes,Yes,Yes,Yes,Yes,Yes,Yes,Yes,Yes,No,No,No,KG,12,Other,As reported,1
2023-2024,04,ARIZONA,AZ,Challenge School Inc. (6362),01,,AZ-6362,0400135,5801 W GREENBRIAR DR,,,GLENDALE,AZ,85308,3847,5801 W GREENBRIAR DR,,,GLENDALE,AZ,85308,3847,(602)938-5411,http://www.challengecharterschool.net/,1,Open,1,Open,07/30/2024,7,Independent charter district,No,CHRTIDEAESEA,LEA for federal programs,No,No,Yes,Yes,Yes,Yes,Yes,Yes,Yes,No,No,No,No,No,No,No,No,No,KG,06,Elementary,As reported,1
2023-2024,04,ARIZONA,AZ,Discovery Plus Academy (6357),01,,AZ-6357,0400141,PO BOX 1089,,,PIMA,AZ,85543,1089,852 W 250 N,,,PIMA,AZ,85543,9601,(928)485-2498,http://myweb.cableone.net/discplus1/,1,Open,1,Open,07/30/2024,7,Independent charter district,No,CHRTIDEAESEA,LEA for federal programs,No,No,Yes,Yes,Yes,Yes,Yes,Yes,No,No,No,No,No,No,No,No,Yes,No,KG,05,Elementary,As reported,1
2023-2024,04,ARIZONA,AZ,CPLC Community Schools (4300),01,,AZ-4300,0400144,715 West Mariposa Street,,,Phoenix,AZ,85013,,715 West Mariposa Street,,,Phoenix,AZ,85013,,(602)274-7318,http://www.flocrit.org/,1,Open,1,Open,07/30/2024,7,Independent charter district,No,CHRTIDEAESEA,LEA for federal programs,No,No,No,No,No,No,No,No,No,No,No,Yes,Yes,Yes,Yes,No,No,No,09,12,High,As reported,1
2023-2024,04,ARIZONA,AZ,Gem Charter School Inc. (6372),01,,AZ-6372,0400145,1704 N CENTER ST,,,MESA,AZ,85201,2223,1704 N CENTER ST,,,MESA,AZ,85201,2223,(480)599-0137,http://www.gemcharter.com,6,Inactive,6,Inactive,07/30/2024,7,Independent charter district,No,CHRTIDEAESEA,LEA for federal programs,Not reported,Not reported,Not reported,Not reported,Not reported,Not reported,Not reported,Not reported,Not reported,Not reported,Not reported,Not reported,Not reported,Not reported,Not reported,Not reported,Not reported,Not reported,M,M,Not reported,As reported,0
2023-2024,04,ARIZONA,AZ,Ha:san Educational Services (6369),01,,AZ-6369,0400147,1333 E 10TH ST,,,TUCSON,AZ,85719,5808,1333 E 10TH ST,,,TUCSON,AZ,85719,5808,(520)882-8826,http://www.hasanprep.org,1,Open,1,Open,07/30/2024,7,Independent charter district,No,CHRTIDEAESEA,LEA for federal programs,No,No,No,No,No,No,No,No,No,No,No,Yes,Yes,Yes,Yes,No,No,No,09,12,High,As reported,1
2023-2024,04,ARIZONA,AZ,Kaizen Education Foundation dba El Dorado High Sch (4342),01,,AZ-4342,0400149,6150 N 16TH ST STE A,,,PHOENIX,AZ,85016,1774,6150 N 16TH ST STE A,,,PHOENIX,AZ,85016,1774,(602)953-2933,http://www.edhswolverines.com/,1,Open,1,Open,07/30/2024,7,Independent charter district,No,CHRTIDEAESEA,LEA for federal programs,No,No,No,No,No,No,No,No,No,No,No,Yes,Yes,Yes,Yes,No,No,No,09,12,High,As reported,2
2023-2024,04,ARIZONA,AZ,Mexicayotl Academy Inc. (4463),01,,AZ-4463,0400150,850 N MORLEY AVE,,,NOGALES,AZ,85621,2924,850 N MORLEY AVE,,,NOGALES,AZ,85621,2924,(520)287-6790,,1,Open,1,Open,07/30/2024,7,Independent charter district,No,CHRTIDEAESEA,LEA for federal programs,No,No,Yes,Yes,Yes,Yes,Yes,Yes,Yes,Yes,Yes,No,No,No,No,No,No,No,KG,08,Elementary,As reported,2
2023-2024,04,ARIZONA,AZ,New Horizon School for the Performing Arts (4366),01,,AZ-4366,0400151,446 E BROADWAY RD,,,MESA,AZ,85204,2020,446 E BROADWAY RD,,,MESA,AZ,85204,2020,(605)697-5471,http://www.nhorizon.net,1,Open,1,Open,07/30/2024,7,Independent charter district,No,CHRTIDEAESEA,LEA for federal programs,No,No,Yes,Yes,Yes,Yes,Yes,Yes,Yes,No,No,No,No,No,No,No,No,No,KG,06,Elementary,As reported,1
2023-2024,04,ARIZONA,AZ,Phoenix School of Academic Excellence The (6379),01,,AZ-6379,0400153,5312 N 12TH ST STE 302,,,PHOENIX,AZ,85014,2926,5312 N 12TH ST STE 302,,,PHOENIX,AZ,85014,2926,(602)241-7876,http://www.phoenixschoolofacademicexcellence.com,1,Open,1,Open,07/30/2024,7,Independent charter district,No,CHRTIDEAESEA,LEA for federal programs,No,No,No,No,No,No,No,No,No,Yes,Yes,Yes,Yes,Yes,Yes,No,No,No,07,12,High,As reported,1
2023-2024,04,ARIZONA,AZ,Shonto Governing Board of Education Inc. (6353),01,,AZ-6353,0400154,PO BOX 7900,,,SHONTO,AZ,86054,7900,East Highway 160/98,,,Shonto,AZ,86054,,(928)672-3525,http://www.shontoprep.org,1,Open,1,Open,07/30/2024,7,Independent charter district,No,CHRTIDEAESEA,LEA for federal programs,No,No,No,No,No,No,No,No,No,No,No,Yes,Yes,Yes,Yes,No,No,No,09,12,High,As reported,1
2023-2024,04,ARIZONA,AZ,Edkey Inc. - Sequoia Choice Schools (4329),01,,AZ-4329,0400157,1460 S HORNE,,,MESA,AZ,85204,5760,1460 S HORNE,,,MESA,AZ,85204,5760,(480)461-3222,http://www.sequoiachoice.org/,1,Open,1,Open,07/30/2024,7,Independent charter district,No,CHRTIDEAESEA,LEA for federal programs,No,No,Yes,Yes,Yes,Yes,Yes,Yes,Yes,Yes,Yes,Yes,Yes,Yes,Yes,No,No,No,KG,12,Other,As reported,2
2023-2024,04,ARIZONA,AZ,Tucson Preparatory School (6374),01,,AZ-6374,0400159,104 E PRINCE RD,,,TUCSON,AZ,85705,3666,104 E PRINCE RD,,,TUCSON,AZ,85705,3666,(520)622-4185,http://www.tucsonprepschool.org,1,Open,1,Open,07/30/2024,7,Independent charter district,No,CHRTIDEAESEA,LEA for federal programs,No,No,No,No,No,No,No,No,No,No,No,Yes,Yes,Yes,Yes,No,No,No,09,12,High,As reported,1
2023-2024,04,ARIZONA,AZ,Vision Charter School Inc. (4430),01,,AZ-4430,0400160,PO BOX 23455,,,TUCSON,AZ,85734,3455,5901 South Calle Santa Cruz,,,Tucson,AZ,85709,,(520)444-0241,,6,Inactive,6,Inactive,07/30/2024,7,Independent charter district,No,CHRTIDEAESEA,LEA for federal programs,Not reported,Not reported,Not reported,Not reported,Not reported,Not reported,Not reported,Not reported,Not reported,Not reported,Not reported,Not reported,Not reported,Not reported,Not reported,Not reported,Not reported,Not reported,M,M,Not reported,As reported,0
2023-2024,04,ARIZONA,AZ,Coconino County Accommodation School District (10386),01,,AZ-10386,0400163,110 E CHERRY AVE,,,FLAGSTAFF,AZ,86001,4627,2384 N. Steves Blvd.,,,Flagstaff,AZ,86004,,(928)526-5570,http://www.ccasdaz.org/,1,Open,1,Open,07/30/2024,1,Regular public school district that is not a component of a supervisory union,No,NOTCHR,Not a charter district,No,No,Yes,Yes,Yes,Yes,Yes,Yes,Yes,Yes,Yes,Yes,Yes,Yes,Yes,No,No,No,KG,12,Other,As reported,3
2023-2024,04,ARIZONA,AZ,Keystone Montessori Charter School Inc. (10878),01,,AZ-10878,0400165,1025 E LIBERTY LN,,,PHOENIX,AZ,85048,8462,1025 E LIBERTY LN,,,PHOENIX,AZ,85048,8462,(480)460-7312,http://www.keystonemontessori.com/,1,Open,1,Open,07/30/2024,7,Independent charter district,No,CHRTIDEAESEA,LEA for federal programs,No,No,No,Yes,Yes,Yes,Yes,Yes,Yes,Yes,Yes,Yes,No,No,No,No,No,No,01,09,Other,As reported,1
2023-2024,04,ARIZONA,AZ,Greenlee Alternative School District (4226),01,,AZ-4226,0400178,PO BOX 1595,,,CLIFTON,AZ,85533,1595,247 N Coronado,,,Clifton,AZ,85533,,(928)865-2822,,6,Inactive,6,Inactive,07/30/2024,1,Regular public school district that is not a component of a supervisory union,No,NOTCHR,Not a charter district,Not reported,Not reported,Not reported,Not reported,Not reported,Not reported,Not reported,Not reported,Not reported,Not reported,Not reported,Not reported,Not reported,Not reported,Not reported,Not reported,Not reported,Not reported,M,M,Not reported,As reported,0
2023-2024,04,ARIZONA,AZ,Benchmark School Inc. (10972),01,,AZ-10972,0400181,4120 E ACOMA DR,,,PHOENIX,AZ,85032,4753,4120 E ACOMA DR,,,PHOENIX,AZ,85032,4753,(602)765-3582,http://www.benchmarkbobcats.org,1,Open,1,Open,07/30/2024,7,Independent charter district,No,CHRTIDEAESEA,LEA for federal programs,No,No,Yes,Yes,Yes,Yes,Yes,Yes,Yes,No,No,No,No,No,No,No,Yes,No,KG,06,Elementary,As reported,1
2023-2024,04,ARIZONA,AZ,Cambridge Academy  East  Inc (78888),01,,AZ-78888,0400182,9412 E BROWN RD,,,MESA,AZ,85207,4338,9412 E BROWN RD,,,MESA,AZ,85207,4338,(480)641-2828,http://cambridgeacademyaz.com/,1,Open,1,Open,07/30/2024,7,Independent charter district,No,CHRTIDEAESEA,LEA for federal programs,No,No,Yes,Yes,Yes,Yes,Yes,Yes,Yes,Yes,Yes,No,No,No,No,No,Yes,No,KG,08,Elementary,As reported,2
2023-2024,04,ARIZONA,AZ,Ball Charter Schools (Dobson) (79204),01,,AZ-79204,0400184,2207 N DOBSON RD,,,CHANDLER,AZ,85224,2282,2207 N DOBSON RD,,,CHANDLER,AZ,85224,2282,(480)855-6325,http://www.dobsonacademy.org,1,Open,1,Open,07/30/2024,7,Independent charter district,No,CHRTIDEAESEA,LEA for federal programs,No,No,Yes,Yes,Yes,Yes,Yes,Yes,Yes,Yes,Yes,No,No,No,No,No,No,No,KG,08,Elementary,As reported,1
2023-2024,04,ARIZONA,AZ,Pioneer Technology & Arts Academy of Arizona (4340),01,,AZ-4340,0400185,1903 E ROESER RD,,,PHOENIX,AZ,85040,3341,1903 E ROESER RD,,,PHOENIX,AZ,85040,3341,(602)305-8865,http://www.ptaaschoolaz.org/,1,Open,1,Open,07/30/2024,7,Independent charter district,No,CHRTNOTLEA,Not LEA for federal programs,No,No,Yes,Yes,Yes,Yes,Yes,Yes,Yes,Yes,Yes,No,No,No,No,No,No,No,KG,08,Elementary,As reported,1
2023-2024,04,ARIZONA,AZ,Stepping Stones Academy (10966),01,,AZ-10966,0400187,35812 N 7TH ST,,,PHOENIX,AZ,85086,7410,35812 N 7TH ST,,,PHOENIX,AZ,85086,7410,(623)465-4910,http://www.steppingstonesacademy.org,1,Open,1,Open,07/30/2024,7,Independent charter district,No,CHRTIDEAESEA,LEA for federal programs,No,No,Yes,Yes,Yes,Yes,Yes,Yes,Yes,Yes,Yes,No,No,No,No,No,No,No,KG,08,Elementary,As reported,1
2023-2024,04,ARIZONA,AZ,Liberty Traditional Charter School (10968),01,,AZ-10968,0400190,5704 E GRANT RD,,,TUCSON,AZ,85712,2235,4027 N 45TH AVE,,,PHOENIX,AZ,85031,2840,(602)442-8791,http://ltsarizona.org,1,Open,1,Open,07/30/2024,7,Independent charter district,No,CHRTIDEAESEA,LEA for federal programs,No,No,Yes,Yes,Yes,Yes,Yes,Yes,Yes,Yes,Yes,No,No,No,No,No,No,No,KG,08,Elementary,As reported,4
2023-2024,04,ARIZONA,AZ,Fit Kids Inc. dba Champion Schools (78783),01,,AZ-78783,0400191,7900 S JESSE OWENS PKWY,,,PHOENIX,AZ,85042,6523,7900 S JESSE OWENS PKWY,,,PHOENIX,AZ,85042,6523,(602)341-6527,http://www.championschools.org,1,Open,1,Open,07/30/2024,7,Independent charter district,No,CHRTIDEAESEA,LEA for federal programs,No,No,Yes,Yes,Yes,Yes,Yes,Yes,Yes,Yes,Yes,No,No,No,No,No,No,No,KG,08,Elementary,As reported,3
2023-2024,04,ARIZONA,AZ,Northern Arizona Vocational Institute of Technolog (78786),01,,AZ-78786,0400197,951 W SNOWFLAKE BLVD,,,SNOWFLAKE,AZ,85937,5048,951 W SNOWFLAKE BLVD,,,SNOWFLAKE,AZ,85937,5048,(928)536-6100,http://www.navitschool.org/,1,Open,1,Open,07/30/2024,9,Specialized public school district,No,NOTCHR,Not a charter district,No,No,No,No,No,No,No,No,Yes,Yes,Yes,Yes,Yes,Yes,Yes,No,No,No,06,12,High,As reported,19
2023-2024,04,ARIZONA,AZ,Pima County (4420),01,,AZ-4420,0400201,175 W IRVINGTON RD,,,TUCSON,AZ,85714,3050,175 W IRVINGTON RD,,,TUCSON,AZ,85714,3050,(520)724-9740,http://www.pimavocational.org,1,Open,1,Open,07/30/2024,7,Independent charter district,No,CHRTIDEAESEA,LEA for federal programs,No,No,No,No,No,No,No,No,No,No,No,Yes,Yes,Yes,Yes,No,No,No,09,12,High,As reported,1
2023-2024,04,ARIZONA,AZ,Academy of Tucson Inc. (78897),01,,AZ-78897,0400202,10720 E 22ND ST,,,TUCSON,AZ,85748,7029,10720 E 22ND ST,,,TUCSON,AZ,85748,7029,(520)733-0096,http://www.academyoftucson.com/,1,Open,1,Open,07/30/2024,7,Independent charter district,No,CHRTIDEAESEA,LEA for federal programs,No,No,Yes,Yes,Yes,Yes,Yes,Yes,Yes,Yes,Yes,Yes,Yes,Yes,Yes,No,No,No,KG,12,Other,As reported,3
2023-2024,04,ARIZONA,AZ,Mountain Rose Academy Inc. (10879),01,,AZ-10879,0400204,3686 W ORANGE GROVE RD STE 192,,,TUCSON,AZ,85741,2852,3686 W ORANGE GROVE RD STE 192,,,TUCSON,AZ,85741,2852,(520)797-4884,http://www.go2rose.com,1,Open,1,Open,07/30/2024,7,Independent charter district,No,CHRTNOTLEA,Not LEA for federal programs,No,No,No,No,No,No,No,No,No,No,No,Yes,Yes,Yes,Yes,No,No,No,09,12,High,As reported,1
2023-2024,04,ARIZONA,AZ,Great Expectations Academy (10974),01,,AZ-10974,0400205,1466 W CAMINO ANTIGUA,,,SAHUARITA,AZ,85629,9720,1466 W CAMINO ANTIGUA,,,SAHUARITA,AZ,85629,9720,(520)399-2121,http://www.geageckos.org/,1,Open,1,Open,07/30/2024,7,Independent charter district,No,CHRTIDEAESEA,LEA for federal programs,No,No,Yes,Yes,Yes,Yes,Yes,Yes,Yes,Yes,Yes,No,No,No,No,No,No,No,KG,08,Elementary,As reported,1
2023-2024,04,ARIZONA,AZ,Mountain Oak Charter School Inc. (78873),01,,AZ-78873,0400208,1455 WILLOW CREEK RD,,,PRESCOTT,AZ,86301,1438,1455 WILLOW CREEK RD,,,PRESCOTT,AZ,86301,1438,(928)541-7700,http://www.mountainoakschool.org,1,Open,1,Open,07/30/2024,7,Independent charter district,No,CHRTIDEAESEA,LEA for federal programs,No,No,Yes,Yes,Yes,Yes,Yes,Yes,Yes,Yes,Yes,No,No,No,No,No,No,No,KG,08,Elementary,As reported,1
2023-2024,04,ARIZONA,AZ,Park View School Inc. (10970),01,,AZ-10970,0400209,9030 E FLORENTINE RD,,,Prescott Valley,AZ,86314,8973,9030 E FLORENTINE RD,,,Prescott Valley,AZ,86314,8973,(928)775-5115,http://www.parkviewschool.org/,6,Inactive,6,Inactive,07/30/2024,7,Independent charter district,No,CHRTIDEAESEA,LEA for federal programs,Not reported,Not reported,Not reported,Not reported,Not reported,Not reported,Not reported,Not reported,Not reported,Not reported,Not reported,Not reported,Not reported,Not reported,Not reported,Not reported,Not reported,Not reported,M,M,Not reported,As reported,0
2023-2024,04,ARIZONA,AZ,Painted Pony Ranch Charter School (10967),01,,AZ-10967,0400210,2100 WILLOW CREEK RD,,,PRESCOTT,AZ,86301,5391,2100 WILLOW CREEK RD,,,PRESCOTT,AZ,86301,5391,(928)776-1212,http://www.willowcreekcharter.com,1,Open,1,Open,07/30/2024,7,Independent charter district,No,CHRTIDEAESEA,LEA for federal programs,No,No,Yes,Yes,Yes,Yes,Yes,Yes,Yes,Yes,Yes,No,No,No,No,No,No,No,KG,08,Elementary,As reported,1
2023-2024,04,ARIZONA,AZ,Mary Ellen Halvorson Educational Foundation. dba:  (10965),01,,AZ-10965,0400211,5522 SIDE RD,,,PRESCOTT,AZ,86301,8483,5522 SIDE RD,,,PRESCOTT,AZ,86301,8483,(928)777-0403,http://www.tricityprep.org,1,Open,1,Open,07/30/2024,7,Independent charter district,No,CHRTIDEAESEA,LEA for federal programs,No,No,No,No,No,No,No,Yes,Yes,Yes,Yes,Yes,Yes,Yes,Yes,No,No,No,05,12,High,As reported,1
2023-2024,04,ARIZONA,AZ,Benson Unified School District (79226),01,,AZ-79226,0400212,360 S PATAGONIA ST,,,BENSON,AZ,85602,6533,360 S PATAGONIA ST,,,BENSON,AZ,85602,6533,(520)720-6700,http://www.bensonsd.k12.az.us/,1,Open,1,Open,07/30/2024,1,Regular public school district that is not a component of a supervisory union,No,NOTCHR,Not a charter district,No,Yes,Yes,Yes,Yes,Yes,Yes,Yes,Yes,Yes,Yes,Yes,Yes,Yes,Yes,No,Yes,No,PK,12,Other,As reported,5
2023-2024,04,ARIZONA,AZ,Painted Desert Demonstration Projects Inc. (79086),01,,AZ-79086,0400213,145 LEUPP RD,,,FLAGSTAFF,AZ,86004,8501,145 LEUPP RD,,,FLAGSTAFF,AZ,86004,8501,(602)412-3533,,1,Open,1,Open,07/30/2024,7,Independent charter district,No,CHRTIDEAESEA,LEA for federal programs,No,No,Yes,Yes,Yes,Yes,Yes,Yes,Yes,Yes,Yes,No,No,No,No,No,No,No,KG,08,Elementary,As reported,1
2023-2024,04,ARIZONA,AZ,Little Lamb Community School (79050),01,,AZ-79050,0400217,12990 E SHEA BLVD,,,SCOTTSDALE,AZ,85259,5305,12990 E SHEA BLVD,,,SCOTTSDALE,AZ,85259,5305,(480)699-4950,http://www.missionmontessori.com,1,Open,1,Open,07/30/2024,7,Independent charter district,No,CHRTIDEAESEA,LEA for federal programs,No,No,Yes,Yes,Yes,Yes,Yes,Yes,Yes,Yes,Yes,No,No,No,No,No,No,No,KG,08,Elementary,As reported,1
2023-2024,04,ARIZONA,AZ,American Basic Schools LLC (79215),01,,AZ-79215,0400218,827 E 6TH AVE,,,MESA,AZ,85204,2603,827 E 6TH AVE,,,MESA,AZ,85204,2603,(480)964-4602,http://www.burkebasicschool.com,1,Open,1,Open,07/30/2024,7,Independent charter district,No,CHRTNOTLEA,Not LEA for federal programs,No,No,Yes,Yes,Yes,Yes,Yes,Yes,Yes,No,No,No,No,No,No,No,Yes,No,KG,06,Elementary,As reported,1
2023-2024,04,ARIZONA,AZ,Career Success Schools (79047),01,,AZ-79047,0400219,16004 N 36TH DR,,,PHOENIX,AZ,85053,3833,16004 N 36TH DR,,,PHOENIX,AZ,85053,3833,(602)285-5525,http://www.csschools.com,1,Open,1,Open,07/30/2024,7,Independent charter district,No,CHRTIDEAESEA,LEA for federal programs,No,No,Yes,Yes,Yes,Yes,Yes,Yes,Yes,Yes,Yes,Yes,Yes,Yes,Yes,No,No,No,KG,12,Other,As reported,4
2023-2024,04,ARIZONA,AZ,Kaizen Education Foundation dba South Pointe Eleme (79233),01,,AZ-79233,0400221,6150 N 16TH ST STE A,,,PHOENIX,AZ,85016,1774,6150 N 16TH ST STE A,,,PHOENIX,AZ,85016,1774,(602)953-2933,http://www.southpointeelem.com/,1,Open,1,Open,07/30/2024,7,Independent charter district,No,CHRTIDEAESEA,LEA for federal programs,No,No,Yes,Yes,Yes,Yes,Yes,Yes,Yes,No,No,No,No,No,No,No,No,No,KG,06,Elementary,As reported,1
2023-2024,04,ARIZONA,AZ,Daisy Education Corporation dba Sonoran Science Ac (79049),01,,AZ-79049,0400223,2975 W LINDA LN,,,CHANDLER,AZ,85224,7340,2325 W SUNSET RD,,,TUCSON,AZ,85741,3809,(520)665-3400,http://www.sonoranschools.org/tucson,1,Open,1,Open,07/30/2024,7,Independent charter district,No,CHRTIDEAESEA,LEA for federal programs,No,No,Yes,Yes,Yes,Yes,Yes,Yes,Yes,Yes,Yes,Yes,Yes,Yes,Yes,No,No,No,KG,12,Other,As reported,2
2023-2024,04,ARIZONA,AZ,Horizon Community Learning Center Inc. (79264),01,,AZ-79264,0400225,16233 S 48TH ST,,,PHOENIX,AZ,85048,0801,16233 S 48TH ST,,,PHOENIX,AZ,85048,0801,(480)659-3000,http://www.horizonhonors.org,1,Open,1,Open,07/30/2024,7,Independent charter district,No,CHRTIDEAESEA,LEA for federal programs,No,No,No,No,No,No,No,No,No,Yes,Yes,Yes,Yes,Yes,Yes,No,No,No,07,12,High,As reported,1
2023-2024,04,ARIZONA,AZ,Kaizen Education Foundation dba South Pointe Junio (78965),01,,AZ-78965,0400227,6150 N 16TH ST STE A,,,PHOENIX,AZ,85016,1774,6150 N 16TH ST STE A,,,PHOENIX,AZ,85016,1774,(602)953-2933,http://www.southpointejh.com/,1,Open,1,Open,07/30/2024,7,Independent charter district,No,CHRTIDEAESEA,LEA for federal programs,No,No,No,No,No,No,No,No,Yes,Yes,Yes,No,No,No,No,No,No,No,06,08,Middle,As reported,1
2023-2024,04,ARIZONA,AZ,Milestones Charter School (79207),01,,AZ-79207,0400229,4707 E DESERT CACTUS ST,,,PHOENIX,AZ,85032,9529,4707 E DESERT CACTUS ST,,,PHOENIX,AZ,85032,9529,(602)404-1009,http://www.mc.school/,1,Open,1,Open,07/30/2024,7,Independent charter district,No,CHRTIDEAESEA,LEA for federal programs,No,No,Yes,Yes,Yes,Yes,Yes,Yes,Yes,Yes,Yes,No,No,No,No,No,No,No,KG,08,Elementary,As reported,1
2023-2024,04,ARIZONA,AZ,Pathfinder Charter School Foundation (79024),01,,AZ-79024,0400230,18052 N BLACK CANYON HWY,,,PHOENIX,AZ,85053,1715,18052 N BLACK CANYON HWY,,,PHOENIX,AZ,85053,1715,(602)589-9840,http://cortezpark.org,1,Open,1,Open,07/30/2024,7,Independent charter district,No,CHRTIDEAESEA,LEA for federal programs,No,No,Yes,Yes,Yes,Yes,Yes,Yes,No,No,No,No,No,No,No,No,No,No,KG,05,Elementary,As reported,1
2023-2024,04,ARIZONA,AZ,James Madison Preparatory School (79063),01,,AZ-79063,0400231,5815 S MCCLINTOCK DR,,,TEMPE,AZ,85283,3227,5815 S MCCLINTOCK DR,,,TEMPE,AZ,85283,3227,(480)345-2306,http://www.madisonprep.org,1,Open,1,Open,07/30/2024,7,Independent charter district,No,CHRTIDEAESEA,LEA for federal programs,No,No,No,No,No,No,No,No,Yes,Yes,Yes,Yes,Yes,Yes,Yes,No,No,No,06,12,High,As reported,1
2023-2024,04,ARIZONA,AZ,Self Development Charter School (79072),01,,AZ-79072,0400232,1709 N GREENFIELD RD,,,MESA,AZ,85205,3103,1709 N GREENFIELD RD,,,MESA,AZ,85205,3103,(480)641-2640,http://www.selfdevelopmentcharterschool.com,1,Open,1,Open,07/30/2024,7,Independent charter district,No,CHRTNOTLEA,Not LEA for federal programs,No,No,Yes,Yes,Yes,Yes,Yes,Yes,Yes,Yes,Yes,No,No,No,No,No,No,No,KG,08,Elementary,As reported,2
2023-2024,04,ARIZONA,AZ,Excalibur Charter Schools Inc. (79214),01,,AZ-79214,0400235,1045 S SAN MARCOS DR,,,Apache Junction,AZ,85120,6337,1045 S SAN MARCOS DR,,,Apache Junction,AZ,85120,6337,(480)671-4584,http://www.excaliburschools.org,1,Open,1,Open,07/30/2024,7,Independent charter district,No,CHRTIDEAESEA,LEA for federal programs,No,No,Yes,Yes,Yes,Yes,Yes,Yes,Yes,Yes,Yes,No,No,No,No,No,No,No,KG,08,Elementary,As reported,1
2023-2024,04,ARIZONA,AZ,Paramount Education Studies Inc (79205),01,,AZ-79205,0400237,8987 W OLIVE AVE STE 117 PMB 9,,,PEORIA,AZ,85345,9126,11039 W OLIVE AVE,,,PEORIA,AZ,85345,9200,(623)977-0614,http://www.paramountacademy.com/,6,Inactive,6,Inactive,07/30/2024,7,Independent charter district,No,CHRTIDEAESEA,LEA for federal programs,Not reported,Not reported,Not reported,Not reported,Not reported,Not reported,Not reported,Not reported,Not reported,Not reported,Not reported,Not reported,Not reported,Not reported,Not reported,Not reported,Not reported,Not reported,M,M,Not reported,As reported,0
2023-2024,04,ARIZONA,AZ,Metropolitan Arts Institute Inc. (5181),01,,AZ-5181,0400238,1700 N 7th Ave,,,Phoenix,AZ,85007,,1700 N 7th Ave,,,Phoenix,AZ,85007,,(602)258-9500,http://www.metro-arts.org,1,Open,1,Open,07/30/2024,7,Independent charter district,No,CHRTIDEAESEA,LEA for federal programs,No,No,No,No,No,No,No,No,No,Yes,Yes,Yes,Yes,Yes,Yes,No,No,No,07,12,High,As reported,1
2023-2024,04,ARIZONA,AZ,P.L.C. Charter Schools (6235),01,,AZ-6235,0400239,2504 S 91ST AVE,,,TOLLESON,AZ,85353,8921,2504 S 91ST AVE,,,TOLLESON,AZ,85353,8921,(623)474-2120,http://www.plcaaem.org,1,Open,1,Open,07/30/2024,7,Independent charter district,No,CHRTIDEAESEA,LEA for federal programs,No,No,Yes,Yes,Yes,Yes,Yes,Yes,Yes,Yes,Yes,No,No,No,No,No,Yes,No,KG,08,Elementary,As reported,1
2023-2024,04,ARIZONA,AZ,Paragon Management Inc. (5180),01,,AZ-5180,0400241,12775 N 175TH AVE,,,SURPRISE,AZ,85388,5088,12775 N 175TH AVE,,,SURPRISE,AZ,85388,5088,(623)455-7400,http://www.paradiseschools.org,1,Open,1,Open,07/30/2024,7,Independent charter district,No,CHRTIDEAESEA,LEA for federal programs,No,No,Yes,Yes,Yes,Yes,Yes,Yes,Yes,Yes,Yes,Yes,Yes,Yes,Yes,No,No,No,KG,12,Other,As reported,2
2023-2024,04,ARIZONA,AZ,Skyline Schools Inc. (79084),01,,AZ-79084,0400243,2020 N Arizona Ave STE 109,,,Chandler,AZ,85225,,2020 N Arizona Ave STE 109,,,Chandler,AZ,85225,,(480)779-2010,http://www.skylineprephighschool.com/,1,Open,1,Open,07/30/2024,7,Independent charter district,No,CHRTIDEAESEA,LEA for federal programs,No,No,No,No,No,No,No,No,No,No,No,Yes,Yes,Yes,Yes,No,No,No,09,12,High,As reported,1
2023-2024,04,ARIZONA,AZ,Edkey Inc. dba Sequoia Charter School (6446),01,,AZ-6446,0400244,1460 S HORNE,,,MESA,AZ,85204,5760,1460 S HORNE,,,MESA,AZ,85204,5760,(480)461-3200,http://www.sequoiasecondary.org/,1,Open,1,Open,07/30/2024,7,Independent charter district,No,CHRTIDEAESEA,LEA for federal programs,No,No,Yes,Yes,Yes,Yes,Yes,Yes,Yes,Yes,Yes,Yes,Yes,Yes,Yes,No,No,No,KG,12,Other,As reported,1
2023-2024,04,ARIZONA,AZ,Edkey Inc. - Sequoia Village School (79211),01,,AZ-79211,0400246,1460 S HORNE,,,MESA,AZ,85204,5760,982 FULL HOUSE LN,,,SHOW LOW,AZ,85901,4042,(480)461-3200,http://www.sequoiaschools.org,1,Open,1,Open,07/30/2024,7,Independent charter district,No,CHRTIDEAESEA,LEA for federal programs,No,No,Yes,Yes,Yes,Yes,Yes,Yes,Yes,Yes,Yes,Yes,Yes,Yes,Yes,No,No,No,KG,12,Other,As reported,3
2023-2024,04,ARIZONA,AZ,Telesis Center for Learning Inc. (79218),01,,AZ-79218,0400248,2598 STARLITE LN,,,Lake Havasu City,AZ,86403,4946,2598 STARLITE LN,,,Lake Havasu City,AZ,86403,4946,(928)855-8661,http://www.telesis-academy.org,1,Open,1,Open,07/30/2024,7,Independent charter district,No,CHRTIDEAESEA,LEA for federal programs,No,No,Yes,Yes,Yes,Yes,Yes,Yes,Yes,Yes,Yes,Yes,Yes,Yes,Yes,No,No,No,KG,12,Other,As reported,2
2023-2024,04,ARIZONA,AZ,Southern Arizona Community Academy Inc. (79000),01,,AZ-79000,0400254,2470 N TUCSON BLVD,,,TUCSON,AZ,85716,2469,2470 N TUCSON BLVD,,,TUCSON,AZ,85716,2469,(520)319-6113,http://www.sacaeagles.com,1,Open,1,Open,07/30/2024,7,Independent charter district,No,CHRTNOTLEA,Not LEA for federal programs,No,No,No,No,No,No,No,No,No,No,No,Yes,Yes,Yes,Yes,No,No,No,09,12,High,As reported,2
2023-2024,04,ARIZONA,AZ,Tucson Country Day School Inc. (79073),01,,AZ-79073,0400255,9239 E WRIGHTSTOWN RD,,,TUCSON,AZ,85715,5514,9239 E WRIGHTSTOWN RD,,,TUCSON,AZ,85715,5514,(520)296-0883,http://www.TCDCharterSchool.com,1,Open,1,Open,07/30/2024,7,Independent charter district,No,CHRTIDEAESEA,LEA for federal programs,No,No,Yes,Yes,Yes,Yes,Yes,Yes,Yes,Yes,Yes,No,No,No,No,No,No,No,KG,08,Elementary,As reported,1
2023-2024,04,ARIZONA,AZ,Carden of Tucson Inc. (78858),01,,AZ-78858,0400258,5260 N ROYAL PALM DR,,,TUCSON,AZ,85705,1148,5260 N ROYAL PALM DR,,,TUCSON,AZ,85705,1148,(520)293-6661,,1,Open,1,Open,07/30/2024,7,Independent charter district,No,CHRTIDEAESEA,LEA for federal programs,No,No,Yes,Yes,Yes,Yes,Yes,Yes,Yes,Yes,Yes,No,No,No,No,No,Yes,No,KG,08,Elementary,As reported,1
2023-2024,04,ARIZONA,AZ,Southgate Academy Inc. (79085),01,,AZ-79085,0400259,7830 E WRIGHTSTOWN RD,,,TUCSON,AZ,85715,4339,850 W VALENCIA RD,,,TUCSON,AZ,85706,7619,(520)741-7900,http://www.southgateaz.org,1,Open,1,Open,07/30/2024,7,Independent charter district,No,CHRTIDEAESEA,LEA for federal programs,No,No,Yes,Yes,Yes,Yes,Yes,Yes,Yes,Yes,Yes,Yes,Yes,Yes,Yes,No,No,No,KG,12,Other,As reported,1
2023-2024,04,ARIZONA,AZ,Eastpointe High School Inc. (78833),01,,AZ-78833,0400261,8495 E BROADWAY BLVD,,,TUCSON,AZ,85710,4009,8495 E BROADWAY BLVD,,,TUCSON,AZ,85710,4009,(520)731-8180,http://www.eastpointehs.com,1,Open,1,Open,07/30/2024,7,Independent charter district,No,CHRTNOTLEA,Not LEA for federal programs,No,No,No,No,No,No,No,No,No,No,No,Yes,Yes,Yes,Yes,No,No,No,09,12,High,As reported,1
2023-2024,04,ARIZONA,AZ,Patagonia Montessori Elementary School (79069),01,,AZ-79069,0400263,PO BOX 628,,,PATAGONIA,AZ,85624,0628,500 N 3RD AVE,,,PATAGONIA,AZ,85624,,(520)394-9530,http://www.patagoniamontessori.org,1,Open,1,Open,07/30/2024,7,Independent charter district,No,CHRTIDEAESEA,LEA for federal programs,No,No,Yes,Yes,Yes,Yes,Yes,Yes,Yes,Yes,Yes,No,No,No,No,No,No,No,KG,08,Elementary,As reported,1
2023-2024,04,ARIZONA,AZ,Santa Cruz Valley Opportunities in Education Inc. (79066),01,,AZ-79066,0400264,PO BOX 4706,,,TUBAC,AZ,85646,4706,2875 E FRONTAGE RD,,,AMADO,AZ,85645,,(520)398-0536,http://www.montessoridesantacruz.org,1,Open,1,Open,07/30/2024,7,Independent charter district,No,CHRTIDEAESEA,LEA for federal programs,No,No,Yes,Yes,Yes,Yes,Yes,Yes,Yes,Yes,Yes,No,No,No,No,No,No,No,KG,08,Elementary,As reported,1
2023-2024,04,ARIZONA,AZ,PACE Preparatory Academy Inc. (79068),01,,AZ-79068,0400266,6711 E 2ND ST,,,PRESCOTT VLY,AZ,86314,2657,6711 E 2ND ST,,,PRESCOTT VLY,AZ,86314,2657,(928)775-9675,http://www.paceacademy.com,1,Open,1,Open,07/30/2024,7,Independent charter district,No,CHRTIDEAESEA,LEA for federal programs,No,No,No,No,No,No,No,No,No,No,No,Yes,Yes,Yes,Yes,No,No,No,09,12,High,As reported,1
2023-2024,04,ARIZONA,AZ,Kestrel Schools Inc. (79065),01,,AZ-79065,0400267,2150 E Southern Ave Suite 713,,,Tempe,AZ,85282,,2150 E Southern Ave Suite 713,,,Tempe,AZ,85282,,(480)621-5382,http://vpahighschool.com/,1,Open,1,Open,07/30/2024,7,Independent charter district,No,CHRTIDEAESEA,LEA for federal programs,No,No,No,No,No,No,No,No,No,No,No,Yes,Yes,Yes,Yes,No,No,No,09,12,High,As reported,1
2023-2024,04,ARIZONA,AZ,Juniper Tree Academy (79064),01,,AZ-79064,0400268,PO BOX 6502,,,YUMA,AZ,85366,2522,3777 W 16TH ST,,,YUMA,AZ,85364,4502,(928)817-8060,http://dva.dvsk12.com/,1,Open,1,Open,07/30/2024,7,Independent charter district,No,CHRTIDEAESEA,LEA for federal programs,No,No,Yes,Yes,Yes,Yes,Yes,Yes,Yes,No,No,No,No,No,No,No,No,No,KG,06,Elementary,As reported,1
2023-2024,04,ARIZONA,AZ,GAR LLC dba Student Choice High School (78997),01,,AZ-78997,0400273,1833 N SCOTTSDALE RD,,,TEMPE,AZ,85281,1563,1833 N SCOTTSDALE RD,,,TEMPE,AZ,85281,1563,(602)334-4104,http://www.studentchoicehighschool.com/,1,Open,1,Open,07/30/2024,7,Independent charter district,No,CHRTNOTLEA,Not LEA for federal programs,No,No,No,No,No,No,No,No,No,No,No,Yes,Yes,Yes,Yes,No,No,No,09,12,High,As reported,4
2023-2024,04,ARIZONA,AZ,AIBT Non-Profit Charter High School - Phoenix (79053),01,,AZ-79053,0400274,6201 N 35TH AVE STE B4,,,PHOENIX,AZ,85017,1413,6201 N 35TH AVE STE B4,,,PHOENIX,AZ,85017,1413,(602)973-6018,http://ccprephs.com/,1,Open,1,Open,07/30/2024,7,Independent charter district,No,CHRTIDEAESEA,LEA for federal programs,No,No,No,No,No,No,No,No,No,Yes,Yes,Yes,Yes,Yes,Yes,No,No,No,07,12,High,As reported,1
2023-2024,04,ARIZONA,AZ,Highland Free School (79061),01,,AZ-79061,0400275,510 S HIGHLAND AVE,,,TUCSON,AZ,85719,6427,510 S HIGHLAND AVE,,,TUCSON,AZ,85719,6427,(520)623-0104,http://highlandfreeschool.org/,1,Open,1,Open,07/30/2024,7,Independent charter district,No,CHRTIDEAESEA,LEA for federal programs,No,No,Yes,Yes,Yes,Yes,Yes,Yes,Yes,No,No,No,No,No,No,No,No,No,KG,06,Elementary,As reported,1
2023-2024,04,ARIZONA,AZ,Academy with Community Partners-Arizona Inc (79213),01,,AZ-79213,0400276,433 N HALL,,,MESA,AZ,85203,7407,433 N HALL,,,MESA,AZ,85203,7407,(480)833-0068,http://www.acpathope.org,1,Open,1,Open,07/30/2024,7,Independent charter district,No,CHRTIDEAESEA,LEA for federal programs,No,No,No,No,No,No,No,No,No,No,No,Yes,Yes,Yes,Yes,No,No,No,09,12,High,As reported,1
2023-2024,04,ARIZONA,AZ,Deer Valley Charter Schools Inc. (79496),01,,AZ-79496,0400278,3050 W AGUA FRIA FWY STE 250,,,PHOENIX,AZ,85027,7203,3050 W AGUA FRIA FWY STE 250,,,PHOENIX,AZ,85027,7203,(602)388-4444,http://www.deervalleyacademy.org,1,Open,1,Open,07/30/2024,7,Independent charter district,No,CHRTIDEAESEA,LEA for federal programs,No,No,No,No,No,No,No,No,No,No,No,Yes,Yes,Yes,Yes,No,No,No,09,12,High,As reported,1
2023-2024,04,ARIZONA,AZ,West Gilbert Charter Elementary School Inc. (79497),01,,AZ-79497,0400279,18052 N BLACK CANYON HWY,,,PHOENIX,AZ,85053,1715,18052 N BLACK CANYON HWY,,,PHOENIX,AZ,85053,1715,(480)855-2700,http://www.imaginebuckeye.org,1,Open,1,Open,07/30/2024,7,Independent charter district,No,CHRTIDEAESEA,LEA for federal programs,No,No,Yes,Yes,Yes,Yes,Yes,Yes,Yes,Yes,Yes,No,No,No,No,No,No,No,KG,08,Elementary,As reported,1
2023-2024,04,ARIZONA,AZ,Mohave Accelerated Learning Center (79498),01,,AZ-79498,0400280,PO BOX 21288,,,BULLHEAD CITY,AZ,86439,1288,625 MARINA BLVD,,,BULLHEAD CITY,AZ,86442,5414,(928)704-9345,http://www.mohavelearning.org,1,Open,1,Open,07/30/2024,7,Independent charter district,No,CHRTIDEAESEA,LEA for federal programs,No,No,No,No,No,No,No,No,Yes,Yes,Yes,Yes,Yes,Yes,Yes,No,No,No,06,12,High,As reported,1
2023-2024,04,ARIZONA,AZ,Masada Charter School Inc. (79499),01,,AZ-79499,0400281,PO BOX 2277,,,COLORADO CITY,AZ,86021,2277,365 West Cannon Avenue,,,Colorado City,AZ,86021,,(928)875-2525,http://www.masadaschool.org,1,Open,1,Open,07/30/2024,7,Independent charter district,No,CHRTIDEAESEA,LEA for federal programs,No,No,Yes,Yes,Yes,Yes,Yes,Yes,Yes,Yes,Yes,Yes,No,No,No,No,No,No,KG,09,Other,As reported,1
2023-2024,04,ARIZONA,AZ,Harvest Power Community Development Group Inc. (79501),01,,AZ-79501,0400282,PO BOX 6826,,,YUMA,AZ,85366,2539,1185 S 4TH AVE STE C,,,YUMA,AZ,85364,3858,(928)783-6266,http://www.harvestprep.com,1,Open,1,Open,07/30/2024,7,Independent charter district,No,CHRTIDEAESEA,LEA for federal programs,No,No,Yes,Yes,Yes,Yes,Yes,Yes,Yes,Yes,Yes,Yes,Yes,Yes,Yes,No,No,No,KG,12,Other,As reported,2
2023-2024,04,ARIZONA,AZ,Omega Alpha Academy (79503),01,,AZ-79503,0400284,1402 N SAN ANTONIO AVE,,,DOUGLAS,AZ,85607,2434,1402 N SAN ANTONIO AVE,,,DOUGLAS,AZ,85607,2434,(520)805-1261,http://www.oaa-k12.org,1,Open,1,Open,07/30/2024,7,Independent charter district,No,CHRTIDEAESEA,LEA for federal programs,No,No,Yes,Yes,Yes,Yes,Yes,Yes,Yes,Yes,Yes,Yes,Yes,Yes,Yes,No,No,No,KG,12,Other,As reported,1
2023-2024,04,ARIZONA,AZ,Premier Charter High School (79569),01,,AZ-79569,0400288,7544 W INDIAN SCHOOL RD STE A2,,,PHOENIX,AZ,85033,3038,7544 W INDIAN SCHOOL RD STE A2,,,PHOENIX,AZ,85033,3038,(623)245-1500,http://www.premierhighschool.com,1,Open,1,Open,07/30/2024,7,Independent charter district,No,CHRTIDEAESEA,LEA for federal programs,No,No,No,No,No,No,No,No,No,No,No,Yes,Yes,Yes,Yes,No,No,No,09,12,High,As reported,1
2023-2024,04,ARIZONA,AZ,Pan-American Elementary Charter (79578),01,,AZ-79578,0400290,3001 W. Indian School Rd.,,,Phoenix,AZ,85017,,3001 W. Indian School Rd.,,,Phoenix,AZ,85017,,(602)266-3989,,1,Open,1,Open,07/30/2024,7,Independent charter district,No,CHRTIDEAESEA,LEA for federal programs,No,No,Yes,Yes,Yes,Yes,Yes,Yes,Yes,Yes,Yes,Yes,Yes,Yes,Yes,No,No,No,KG,12,Other,As reported,1
2023-2024,04,ARIZONA,AZ,Kingman Unified School District (79598),01,,AZ-79598,0400295,3033 MCDONALD AVE,,,KINGMAN,AZ,86401,4235,3033 MCDONALD AVE,,,KINGMAN,AZ,86401,4235,(928)753-5678,http://www.kusd.org,1,Open,1,Open,07/30/2024,1,Regular public school district that is not a component of a supervisory union,No,NOTCHR,Not a charter district,No,Yes,Yes,Yes,Yes,Yes,Yes,Yes,Yes,Yes,Yes,Yes,Yes,Yes,Yes,No,Yes,No,PK,12,Other,As reported,14
2023-2024,04,ARIZONA,AZ,North Star Charter School Inc. (79701),01,,AZ-79701,0400303,10720 W. Indian School Road,,,Phoenix,AZ,85037,,10720 W. Indian School Road,,,Phoenix,AZ,85037,,(602)568-5565,,1,Open,1,Open,07/30/2024,7,Independent charter district,No,CHRTIDEAESEA,LEA for federal programs,No,No,No,No,No,No,No,No,No,No,No,Yes,Yes,Yes,Yes,No,No,No,09,12,High,As reported,1
2023-2024,04,ARIZONA,AZ,Calibre Academy (79055),01,,AZ-79055,0400310,4744 W GROVERS AVE,,,GLENDALE,AZ,85308,3453,4744 W GROVERS AVE,,,GLENDALE,AZ,85308,3453,(623)556-2179,http://www.calibreacademy.com,1,Open,1,Open,07/30/2024,7,Independent charter district,No,CHRTIDEAESEA,LEA for federal programs,No,No,Yes,Yes,Yes,Yes,Yes,Yes,Yes,Yes,Yes,No,No,No,No,No,No,No,KG,08,Elementary,As reported,1
2023-2024,04,ARIZONA,AZ,ThrivePoint High School Inc. (79059),01,,AZ-79059,0400311,4744 W GROVERS AVE,,,GLENDALE,AZ,85308,3453,4744 W GROVERS AVE,,,GLENDALE,AZ,85308,3453,(602)547-8806,http://www.e-institute.us,1,Open,1,Open,07/30/2024,7,Independent charter district,No,CHRTIDEAESEA,LEA for federal programs,No,No,No,No,No,No,No,No,No,No,No,Yes,Yes,Yes,Yes,No,No,No,09,12,High,As reported,7
2023-2024,04,ARIZONA,AZ,Yavapai Accommodation School District (79379),01,,AZ-79379,0400315,2972 CENTERPOINTE EAST DR,,,PRESCOTT,AZ,86301,8426,2972 CENTERPOINTE EAST DR,,,PRESCOTT,AZ,86301,8426,(928)759-8126,http://yavapaicountyhighschool.com/,1,Open,1,Open,07/30/2024,1,Regular public school district that is not a component of a supervisory union,No,NOTCHR,Not a charter district,No,No,No,No,No,No,No,No,No,No,No,Yes,Yes,Yes,Yes,No,No,No,09,12,High,As reported,2
2023-2024,04,ARIZONA,AZ,Cobre Valley Institute of Technology District (79391),01,,AZ-79391,0400316,PO BOX 176,,,SUPERIOR,AZ,85173,1302,1500 Panther Dr Bldg 3 Room,Bldg 3 Room 206,,Superior,AZ,85173,1302,(928)242-1907,http://www.cvit81.org/,1,Open,1,Open,07/30/2024,9,Specialized public school district,No,NOTCHR,Not a charter district,No,No,No,No,No,No,No,No,No,No,No,Yes,Yes,Yes,Yes,No,No,No,09,12,High,As reported,8
2023-2024,04,ARIZONA,AZ,Khalsa Family Services (79420),01,,AZ-79420,0400317,3701 E RIVER RD,,,TUCSON,AZ,85718,6633,3701 E RIVER RD,,,TUCSON,AZ,85718,6633,(520)529-3611,http://khalsamontessori.com,1,Open,1,Open,07/30/2024,7,Independent charter district,No,CHRTIDEAESEA,LEA for federal programs,No,No,Yes,Yes,Yes,Yes,Yes,Yes,Yes,Yes,Yes,No,No,No,No,No,No,No,KG,08,Elementary,As reported,1
2023-2024,04,ARIZONA,AZ,Aprender Tucson (79426),01,,AZ-79426,0400318,2701 S CAMPBELL AVE,,,TUCSON,AZ,85713,5080,2701 S CAMPBELL AVE,,,TUCSON,AZ,85713,5080,(520)623-7102,http://www.scstucson.org,1,Open,1,Open,07/30/2024,7,Independent charter district,No,CHRTIDEAESEA,LEA for federal programs,No,No,Yes,Yes,Yes,Yes,Yes,Yes,Yes,Yes,Yes,Yes,No,No,No,No,No,No,KG,09,Other,As reported,1
2023-2024,04,ARIZONA,AZ,Acorn Montessori Charter School (79437),01,,AZ-79437,0400320,8556 E LOOS DR,,,Prescott Valley,AZ,86314,6455,8556 E LOOS DR,,,Prescott Valley,AZ,86314,6455,(928)772-5778,http://www.acornmontessori.com,1,Open,1,Open,07/30/2024,7,Independent charter district,No,CHRTIDEAESEA,LEA for federal programs,No,No,Yes,Yes,Yes,Yes,Yes,Yes,Yes,Yes,Yes,No,No,No,No,No,No,No,KG,08,Elementary,As reported,2
2023-2024,04,ARIZONA,AZ,Pinnacle Education-WMCB Inc. (79439),01,,AZ-79439,0400321,810 S ALMA SCHOOL RD STE 2,,,MESA,AZ,85210,1091,1712 E GUADALUPE RD STE 101,,,TEMPE,AZ,85283,3983,(480)755-8222,http://www.pinnaclecharterschools.com/,1,Open,1,Open,07/30/2024,7,Independent charter district,No,CHRTNOTLEA,Not LEA for federal programs,No,No,No,No,No,No,No,No,No,No,No,Yes,Yes,Yes,Yes,No,No,No,09,12,High,As reported,2
2023-2024,04,ARIZONA,AZ,Desert Rose AcademyInc. (79441),01,,AZ-79441,0400322,326 W FORT LOWELL RD,,,TUCSON,AZ,85705,3816,326 W FORT LOWELL RD,,,TUCSON,AZ,85705,3816,(520)797-4884,http://www.go2rose.com,1,Open,1,Open,07/30/2024,7,Independent charter district,No,CHRTNOTLEA,Not LEA for federal programs,No,No,No,No,No,No,No,No,No,No,No,Yes,Yes,Yes,Yes,No,No,No,09,12,High,As reported,1
2023-2024,04,ARIZONA,AZ,Crown Charter School Inc (79443),01,,AZ-79443,0400323,PO BOX 363,,,Litchfield Park,AZ,85340,0363,12450 W MARYLAND AVE,,,Litchfield Park,AZ,85340,3700,(623)535-9300,,1,Open,1,Open,07/30/2024,7,Independent charter district,No,CHRTIDEAESEA,LEA for federal programs,No,No,Yes,Yes,Yes,Yes,Yes,Yes,Yes,No,No,No,No,No,No,No,No,No,KG,06,Elementary,As reported,1
2023-2024,04,ARIZONA,AZ,Success School (79453),01,,AZ-79453,0400326,PO BOX 1929,,,SURPRISE,AZ,85378,1929,16011 N DYSART RD,,,SURPRISE,AZ,85374,4062,(623)974-4959,http://www.azcharter.com,1,Open,1,Open,07/30/2024,7,Independent charter district,No,CHRTIDEAESEA,LEA for federal programs,No,No,Yes,Yes,Yes,Yes,Yes,Yes,Yes,Yes,Yes,Yes,Yes,Yes,Yes,No,Yes,No,KG,12,Other,As reported,1
2023-2024,04,ARIZONA,AZ,Pointe Schools (79455),01,,AZ-79455,0400327,10215 N 43RD AVE,,,PHOENIX,AZ,85051,1025,10215 N 43RD AVE,,,PHOENIX,AZ,85051,1025,(602)843-2014,http://www.pointeschools.org,6,Inactive,6,Inactive,07/30/2024,7,Independent charter district,No,CHRTIDEAESEA,LEA for federal programs,Not reported,Not reported,Not reported,Not reported,Not reported,Not reported,Not reported,Not reported,Not reported,Not reported,Not reported,Not reported,Not reported,Not reported,Not reported,Not reported,Not reported,Not reported,M,M,Not reported,As reported,0
2023-2024,04,ARIZONA,AZ,American Virtual Academy (79461),01,,AZ-79461,0400329,2471 N. Arizona Ave.,,,Chandler,AZ,85225,,2471 N. Arizona Ave.,,,Chandler,AZ,85225,,(480)456-6678,http://www.primaveraonline.com/,1,Open,1,Open,07/30/2024,7,Independent charter district,No,CHRTNOTLEA,Not LEA for federal programs,No,No,Yes,Yes,Yes,Yes,Yes,Yes,Yes,Yes,Yes,Yes,Yes,Yes,Yes,No,No,No,KG,12,Other,As reported,1
2023-2024,04,ARIZONA,AZ,Compass High School Inc. (79467),01,,AZ-79467,0400330,PO BOX 17810,,,TUCSON,AZ,85731,7810,8250 E 22ND ST # 128,,,TUCSON,AZ,85710,,(520)296-4070,http://www.compasshighschool.com,1,Open,1,Open,07/30/2024,7,Independent charter district,No,CHRTIDEAESEA,LEA for federal programs,No,No,No,No,No,No,No,No,No,No,No,Yes,Yes,Yes,Yes,No,No,No,09,12,High,As reported,1
2023-2024,04,ARIZONA,AZ,James Sandoval Preparatory High School (79475),01,,AZ-79475,0400332,5850 W Northview Ave,,,Glendale,AZ,85301,,5850 W Northview Ave,,,Glendale,AZ,85301,,(623)845-0781,http://crownpoinths.com/,1,Open,1,Open,07/30/2024,7,Independent charter district,No,CHRTIDEAESEA,LEA for federal programs,No,No,No,No,No,No,No,No,No,No,No,Yes,Yes,Yes,Yes,No,No,No,09,12,High,As reported,1
2023-2024,04,ARIZONA,AZ,Destiny School Inc. (6258),01,,AZ-6258,0400339,798 E PRICKLY PEAR DR,,,GLOBE,AZ,85501,2395,798 E PRICKLY PEAR DR,,,GLOBE,AZ,85501,2395,(928)425-0925,http://www.mydestinyschool.org,1,Open,1,Open,07/30/2024,7,Independent charter district,No,CHRTIDEAESEA,LEA for federal programs,No,No,Yes,Yes,Yes,Yes,Yes,Yes,Yes,Yes,Yes,No,No,No,No,No,No,No,KG,08,Elementary,As reported,1
2023-2024,04,ARIZONA,AZ,Noah Webster Schools - Mesa (10760),01,,AZ-10760,0400340,7301 E BASELINE RD,,,MESA,AZ,85209,4907,7301 E BASELINE RD,,,MESA,AZ,85209,4907,(480)986-2335,http://www.noahwebster.org,1,Open,1,Open,07/30/2024,7,Independent charter district,No,CHRTIDEAESEA,LEA for federal programs,No,No,Yes,Yes,Yes,Yes,Yes,Yes,Yes,No,No,No,No,No,No,No,No,No,KG,06,Elementary,As reported,1
2023-2024,04,ARIZONA,AZ,Valley Academy for Career and Technology Education (79397),01,,AZ-79397,0400341,830 S MAIN ST STE 2I,,,COTTONWOOD,AZ,86326,4622,830 S MAIN ST STE 2I,,,COTTONWOOD,AZ,86326,4622,(928)634-7131,http://vacte.com/,1,Open,1,Open,07/30/2024,9,Specialized public school district,No,NOTCHR,Not a charter district,No,No,No,No,No,No,No,No,No,No,No,Yes,Yes,Yes,Yes,No,No,No,09,12,High,As reported,7
2023-2024,04,ARIZONA,AZ,Griffin Foundation Inc. The (79500),01,,AZ-79500,0400343,1844 S ALVERNON WAY,,,TUCSON,AZ,85711,5607,1844 S ALVERNON WAY,,,TUCSON,AZ,85711,5607,(520)790-8400,http://www.griffinfoundation.org,1,Open,1,Open,07/30/2024,7,Independent charter district,No,CHRTIDEAESEA,LEA for federal programs,No,No,Yes,Yes,Yes,Yes,Yes,Yes,Yes,Yes,Yes,No,No,No,No,No,No,No,KG,08,Elementary,As reported,2
2023-2024,04,ARIZONA,AZ,Cochise Technology District (79403),01,,AZ-79403,0400345,6506 E MILLS MAERKER RD,,,WILLCOX,AZ,85643,4604,6506 E MILLS MAERKER RD,,,WILLCOX,AZ,85643,4604,(520)766-1999,http://www.cochisejted.org/,1,Open,1,Open,07/30/2024,9,Specialized public school district,No,NOTCHR,Not a charter district,No,No,No,No,No,No,No,No,No,No,No,Yes,Yes,Yes,Yes,No,No,No,09,12,High,As reported,13
2023-2024,04,ARIZONA,AZ,Coconino Association for Vocation Industry and Tec (79381),01,,AZ-79381,0400347,PO BOX 3940,,,PAGE,AZ,86040,3940,19 Poplar Street,,,Page,AZ,86040,,(928)645-2737,http://www.caviat.org/,1,Open,1,Open,07/30/2024,9,Specialized public school district,No,NOTCHR,Not a charter district,No,No,No,No,No,No,No,No,No,No,No,Yes,Yes,Yes,Yes,No,No,No,09,12,High,As reported,12
2023-2024,04,ARIZONA,AZ,Central Arizona Valley Institute of Technology (79385),01,,AZ-79385,0400348,1789 W COOLIDGE AVE,,,COOLIDGE,AZ,85128,9125,1789 W COOLIDGE AVE,,,COOLIDGE,AZ,85128,9125,(520)423-1944,http://www.cavitschools.org,1,Open,1,Open,07/30/2024,9,Specialized public school district,No,NOTCHR,Not a charter district,No,No,No,No,No,No,No,No,No,No,No,Yes,Yes,Yes,Yes,No,No,No,09,12,High,As reported,10
2023-2024,04,ARIZONA,AZ,Gila Institute for Technology (79387),01,,AZ-79387,0400349,3998 W BALLPARK ST,,,THATCHER,AZ,85552,5188,3998 W BALLPARK ST,,,THATCHER,AZ,85552,5188,(928)348-3393,http://www.gift-tech.org,1,Open,1,Open,07/30/2024,9,Specialized public school district,No,NOTCHR,Not a charter district,No,No,No,No,No,No,No,No,No,No,No,Yes,Yes,Yes,Yes,No,No,No,09,12,High,As reported,9
2023-2024,04,ARIZONA,AZ,PEAK School Inc. The (79866),01,,AZ-79866,0400350,2016 North First Street,A & B,,Flagstaff,AZ,86004,,2016 North First Street,A & B,,Flagstaff,AZ,86004,,(928)779-0771,http://www.peakschool.org,6,Inactive,6,Inactive,07/30/2024,7,Independent charter district,No,CHRTIDEAESEA,LEA for federal programs,Not reported,Not reported,Not reported,Not reported,Not reported,Not reported,Not reported,Not reported,Not reported,Not reported,Not reported,Not reported,Not reported,Not reported,Not reported,Not reported,Not reported,Not reported,M,M,Not reported,As reported,0
2023-2024,04,ARIZONA,AZ,Kaizen Education Foundation dba Vista Grove Prepar (79871),01,,AZ-79871,0400351,6150 N 16TH ST STE A,,,PHOENIX,AZ,85016,1774,6150 N 16TH ST STE A,,,PHOENIX,AZ,85016,1774,(602)953-2933,http://www.vistagroveprep.com/,1,Open,1,Open,07/30/2024,7,Independent charter district,No,CHRTIDEAESEA,LEA for federal programs,No,No,No,No,No,No,No,No,No,Yes,Yes,Yes,No,No,No,No,No,No,07,09,Middle,As reported,1
2023-2024,04,ARIZONA,AZ,American Charter Schools Foundation d.b.a. Estrell (79873),01,,AZ-79873,0400352,6150 N 16TH ST STE A,,,PHOENIX,AZ,85016,1774,6150 N 16TH ST STE A,,,PHOENIX,AZ,85016,1774,(602)953-2933,http://www.estrellahs.com/,1,Open,1,Open,07/30/2024,7,Independent charter district,No,CHRTIDEAESEA,LEA for federal programs,No,No,No,No,No,No,No,No,No,No,No,Yes,Yes,Yes,Yes,No,No,No,09,12,High,As reported,1
2023-2024,04,ARIZONA,AZ,American Charter Schools Foundation d.b.a. Peoria  (79875),01,,AZ-79875,0400353,6150 N 16TH ST STE A,,,PHOENIX,AZ,85016,1774,6150 N 16TH ST STE A,,,PHOENIX,AZ,85016,1774,(602)953-2933,http://www.peoriabulldogs.com/,1,Open,1,Open,07/30/2024,7,Independent charter district,No,CHRTIDEAESEA,LEA for federal programs,No,No,No,No,No,No,No,No,No,No,No,Yes,Yes,Yes,Yes,No,No,No,09,12,High,As reported,1
2023-2024,04,ARIZONA,AZ,American Charter Schools Foundation d.b.a. Sun Val (79877),01,,AZ-79877,0400354,6150 N 16TH ST STE A,,,PHOENIX,AZ,85016,1774,6150 N 16TH ST STE A,,,PHOENIX,AZ,85016,1774,(602)953-2933,http://www.sunvalleymesa.com/,1,Open,1,Open,07/30/2024,7,Independent charter district,No,CHRTIDEAESEA,LEA for federal programs,No,No,No,No,No,No,No,No,No,No,No,Yes,Yes,Yes,Yes,No,No,No,09,12,High,As reported,1
2023-2024,04,ARIZONA,AZ,American Charter Schools Foundation d.b.a. West Ph (79879),01,,AZ-79879,0400355,6150 N 16TH ST STE A,,,PHOENIX,AZ,85016,1774,6150 N 16TH ST STE A,,,PHOENIX,AZ,85016,1774,(602)953-2933,http://www.westphoenixhs.com/,1,Open,1,Open,07/30/2024,7,Independent charter district,No,CHRTIDEAESEA,LEA for federal programs,No,No,No,No,No,No,No,No,No,No,No,Yes,Yes,Yes,Yes,No,No,No,09,12,High,As reported,1
2023-2024,04,ARIZONA,AZ,Nosotros Inc (79881),01,,AZ-79881,0400356,440 N GRANDE AVE,,,TUCSON,AZ,85745,2703,440 N GRANDE AVE,,,TUCSON,AZ,85745,2703,(520)624-1023,http://www.nosotrosacademy.com/,1,Open,1,Open,07/30/2024,7,Independent charter district,No,CHRTIDEAESEA,LEA for federal programs,No,No,Yes,Yes,Yes,Yes,Yes,Yes,Yes,Yes,Yes,Yes,Yes,Yes,Yes,No,No,No,KG,12,Other,As reported,1
2023-2024,04,ARIZONA,AZ,American Charter Schools Foundation d.b.a. Apache  (79883),01,,AZ-79883,0400357,6150 N 16TH ST STE A,,,PHOENIX,AZ,85016,1774,6150 N 16TH ST STE A,,,PHOENIX,AZ,85016,1774,(602)953-2933,,1,Open,1,Open,07/30/2024,7,Independent charter district,No,CHRTIDEAESEA,LEA for federal programs,No,No,No,No,No,No,No,No,No,No,No,Yes,Yes,Yes,Yes,No,No,No,09,12,High,As reported,1
2023-2024,04,ARIZONA,AZ,Challenger Basic School Inc. (79886),01,,AZ-79886,0400359,4505 E FAIRFIELD ST,,,MESA,AZ,85205,5256,1315 N GREENFIELD RD,,,GILBERT,AZ,85234,2813,(480)830-1750,http://www.ChallengerBasic.com,1,Open,1,Open,07/30/2024,7,Independent charter district,No,CHRTIDEAESEA,LEA for federal programs,No,No,Yes,Yes,Yes,Yes,Yes,Yes,Yes,No,No,No,No,No,No,No,Yes,No,KG,06,Elementary,As reported,1
2023-2024,04,ARIZONA,AZ,Arizona Community Development Corporation (79947),01,,AZ-79947,0400361,5704 E GRANT RD,,,TUCSON,AZ,85712,2235,5704 E GRANT RD,,,TUCSON,AZ,85712,2235,(520)721-4205,http://lpatucson.org,1,Open,1,Open,07/30/2024,7,Independent charter district,No,CHRTIDEAESEA,LEA for federal programs,No,No,Yes,Yes,Yes,Yes,Yes,Yes,Yes,Yes,Yes,No,No,No,No,No,No,No,KG,08,Elementary,As reported,3
2023-2024,04,ARIZONA,AZ,SC Jensen Corporation Inc. dba Intelli-School (79951),01,,AZ-79951,0400363,2222 W NORTHERN AVE STE A110,,,PHOENIX,AZ,85021,5697,2222 W NORTHERN AVE STE A110,,,PHOENIX,AZ,85021,5697,(602)564-7380,http://www.intellischool.org,1,Open,1,Open,07/30/2024,7,Independent charter district,No,CHRTIDEAESEA,LEA for federal programs,No,No,No,No,No,No,No,No,No,No,No,Yes,Yes,Yes,Yes,No,No,No,09,12,High,As reported,2
2023-2024,04,ARIZONA,AZ,PAS Charter Inc. dba Intelli-School (79953),01,,AZ-79953,0400364,2222 W NORTHERN AVE STE A110,,,PHOENIX,AZ,85021,5697,2222 W NORTHERN AVE STE A110,,,PHOENIX,AZ,85021,5697,(602)564-7300,http://www.intellischool.org,1,Open,1,Open,07/30/2024,7,Independent charter district,No,CHRTIDEAESEA,LEA for federal programs,No,No,No,No,No,No,No,No,No,No,No,Yes,Yes,Yes,Yes,No,No,No,09,12,High,As reported,3
2023-2024,04,ARIZONA,AZ,Valley of the Sun Waldorf Education Association d (79957),01,,AZ-79957,0400366,6210 S 28TH ST,,,PHOENIX,AZ,85042,4715,6210 S 28TH ST,,,PHOENIX,AZ,85042,4715,(602)243-6909,,1,Open,1,Open,07/30/2024,7,Independent charter district,No,CHRTIDEAESEA,LEA for federal programs,No,No,Yes,Yes,Yes,Yes,Yes,Yes,Yes,Yes,Yes,Yes,Yes,Yes,Yes,No,No,No,KG,12,Other,As reported,1
2023-2024,04,ARIZONA,AZ,Pima Prevention Partnership dba Pima Partnership S (79959),01,,AZ-79959,0400367,924 N Alvernon Way,,,Tucson,AZ,85711,,924 N Alvernon Way,,,Tucson,AZ,85711,,(520)917-7880,http://www.partnershipschools.us/,1,Open,1,Open,07/30/2024,7,Independent charter district,No,CHRTIDEAESEA,LEA for federal programs,No,No,No,No,No,No,No,No,No,No,No,Yes,Yes,Yes,Yes,No,No,No,09,12,High,As reported,2
2023-2024,04,ARIZONA,AZ,Academy of Mathematics and Science Inc. (79961),01,,AZ-79961,0400368,1557 W PRINCE RD,,,TUCSON,AZ,85705,3023,1557 W PRINCE RD,,,TUCSON,AZ,85705,3023,(520)293-2676,http://www.amstucson.org,1,Open,1,Open,07/30/2024,7,Independent charter district,No,CHRTIDEAESEA,LEA for federal programs,No,No,Yes,Yes,Yes,Yes,Yes,Yes,Yes,Yes,Yes,Yes,Yes,Yes,Yes,No,No,No,KG,12,Other,As reported,1
2023-2024,04,ARIZONA,AZ,Midtown Primary School (79994),01,,AZ-79994,0400370,3823 N 11TH ST,,,PHOENIX,AZ,85014,5029,4735 N 19TH AVE,,,PHOENIX,AZ,85015,3725,(602)265-5133,http://www.midtownprimaryschool.org,1,Open,1,Open,07/30/2024,7,Independent charter district,No,CHRTIDEAESEA,LEA for federal programs,No,No,Yes,Yes,Yes,Yes,Yes,Yes,No,No,No,No,No,No,No,No,No,No,KG,05,Elementary,As reported,1
2023-2024,04,ARIZONA,AZ,Tucson International Academy Inc. (79979),01,,AZ-79979,0400373,2700 W BROADWAY BLVD,,,TUCSON,AZ,85745,1715,2700 W BROADWAY BLVD,,,TUCSON,AZ,85745,1715,(520)792-3255,,1,Open,1,Open,07/30/2024,7,Independent charter district,No,CHRTIDEAESEA,LEA for federal programs,No,No,Yes,Yes,Yes,Yes,Yes,Yes,Yes,Yes,Yes,Yes,Yes,Yes,Yes,No,No,No,KG,12,Other,As reported,4
2023-2024,04,ARIZONA,AZ,Bell Canyon Charter School Inc (79983),01,,AZ-79983,0400374,18052 N BLACK CANYON HWY,,,PHOENIX,AZ,85053,1715,18052 N BLACK CANYON HWY,,,PHOENIX,AZ,85053,1715,(602)547-7920,http://www.imaginebellcanyon.org/,1,Open,1,Open,07/30/2024,7,Independent charter district,No,CHRTIDEAESEA,LEA for federal programs,No,No,Yes,Yes,Yes,Yes,Yes,Yes,Yes,Yes,Yes,No,No,No,No,No,No,No,KG,08,Elementary,As reported,1
2023-2024,04,ARIZONA,AZ,Cortez Park Charter Middle School Inc. (79988),01,,AZ-79988,0400376,18052 N BLACK CANYON HWY,,,PHOENIX,AZ,85053,1715,18052 N BLACK CANYON HWY,,,PHOENIX,AZ,85053,1715,(602)589-9840,http://www.cortezpark.org/,1,Open,1,Open,07/30/2024,7,Independent charter district,No,CHRTIDEAESEA,LEA for federal programs,No,No,No,No,No,No,No,No,Yes,Yes,Yes,No,No,No,No,No,No,No,06,08,Middle,As reported,1
2023-2024,04,ARIZONA,AZ,West Gilbert Charter Middle School Inc. (79990),01,,AZ-79990,0400377,2400 S 247TH AVE,,,BUCKEYE,AZ,85326,9628,2400 S 247TH AVE,,,BUCKEYE,AZ,85326,9628,(480)855-2700,http://imaginewestgilbert.org/,1,Open,1,Open,07/30/2024,7,Independent charter district,No,CHRTIDEAESEA,LEA for federal programs,No,No,Yes,Yes,Yes,Yes,Yes,Yes,Yes,Yes,Yes,No,No,No,No,No,No,No,KG,08,Elementary,As reported,1
2023-2024,04,ARIZONA,AZ,Carpe Diem Collegiate High School (80001),01,,AZ-80001,0400381,PO BOX 6502,,,YUMA,AZ,85366,2522,899 Plaza Circle,,,Yuma,AZ,85364,,(928)817-8060,http://dvms.dvsk12.com/,1,Open,1,Open,07/30/2024,7,Independent charter district,No,CHRTIDEAESEA,LEA for federal programs,No,No,No,No,No,No,No,No,Yes,Yes,Yes,Yes,Yes,Yes,Yes,No,No,No,06,12,High,As reported,2
2023-2024,04,ARIZONA,AZ,CPLC Community Schools dba Toltecalli High School (80032),01,,AZ-80032,0400382,251 W IRVINGTON RD,,,TUCSON,AZ,85714,3054,200 N STONE AVE FL 3,,,TUCSON,AZ,85701,1208,(520)807-7923,http://www.cplccommunityschools.org,1,Open,1,Open,07/30/2024,7,Independent charter district,No,CHRTIDEAESEA,LEA for federal programs,No,No,No,No,No,No,No,No,No,No,No,Yes,Yes,Yes,Yes,No,No,No,09,12,High,As reported,1
2023-2024,04,ARIZONA,AZ,American Charter Schools Foundation d.b.a. Desert  (79872),01,,AZ-79872,0400384,6150 N 16TH ST STE A,,,PHOENIX,AZ,85016,1774,6150 N 16TH ST STE A,,,PHOENIX,AZ,85016,1774,(602)953-2933,http://www.deserthillshs.com/,1,Open,1,Open,07/30/2024,7,Independent charter district,No,CHRTIDEAESEA,LEA for federal programs,No,No,No,No,No,No,No,No,No,No,No,Yes,Yes,Yes,Yes,No,No,No,09,12,High,As reported,1
2023-2024,04,ARIZONA,AZ,American Charter Schools Foundation d.b.a. Crestvi (79874),01,,AZ-79874,0400385,6150 N 16TH ST STE A,,,PHOENIX,AZ,85016,1774,6150 N 16TH ST STE A,,,PHOENIX,AZ,85016,1774,(602)953-2933,http://www.crestviewpreparatory.com/,1,Open,1,Open,07/30/2024,7,Independent charter district,No,CHRTIDEAESEA,LEA for federal programs,No,No,No,No,No,No,No,No,No,Yes,Yes,Yes,Yes,Yes,Yes,No,No,No,07,12,High,As reported,1
2023-2024,04,ARIZONA,AZ,Kaizen Education Foundation dba Summit High School (79876),01,,AZ-79876,0400386,6150 N 16TH ST STE A,,,PHOENIX,AZ,85016,1774,6150 N 16TH ST STE A,,,PHOENIX,AZ,85016,1774,(602)953-2933,http://www.summiths.com/,1,Open,1,Open,07/30/2024,7,Independent charter district,No,CHRTIDEAESEA,LEA for federal programs,No,No,No,No,No,No,No,No,No,No,No,Yes,Yes,Yes,Yes,No,No,No,09,12,High,As reported,1
2023-2024,04,ARIZONA,AZ,Kaizen Education Foundation dba Tempe Accelerated  (79878),01,,AZ-79878,0400387,6150 N 16TH ST STE A,,,PHOENIX,AZ,85016,1774,6150 N 16TH ST STE A,,,PHOENIX,AZ,85016,1774,(602)953-2933,http://www.questhighschool.com/,1,Open,1,Open,07/30/2024,7,Independent charter district,No,CHRTIDEAESEA,LEA for federal programs,No,No,No,No,No,No,No,No,No,No,No,Yes,Yes,Yes,Yes,No,No,No,09,12,High,As reported,1
2023-2024,04,ARIZONA,AZ,Kaizen Education Foundation dba Skyview High Schoo (79880),01,,AZ-79880,0400388,6150 N 16TH ST STE A,,,PHOENIX,AZ,85016,1774,6150 N 16TH ST STE A,,,PHOENIX,AZ,85016,1774,(602)953-2933,http://www.skyviewhs.com/,1,Open,1,Open,07/30/2024,7,Independent charter district,No,CHRTIDEAESEA,LEA for federal programs,No,No,No,No,No,No,No,No,No,No,No,Yes,Yes,Yes,Yes,No,No,No,09,12,High,As reported,1
2023-2024,04,ARIZONA,AZ,Kaizen Education Foundation dba Maya High School (79882),01,,AZ-79882,0400389,6150 N 16TH ST STE A,,,PHOENIX,AZ,85016,1774,6150 N 16TH ST STE A,,,PHOENIX,AZ,85016,1774,(602)953-2933,http://www.mayahs.com,1,Open,1,Open,07/30/2024,7,Independent charter district,No,CHRTIDEAESEA,LEA for federal programs,No,No,No,No,No,No,No,No,No,No,No,Yes,Yes,Yes,Yes,No,No,No,09,12,High,As reported,1
2023-2024,04,ARIZONA,AZ,Camelback Education Inc (79905),01,,AZ-79905,0400390,7634 W CAMELBACK RD,,,GLENDALE,AZ,85303,5627,7634 W CAMELBACK RD,,,GLENDALE,AZ,85303,5627,(623)247-2204,,1,Open,1,Open,07/30/2024,7,Independent charter district,No,CHRTIDEAESEA,LEA for federal programs,No,No,Yes,Yes,Yes,Yes,Yes,Yes,Yes,Yes,Yes,No,No,No,No,No,No,No,KG,08,Elementary,As reported,1
2023-2024,04,ARIZONA,AZ,Vista Charter School (79907),01,,AZ-79907,0400391,7318 W LYNWOOD ST,,,PHOENIX,AZ,85035,4542,7318 W LYNWOOD ST,,,PHOENIX,AZ,85035,4542,(623)936-8682,http://precisionacademyschool.wordpress.com/,1,Open,1,Open,07/30/2024,7,Independent charter district,No,CHRTIDEAESEA,LEA for federal programs,No,No,No,No,No,No,No,No,No,No,No,Yes,Yes,Yes,Yes,No,No,No,09,12,High,As reported,1
2023-2024,04,ARIZONA,AZ,Avondale Learning dba Precision Academy (79929),01,,AZ-79929,0400394,7318 W LYNWOOD ST,,,PHOENIX,AZ,85035,4542,7318 W LYNWOOD ST,,,PHOENIX,AZ,85035,4542,(623)936-8682,http://precisionacademyschool.wordpress.com/,1,Open,1,Open,07/30/2024,7,Independent charter district,No,CHRTIDEAESEA,LEA for federal programs,No,No,No,No,No,No,No,No,No,No,No,Yes,Yes,Yes,Yes,No,No,No,09,12,High,As reported,1
2023-2024,04,ARIZONA,AZ,LEAD Charter Schools (79967),01,,AZ-79967,0400395,633 E RAY RD STE 132,,,GILBERT,AZ,85296,4206,633 E RAY RD STE 132,,,GILBERT,AZ,85296,4206,(480)633-0414,http://www.leadingedgeacademy.com/new/,1,Open,1,Open,07/30/2024,7,Independent charter district,No,CHRTIDEAESEA,LEA for federal programs,No,No,Yes,Yes,Yes,Yes,Yes,Yes,Yes,Yes,Yes,Yes,Yes,Yes,Yes,No,No,No,KG,12,Other,As reported,4
2023-2024,04,ARIZONA,AZ,All Aboard Charter School (79969),01,,AZ-79969,0400396,5827 N 35TH AVE,,,PHOENIX,AZ,85017,1915,5827 N 35TH AVE,,,PHOENIX,AZ,85017,1915,(602)433-0500,http://allaboardcharter.com,6,Inactive,6,Inactive,07/30/2024,7,Independent charter district,No,CHRTIDEAESEA,LEA for federal programs,Not reported,Not reported,Not reported,Not reported,Not reported,Not reported,Not reported,Not reported,Not reported,Not reported,Not reported,Not reported,Not reported,Not reported,Not reported,Not reported,Not reported,Not reported,M,M,Not reported,As reported,0
2023-2024,04,ARIZONA,AZ,CAFA Inc. dba Learning Foundation Performing Arts (79971),01,,AZ-79971,0400397,1120 S GILBERT RD STE 112 BLDG,,,GILBERT,AZ,85296,3465,1120 S GILBERT RD STE 112 BLDG,,,GILBERT,AZ,85296,3465,(480)635-1900,http://www.lfapa.com,1,Open,1,Open,07/30/2024,7,Independent charter district,No,CHRTIDEAESEA,LEA for federal programs,No,No,Yes,Yes,Yes,Yes,Yes,Yes,Yes,Yes,Yes,Yes,Yes,Yes,Yes,No,No,No,KG,12,Other,As reported,1
2023-2024,04,ARIZONA,AZ,Montessori Academy Inc. (80011),01,,AZ-80011,0400399,6050 N INVERGORDON RD,,,Paradise Valley,AZ,85253,5248,6050 N INVERGORDON RD,,,Paradise Valley,AZ,85253,5248,(480)945-1121,http://www.azma.academy,1,Open,1,Open,07/30/2024,7,Independent charter district,No,CHRTIDEAESEA,LEA for federal programs,No,No,Yes,Yes,Yes,Yes,Yes,Yes,Yes,Yes,Yes,No,No,No,No,No,No,No,KG,08,Elementary,As reported,1
2023-2024,04,ARIZONA,AZ,New World Educational Center (78882),01,,AZ-78882,0400401,5818 N 7TH ST,,,PHOENIX,AZ,85014,5806,5818 N 7TH ST,,,PHOENIX,AZ,85014,5806,(602)238-9577,http://www.nweccharter.com,1,Open,1,Open,07/30/2024,7,Independent charter district,No,CHRTIDEAESEA,LEA for federal programs,No,No,Yes,Yes,Yes,Yes,Yes,Yes,Yes,Yes,Yes,Yes,Yes,Yes,Yes,No,No,No,KG,12,Other,As reported,1
2023-2024,04,ARIZONA,AZ,Cholla Academy (5186),01,,AZ-5186,0400402,4141 N 67TH AVE,,,PHOENIX,AZ,85033,3314,4141 N 67TH AVE,,,PHOENIX,AZ,85033,3314,(623)247-6456,,1,Open,1,Open,07/30/2024,7,Independent charter district,No,CHRTIDEAESEA,LEA for federal programs,No,No,Yes,Yes,Yes,Yes,Yes,Yes,Yes,Yes,Yes,Yes,Yes,Yes,Yes,No,No,No,KG,12,Other,As reported,2
2023-2024,04,ARIZONA,AZ,Akimel O Otham Pee Posh Charter School Inc. (5978),01,,AZ-5978,0400403,3652 E BLACKWATER SCHOOL RD,,,COOLIDGE,AZ,85128,6609,3652 E BLACKWATER SCHOOL RD,,,COOLIDGE,AZ,85128,6609,(520)215-5859,http://www.bwcs.k12.az.us,1,Open,1,Open,07/30/2024,7,Independent charter district,No,CHRTIDEAESEA,LEA for federal programs,No,No,Yes,Yes,Yes,No,No,No,No,No,No,No,No,No,No,No,No,No,KG,02,Elementary,As reported,1
2023-2024,04,ARIZONA,AZ,Akimel O'Otham Pee Posh Charter School Inc. (78966),01,,AZ-78966,0400404,3652 E BLACKWATER SCHOOL RD,,,COOLIDGE,AZ,85128,6609,3652 E BLACKWATER SCHOOL RD,,,COOLIDGE,AZ,85128,6609,(520)215-5859,http://www.bwcs.k12.az.us,1,Open,1,Open,07/30/2024,7,Independent charter district,No,CHRTIDEAESEA,LEA for federal programs,No,No,No,No,No,Yes,Yes,Yes,No,No,No,No,No,No,No,No,No,No,03,05,Elementary,As reported,1
2023-2024,04,ARIZONA,AZ,Cornerstone Charter SchoolInc (79077),01,,AZ-79077,0400405,7107 N BLACK CANYON HWY,,,PHOENIX,AZ,85021,7619,7107 N BLACK CANYON HWY,,,PHOENIX,AZ,85021,7619,(602)595-2198,http://www.cornerstonehs.org,1,Open,1,Open,07/30/2024,7,Independent charter district,No,CHRTIDEAESEA,LEA for federal programs,No,No,No,No,No,No,No,No,No,No,No,Yes,Yes,Yes,Yes,No,No,No,09,12,High,As reported,1
2023-2024,04,ARIZONA,AZ,Happy Valley School Inc. (79081),01,,AZ-79081,0400406,827 E 6TH AVE,,,MESA,AZ,85204,2603,827 E 6TH AVE,,,MESA,AZ,85204,2603,(623)376-2900,http://www.happyvalleyschool.org,1,Open,1,Open,07/30/2024,7,Independent charter district,No,CHRTIDEAESEA,LEA for federal programs,No,No,Yes,Yes,Yes,Yes,Yes,Yes,Yes,Yes,Yes,No,No,No,No,No,No,No,KG,08,Elementary,As reported,1
2023-2024,04,ARIZONA,AZ,CITY Center for Collaborative Learning (85448),01,,AZ-85448,0400407,47 E PENNINGTON ST,,,TUCSON,AZ,85701,1533,47 E PENNINGTON ST,,,TUCSON,AZ,85701,1533,(520)623-7223,http://cityhighschool.org,1,Open,1,Open,07/30/2024,7,Independent charter district,No,CHRTIDEAESEA,LEA for federal programs,No,No,No,No,No,No,No,No,Yes,Yes,Yes,Yes,Yes,Yes,Yes,No,No,No,06,12,High,As reported,3
2023-2024,04,ARIZONA,AZ,Satori Inc. (85454),01,,AZ-85454,0400409,3727 N 1ST AVE,,,TUCSON,AZ,85719,1609,3727 N 1ST AVE,,,TUCSON,AZ,85719,1609,(520)293-7555,http://www.satorischool.org,1,Open,1,Open,07/30/2024,7,Independent charter district,No,CHRTIDEAESEA,LEA for federal programs,No,No,No,No,Yes,Yes,Yes,Yes,Yes,Yes,Yes,No,No,No,No,No,No,No,02,08,Middle,As reported,1
2023-2024,04,ARIZONA,AZ,Mohave Accelerated Elementary School Inc. (85516),01,,AZ-85516,0400413,625 MARINA BLVD,,,BULLHEAD CITY,AZ,86442,5414,625 MARINA BLVD,,,BULLHEAD CITY,AZ,86442,5414,(928)704-9345,http://www.mohavelearning.org,1,Open,1,Open,07/30/2024,7,Independent charter district,No,CHRTIDEAESEA,LEA for federal programs,No,No,Yes,Yes,Yes,Yes,Yes,Yes,No,No,No,No,No,No,No,No,No,No,KG,05,Elementary,As reported,2
2023-2024,04,ARIZONA,AZ,Academy of Building Industries Inc. (85540),01,,AZ-85540,0400414,1547 E LIPAN BLVD,,,FORT MOHAVE,AZ,86426,6031,1547 E LIPAN BLVD,,,FORT MOHAVE,AZ,86426,6031,(928)788-2601,http://www.aobihs.com/,1,Open,1,Open,07/30/2024,7,Independent charter district,No,CHRTIDEAESEA,LEA for federal programs,No,No,No,No,No,No,No,No,No,No,No,Yes,Yes,Yes,Yes,No,No,No,09,12,High,As reported,1
2023-2024,04,ARIZONA,AZ,Edkey Inc. (85749),01,,AZ-85749,0400415,2045 W NORTHERN AVE,,,PHOENIX,AZ,85021,5157,2045 W NORTHERN AVE,,,PHOENIX,AZ,85021,5157,(623)551-5083,http://caurusacademy.org,1,Open,1,Open,07/30/2024,7,Independent charter district,No,CHRTIDEAESEA,LEA for federal programs,No,No,Yes,Yes,Yes,Yes,Yes,Yes,Yes,Yes,Yes,Yes,Yes,Yes,Yes,No,No,No,KG,12,Other,As reported,1
2023-2024,04,ARIZONA,AZ,StarShine Academy (85807),01,,AZ-85807,0400416,3535 E MCDOWELL RD,,,PHOENIX,AZ,85008,3847,3535 E MCDOWELL RD,,,PHOENIX,AZ,85008,3847,(602)957-9557,http://www.starshineacademy.org,6,Inactive,6,Inactive,07/30/2024,7,Independent charter district,No,CHRTIDEAESEA,LEA for federal programs,Not reported,Not reported,Not reported,Not reported,Not reported,Not reported,Not reported,Not reported,Not reported,Not reported,Not reported,Not reported,Not reported,Not reported,Not reported,Not reported,Not reported,Not reported,M,M,Not reported,As reported,0
2023-2024,04,ARIZONA,AZ,Arizona Agribusiness & Equine Center Inc. (85816),01,,AZ-85816,0400417,315 E MULBERRY DR,,,PHOENIX,AZ,85012,2307,2002 E BASELINE RD,,,PHOENIX,AZ,85042,6906,(602)297-8500,http://www.aaechighschools.com,1,Open,1,Open,07/30/2024,7,Independent charter district,No,CHRTIDEAESEA,LEA for federal programs,No,No,No,No,No,No,No,No,No,No,No,Yes,Yes,Yes,Yes,No,No,No,09,12,High,As reported,1
2023-2024,04,ARIZONA,AZ,Gila County Regional School District (87600),01,,AZ-87600,0400419,PO BOX 2750,,,GLOBE,AZ,85502,2750,439 S FOURTH ST,,,GLOBE,AZ,85501,1817,(928)402-8784,,1,Open,1,Open,07/30/2024,1,Regular public school district that is not a component of a supervisory union,No,NOTCHR,Not a charter district,No,No,No,No,No,Yes,Yes,Yes,Yes,Yes,Yes,Yes,Yes,Yes,Yes,No,No,No,03,12,Other,As reported,1
2023-2024,04,ARIZONA,AZ,Pillar Charter School (87334),01,,AZ-87334,0400420,8433 N BLACK CANYON HWY STE 16,,,PHOENIX,AZ,85021,4861,8433 N BLACK CANYON HWY STE 16,,,PHOENIX,AZ,85021,4861,(888)430-7701,http://www.pillaracademy.com,1,Open,1,Open,07/30/2024,7,Independent charter district,No,CHRTIDEAESEA,LEA for federal programs,No,No,No,No,No,No,No,No,No,No,No,Yes,Yes,Yes,Yes,No,No,No,09,12,High,As reported,1
2023-2024,04,ARIZONA,AZ,Legacy Education Group (87349),01,,AZ-87349,0400423,7420 E MAIN ST,,,MESA,AZ,85207,8306,7420 E MAIN ST,,,MESA,AZ,85207,8306,(480)981-2008,http://evhigh.org,1,Open,1,Open,07/30/2024,7,Independent charter district,No,CHRTIDEAESEA,LEA for federal programs,No,No,No,No,No,No,No,No,No,No,No,Yes,Yes,Yes,Yes,No,No,No,09,12,High,As reported,1
2023-2024,04,ARIZONA,AZ,Rosefield Charter Elementary School Inc. (87399),01,,AZ-87399,0400424,18052 N BLACK CANYON HWY,,,PHOENIX,AZ,85053,1715,18052 N BLACK CANYON HWY,,,PHOENIX,AZ,85053,1715,(623)344-4300,http://www.imaginerosefield.org/,1,Open,1,Open,07/30/2024,7,Independent charter district,No,CHRTIDEAESEA,LEA for federal programs,No,No,Yes,Yes,Yes,Yes,Yes,Yes,No,No,No,No,No,No,No,No,No,No,KG,05,Elementary,As reported,1
2023-2024,04,ARIZONA,AZ,East Mesa Charter Elementary School Inc. (87401),01,,AZ-87401,0400425,18052 N BLACK CANYON HWY,,,PHOENIX,AZ,85053,1715,18052 N BLACK CANYON HWY,,,PHOENIX,AZ,85053,1715,(480)355-6830,http://imagineeastmesa.org/,1,Open,1,Open,07/30/2024,7,Independent charter district,No,CHRTIDEAESEA,LEA for federal programs,No,No,Yes,Yes,Yes,Yes,Yes,Yes,Yes,No,No,No,No,No,No,No,No,No,KG,06,Elementary,As reported,1
2023-2024,04,ARIZONA,AZ,Arizona Connections Academy Charter School Inc. (87407),01,,AZ-87407,0400427,335 E GERMANN RD STE 140,,,GILBERT,AZ,85297,2920,335 E GERMANN RD STE 140,,,GILBERT,AZ,85297,2920,(480)782-5842,http://www.ConnectionsAcademy.com/ACA,1,Open,1,Open,07/30/2024,7,Independent charter district,No,CHRTIDEAESEA,LEA for federal programs,No,No,Yes,Yes,Yes,Yes,Yes,Yes,Yes,Yes,Yes,Yes,Yes,Yes,Yes,No,No,No,KG,12,Other,As reported,1
2023-2024,04,ARIZONA,AZ,Country Gardens Charter Schools (79074),01,,AZ-79074,0400429,6307 W ALTA VISTA RD,,,LAVEEN,AZ,85339,9612,6313 W SOUTHERN AVE,,,LAVEEN,AZ,85339,2916,(623)900-2230,http://www.cgcsaz.com,1,Open,1,Open,07/30/2024,7,Independent charter district,No,CHRTIDEAESEA,LEA for federal programs,No,No,Yes,Yes,Yes,Yes,Yes,Yes,Yes,Yes,Yes,Yes,Yes,Yes,Yes,No,No,No,KG,12,Other,As reported,1
2023-2024,04,ARIZONA,AZ,Portable Practical Educational Preparation Inc. ( (87405),01,,AZ-87405,0400432,99 E VIRGINIA AVE STE 200,,,PHOENIX,AZ,85004,1195,99 E VIRGINIA AVE STE 200,,,PHOENIX,AZ,85004,1195,(602)476-1320,http://www.azva.org/,1,Open,1,Open,07/30/2024,7,Independent charter district,No,CHRTIDEAESEA,LEA for federal programs,No,No,Yes,Yes,Yes,Yes,Yes,Yes,Yes,Yes,Yes,Yes,Yes,Yes,Yes,No,No,No,KG,12,Other,As reported,2
2023-2024,04,ARIZONA,AZ,Santa Cruz County Regional School District (85848),01,,AZ-85848,0400434,2935 N GRAND AVE,,,NOGALES,AZ,85621,3946,2935 N GRAND AVE,,,NOGALES,AZ,85621,3946,(520)281-9179,,6,Inactive,6,Inactive,07/30/2024,1,Regular public school district that is not a component of a supervisory union,No,NOTCHR,Not a charter district,Not reported,Not reported,Not reported,Not reported,Not reported,Not reported,Not reported,Not reported,Not reported,Not reported,Not reported,Not reported,Not reported,Not reported,Not reported,Not reported,Not reported,Not reported,M,M,Not reported,As reported,0
2023-2024,04,ARIZONA,AZ,Imagine Charter Elementary at Desert West Inc. (88367),01,,AZ-88367,0400438,18052 N BLACK CANYON HWY,,,PHOENIX,AZ,85053,1715,18052 N BLACK CANYON HWY,,,PHOENIX,AZ,85053,1715,(623)344-7150,http://elem.dwdragons.org,1,Open,1,Open,07/30/2024,7,Independent charter district,No,CHRTIDEAESEA,LEA for federal programs,No,No,Yes,Yes,Yes,Yes,Yes,Yes,No,No,No,No,No,No,No,No,No,No,KG,05,Elementary,As reported,1
2023-2024,04,ARIZONA,AZ,Desert Star Community School Inc. (88321),01,,AZ-88321,0400439,1240 S RECYCLER RD,,,CORNVILLE,AZ,86325,5224,1240 S RECYCLER RD,,,CORNVILLE,AZ,86325,5224,(928)282-0171,http://www.desertstarschool.org/,1,Open,1,Open,07/30/2024,7,Independent charter district,No,CHRTIDEAESEA,LEA for federal programs,No,No,Yes,Yes,Yes,Yes,Yes,Yes,Yes,Yes,Yes,No,No,No,No,No,No,No,KG,08,Elementary,As reported,1
2023-2024,04,ARIZONA,AZ,Chandler Preparatory Academy (88299),01,,AZ-88299,0400440,4801 E WASHINGTON ST STE 250,,,PHOENIX,AZ,85034,2025,4801 E WASHINGTON ST STE 250,,,PHOENIX,AZ,85034,2025,(602)438-7045,http://chandlerprep.greatheartsamerica.org/,1,Open,1,Open,07/30/2024,7,Independent charter district,No,CHRTIDEAESEA,LEA for federal programs,No,No,No,No,No,No,No,No,Yes,Yes,Yes,Yes,Yes,Yes,Yes,No,No,No,06,12,High,As reported,1
2023-2024,04,ARIZONA,AZ,Imagine Middle at Surprise Inc. (88372),01,,AZ-88372,0400441,14850 N 156TH AVE,,,SURPRISE,AZ,85379,5653,18052 N BLACK CANYON HWY,,,PHOENIX,AZ,85053,1715,(623)344-1770,http://surpriseprep.org/,1,Open,1,Open,07/30/2024,7,Independent charter district,No,CHRTIDEAESEA,LEA for federal programs,No,No,No,No,No,No,No,No,Yes,Yes,Yes,No,No,No,No,No,No,No,06,08,Middle,As reported,1
2023-2024,04,ARIZONA,AZ,Imagine Middle at East Mesa Inc. (88369),01,,AZ-88369,0400442,18052 N BLACK CANYON HWY,,,PHOENIX,AZ,85053,1715,18052 N BLACK CANYON HWY,,,PHOENIX,AZ,85053,1715,(480)355-6830,http://imagineeastmesa.org/,1,Open,1,Open,07/30/2024,7,Independent charter district,No,CHRTIDEAESEA,LEA for federal programs,No,No,No,No,No,No,No,No,No,Yes,Yes,No,No,No,No,No,No,No,07,08,Middle,As reported,1
2023-2024,04,ARIZONA,AZ,Prescott Valley Charter School (88317),01,,AZ-88317,0400444,PO BOX 27348,,,Prescott Valley,AZ,86312,7348,9500 E LORNA LN,,,Prescott Valley,AZ,86314,2324,(928)772-8744,http://www.pvschool.com,1,Open,1,Open,07/30/2024,7,Independent charter district,No,CHRTIDEAESEA,LEA for federal programs,No,No,Yes,Yes,Yes,Yes,Yes,Yes,Yes,Yes,Yes,Yes,Yes,Yes,Yes,No,Yes,No,KG,12,Other,As reported,1
2023-2024,04,ARIZONA,AZ,Imagine Charter Elementary at Camelback Inc. (88365),01,,AZ-88365,0400445,18052 N BLACK CANYON HWY,,,PHOENIX,AZ,85053,1715,18052 N BLACK CANYON HWY,,,PHOENIX,AZ,85053,1715,(602)344-4620,http://imaginecamelback.org/,1,Open,1,Open,07/30/2024,7,Independent charter district,No,CHRTIDEAESEA,LEA for federal programs,No,No,Yes,Yes,Yes,Yes,Yes,Yes,No,No,No,No,No,No,No,No,No,No,KG,05,Elementary,As reported,1
2023-2024,04,ARIZONA,AZ,American Charter Schools Foundation d.b.a. South R (88334),01,,AZ-88334,0400447,6150 N 16TH ST STE A,,,PHOENIX,AZ,85016,1774,6150 N 16TH ST STE A,,,PHOENIX,AZ,85016,1774,(602)953-2933,http://www.southridgeprep.com/,1,Open,1,Open,07/30/2024,7,Independent charter district,No,CHRTIDEAESEA,LEA for federal programs,No,No,No,No,No,No,No,No,No,No,No,Yes,Yes,Yes,Yes,No,No,No,09,12,High,As reported,1
2023-2024,04,ARIZONA,AZ,Desert Sky Community School Inc. (88308),01,,AZ-88308,0400448,1350 N ARCADIA AVE,,,TUCSON,AZ,85712,4706,1350 N ARCADIA AVE,,,TUCSON,AZ,85712,4706,(520)745-3888,http://www.desertskyschool.org,1,Open,1,Open,07/30/2024,7,Independent charter district,No,CHRTIDEAESEA,LEA for federal programs,No,No,Yes,Yes,Yes,Yes,Yes,Yes,No,No,No,No,No,No,No,No,No,No,KG,05,Elementary,As reported,1
2023-2024,04,ARIZONA,AZ,Agua Fria Union High School District (4289),01,,AZ-4289,0400450,1481 N ELISEO FELIX JR WAY STE,,,AVONDALE,AZ,85323,1217,1481 N ELISEO FELIX JR WAY STE,,,AVONDALE,AZ,85323,1217,(623)932-7000,http://www.aguafria.org,1,Open,1,Open,07/30/2024,1,Regular public school district that is not a component of a supervisory union,No,NOTCHR,Not a charter district,No,No,No,No,No,No,No,No,No,No,No,Yes,Yes,Yes,Yes,No,No,No,09,12,High,As reported,6
2023-2024,04,ARIZONA,AZ,Arizona State Hospital (6415),01,,AZ-6415,0400455,2500 E VAN BUREN ST,,,PHOENIX,AZ,85008,6037,2500 E VAN BUREN ST,,,PHOENIX,AZ,85008,6037,(602)244-1331,,1,Open,1,Open,07/30/2024,5,State operated agency,No,NOTCHR,Not a charter district,No,No,Yes,Yes,Yes,Yes,Yes,Yes,Yes,Yes,Yes,Yes,Yes,Yes,Yes,No,Yes,No,KG,12,Other,As reported,1
2023-2024,04,ARIZONA,AZ,Graham County Juvenile Detention (79539),01,,AZ-79539,0400456,919 W THATCHER BLVD,,,SAFFORD,AZ,85546,3133,919 W THATCHER BLVD,,,SAFFORD,AZ,85546,3133,(928)792-5214,,6,Inactive,6,Inactive,07/30/2024,8,Other local education agency,No,NOTCHR,Not a charter district,Not reported,Not reported,Not reported,Not reported,Not reported,Not reported,Not reported,Not reported,Not reported,Not reported,Not reported,Not reported,Not reported,Not reported,Not reported,Not reported,Not reported,Not reported,M,M,Not reported,As reported,0
2023-2024,04,ARIZONA,AZ,Cochise County Juvenile Detention (79462),01,,AZ-79462,0400457,100 Colonia de Salud,,,Sierra Vista,AZ,85635,,915 Tovreaville Road,,,Bisbee,AZ,85603,,(520)432-7523,,1,Open,1,Open,07/30/2024,8,Other local education agency,No,NOTCHR,Not a charter district,No,Yes,Yes,Yes,Yes,Yes,Yes,Yes,Yes,Yes,Yes,Yes,Yes,Yes,Yes,No,Yes,No,PK,12,Other,As reported,0
2023-2024,04,ARIZONA,AZ,Yuma County Juvenile Justice Center (79524),01,,AZ-79524,0400458,2440 W 28TH ST,,,YUMA,AZ,85364,6955,2440 W 28TH ST,,,YUMA,AZ,85364,6955,(928)314-1900,http://www.yumacountyaz.gov/government/courts/juvenile-justice-center/about-con,1,Open,1,Open,07/30/2024,8,Other local education agency,No,NOTCHR,Not a charter district,No,Yes,Yes,Yes,Yes,Yes,Yes,Yes,Yes,Yes,Yes,Yes,Yes,Yes,Yes,No,Yes,No,PK,12,Other,As reported,0
2023-2024,04,ARIZONA,AZ,Maricopa County Sheriffs Office (79540),01,,AZ-79540,0400459,550 W JACKSON ST,,,PHOENIX,AZ,85003,2412,550 W JACKSON ST,,,PHOENIX,AZ,85003,2412,(602)123-4567,,1,Open,1,Open,07/30/2024,8,Other local education agency,No,NOTCHR,Not a charter district,No,No,No,No,No,No,No,No,No,Yes,Yes,Yes,Yes,Yes,Yes,No,Yes,No,07,12,High,As reported,0
2023-2024,04,ARIZONA,AZ,Yavapai County Juvenile Justice Center (79533),01,,AZ-79533,0400460,1100 PRESCOTT LAKES PKWY,,,PRESCOTT,AZ,86301,6598,1100 PRESCOTT LAKES PKWY,,,PRESCOTT,AZ,86301,6598,(928)771-3156,,1,Open,1,Open,07/30/2024,8,Other local education agency,No,NOTCHR,Not a charter district,No,Yes,Yes,Yes,Yes,Yes,Yes,Yes,Yes,Yes,Yes,Yes,Yes,Yes,Yes,No,Yes,No,PK,12,Other,As reported,0
2023-2024,04,ARIZONA,AZ,Mohave County Juvenile Detention (79589),01,,AZ-79589,0400461,PO BOX 7000,,,KINGMAN,AZ,86402,7000,809 E BEALE ST,,,KINGMAN,AZ,86401,5924,(928)753-0721,,1,Open,1,Open,07/30/2024,8,Other local education agency,No,NOTCHR,Not a charter district,No,Yes,Yes,Yes,Yes,Yes,Yes,Yes,Yes,Yes,Yes,Yes,Yes,Yes,Yes,No,Yes,No,PK,12,Other,As reported,0
2023-2024,04,ARIZONA,AZ,Arizona State Schools for the Deaf and the Blind (6393),01,,AZ-6393,0400463,PO BOX 88510,,,TUCSON,AZ,85754,8510,1200 W SPEEDWAY BLVD,,,TUCSON,AZ,85745,2326,(602)771-5347,http://asdb.az.gov/,1,Open,1,Open,07/30/2024,5,State operated agency,No,NOTCHR,Not a charter district,No,Yes,Yes,Yes,Yes,Yes,Yes,Yes,Yes,Yes,Yes,Yes,Yes,Yes,Yes,No,Yes,No,PK,12,Other,As reported,19
2023-2024,04,ARIZONA,AZ,Aguila Elementary District (4249),01,,AZ-4249,0400480,PO BOX 218,,,AGUILA,AZ,85320,0218,50023 N 514th Ave,,,Aguila,AZ,85320,,(928)685-2222,http://www.aguilaschool.org,1,Open,1,Open,07/30/2024,1,Regular public school district that is not a component of a supervisory union,No,NOTCHR,Not a charter district,No,Yes,Yes,Yes,Yes,Yes,Yes,Yes,Yes,Yes,Yes,No,No,No,No,No,No,No,PK,08,Elementary,As reported,2
2023-2024,04,ARIZONA,AZ,Ajo Unified District (4409),01,,AZ-4409,0400520,111 N WELL RD,,,AJO,AZ,85321,1840,111 N WELL RD,,,AJO,AZ,85321,1840,(520)387-5618,http://www.ajoschools.org,1,Open,1,Open,07/30/2024,1,Regular public school district that is not a component of a supervisory union,No,NOTCHR,Not a charter district,No,Yes,Yes,Yes,Yes,Yes,Yes,Yes,Yes,Yes,Yes,Yes,Yes,Yes,Yes,No,No,No,PK,12,Other,As reported,2
2023-2024,04,ARIZONA,AZ,Alhambra Elementary District (4280),01,,AZ-4280,0400600,4510 N 37TH AVE,,,PHOENIX,AZ,85019,3206,4510 N 37TH AVE,,,PHOENIX,AZ,85019,3206,(602)336-2920,http://www.alhambraesd.org/,1,Open,1,Open,07/30/2024,1,Regular public school district that is not a component of a supervisory union,No,NOTCHR,Not a charter district,No,Yes,Yes,Yes,Yes,Yes,Yes,Yes,Yes,Yes,Yes,No,No,No,No,No,Yes,No,PK,08,Elementary,As reported,16
2023-2024,04,ARIZONA,AZ,Eagle Elementary District (4232),01,,AZ-4232,0400607,PO BOX 1566,,,CLIFTON,AZ,85533,1566,Upper Eagle Creek,,,Clifton,AZ,85533,,(928)865-2822,,1,Open,1,Open,07/30/2024,1,Regular public school district that is not a component of a supervisory union,No,NOTCHR,Not a charter district,Yes,No,No,No,No,No,No,No,No,No,No,No,No,No,No,No,No,No,N,N,Not applicable,As reported,0
2023-2024,04,ARIZONA,AZ,BASIS Charter Schools Inc. (81078),01,,AZ-81078,0400608,7975 N HAYDEN RD STE B121,,,SCOTTSDALE,AZ,85258,3248,7975 N HAYDEN RD STE B121,,,SCOTTSDALE,AZ,85258,3248,(480)451-7500,http://enrollbasis.com/scottsdale/,1,Open,1,Open,07/30/2024,7,Independent charter district,No,CHRTIDEAESEA,LEA for federal programs,No,No,No,No,No,No,Yes,Yes,Yes,Yes,Yes,Yes,Yes,Yes,Yes,No,No,No,04,12,Other,As reported,1
2023-2024,04,ARIZONA,AZ,Desert Heights Charter Schools (81099),01,,AZ-81099,0400610,5821 W BEVERLY LN,,,GLENDALE,AZ,85306,1801,5821 W BEVERLY LN,,,GLENDALE,AZ,85306,1801,(602)896-2900,http://dhschools.org/,1,Open,1,Open,07/30/2024,7,Independent charter district,No,CHRTIDEAESEA,LEA for federal programs,No,No,Yes,Yes,Yes,Yes,Yes,Yes,Yes,Yes,Yes,Yes,Yes,Yes,Yes,No,No,No,KG,12,Other,As reported,1
2023-2024,04,ARIZONA,AZ,Northeast Arizona Technological Institute of Vocat (81114),01,,AZ-81114,0400612,PO BOX 710,,,KAYENTA,AZ,86033,0710,Off Hwy 163 .6 Mi East of Kay,,,Kayenta,AZ,86033,,(928)697-2500,http://nativedistrict.org/,1,Open,1,Open,07/30/2024,9,Specialized public school district,No,NOTCHR,Not a charter district,No,No,No,No,No,No,No,No,No,No,No,Yes,Yes,Yes,Yes,No,No,No,09,12,High,As reported,13
2023-2024,04,ARIZONA,AZ,Educational Impact Inc. (81123),01,,AZ-81123,0400613,1950 E PLACITA SIN NOMBRE,,,TUCSON,AZ,85718,2092,1950 E PLACITA SIN NOMBRE,,,TUCSON,AZ,85718,2092,(602)821-6900,,1,Open,1,Open,07/30/2024,7,Independent charter district,No,CHRTIDEAESEA,LEA for federal programs,No,No,Yes,Yes,Yes,Yes,Yes,Yes,Yes,Yes,Yes,No,No,No,No,No,No,No,KG,08,Elementary,As reported,1
2023-2024,04,ARIZONA,AZ,MCCCD on behalf of Phoenix College Preparatory Aca (81174),01,,AZ-81174,0400614,2411 W 14TH ST,,,TEMPE,AZ,85281,6941,2411 W 14TH ST,,,TEMPE,AZ,85281,6941,(480)731-8106,http://www.pcmail.maricopa.edu,1,Open,1,Open,07/30/2024,7,Independent charter district,No,CHRTIDEAESEA,LEA for federal programs,No,No,No,No,No,No,No,No,No,No,No,Yes,Yes,Yes,Yes,No,No,No,09,12,High,As reported,1
2023-2024,04,ARIZONA,AZ,West-MEC - Western Maricopa Education Center (80923),01,,AZ-80923,0400615,5487 N 99TH AVE,,,GLENDALE,AZ,85305,2202,5487 N 99TH AVE,,,GLENDALE,AZ,85305,2202,(623)738-0022,http://www.west-mec.org,1,Open,1,Open,07/30/2024,9,Specialized public school district,No,NOTCHR,Not a charter district,No,No,No,No,No,No,No,No,No,Yes,Yes,Yes,Yes,Yes,Yes,No,No,No,07,12,High,As reported,59
2023-2024,04,ARIZONA,AZ,New School for the Arts Middle School (80985),01,,AZ-80985,0400616,1216 E APACHE BLVD,,,TEMPE,AZ,85281,6005,1216 E APACHE BLVD,,,TEMPE,AZ,85281,6005,(480)481-9235,,1,Open,1,Open,07/30/2024,7,Independent charter district,No,CHRTIDEAESEA,LEA for federal programs,No,No,No,No,No,No,No,No,Yes,Yes,Yes,No,No,No,No,No,No,No,06,08,Middle,As reported,1
2023-2024,04,ARIZONA,AZ,American Charter Schools Foundation d.b.a. South P (80989),01,,AZ-80989,0400618,6150 N 16TH ST STE A,,,PHOENIX,AZ,85016,1774,6150 N 16TH ST STE A,,,PHOENIX,AZ,85016,1774,(602)953-2933,http://www.southpointehs.com/,1,Open,1,Open,07/30/2024,7,Independent charter district,No,CHRTIDEAESEA,LEA for federal programs,No,No,No,No,No,No,No,No,No,No,No,Yes,Yes,Yes,Yes,No,No,No,09,12,High,As reported,1
2023-2024,04,ARIZONA,AZ,American Charter Schools Foundation d.b.a. Alta Vi (80995),01,,AZ-80995,0400619,6150 N 16TH ST STE A,,,PHOENIX,AZ,85016,1774,6150 N 16TH ST STE A,,,PHOENIX,AZ,85016,1774,(602)953-2933,http://www.altavistahs.com/,1,Open,1,Open,07/30/2024,7,Independent charter district,No,CHRTIDEAESEA,LEA for federal programs,No,No,No,No,No,No,No,No,No,No,No,Yes,Yes,Yes,Yes,No,No,No,09,12,High,As reported,1
2023-2024,04,ARIZONA,AZ,Pinnacle Education-Tempe Inc. (81001),01,,AZ-81001,0400621,2224 W SOUTHERN AVE STE 1,,,TEMPE,AZ,85282,4345,2224 W SOUTHERN AVE STE 2,,,TEMPE,AZ,85282,4345,(602)414-0950,http://www.pin-ed.com/,1,Open,1,Open,07/30/2024,7,Independent charter district,No,CHRTNOTLEA,Not LEA for federal programs,No,No,No,No,No,No,No,No,Yes,Yes,Yes,Yes,Yes,Yes,Yes,No,No,No,06,12,High,As reported,2
2023-2024,04,ARIZONA,AZ,Pinnacle Education-Kino Inc. (81009),01,,AZ-81009,0400625,2224 W SOUTHERN AVE STE 1,,,TEMPE,AZ,85282,4345,2055 N GRAND AVE,,,NOGALES,AZ,85621,1038,(520)281-5109,http://www.pinnaclecharterschools.com/,1,Open,1,Open,07/30/2024,7,Independent charter district,No,CHRTNOTLEA,Not LEA for federal programs,No,No,No,No,No,No,No,No,No,No,No,Yes,Yes,Yes,Yes,No,No,No,09,12,High,As reported,1
2023-2024,04,ARIZONA,AZ,Pinnacle Education-Casa Grande Inc. (81011),01,,AZ-81011,0400626,2510 N TREKELL RD,,,CASA GRANDE,AZ,85122,1007,2510 N TREKELL RD,,,CASA GRANDE,AZ,85122,1007,(520)423-2380,http://www.pinnaclecharterschools.com/,1,Open,1,Open,07/30/2024,7,Independent charter district,No,CHRTNOTLEA,Not LEA for federal programs,No,No,No,No,No,No,No,No,No,No,No,Yes,Yes,Yes,Yes,No,No,No,09,12,High,As reported,1
2023-2024,04,ARIZONA,AZ,Alpine Elementary District (4161),01,,AZ-4161,0400630,PO BOX 170,,,ALPINE,AZ,85920,0170,County Rd 2052 #11,,,Alpine,AZ,85920,,(928)339-4570,http://www.alpine.k12.az.us,1,Open,1,Open,07/30/2024,1,Regular public school district that is not a component of a supervisory union,No,NOTCHR,Not a charter district,No,No,Yes,Yes,Yes,Yes,Yes,Yes,Yes,Yes,Yes,No,No,No,No,No,No,No,KG,08,Elementary,As reported,1
2023-2024,04,ARIZONA,AZ,Cochise Community Development Corporation (81027),01,,AZ-81027,0400632,247 S 7TH ST UNIT A,,,SIERRA VISTA,AZ,85635,2535,1169 COLOMBO AVE,,,SIERRA VISTA,AZ,85635,2391,(520)459-4113,http://www.berean-academy.com,1,Open,1,Open,07/30/2024,7,Independent charter district,No,CHRTIDEAESEA,LEA for federal programs,No,No,Yes,Yes,Yes,Yes,Yes,Yes,Yes,Yes,Yes,Yes,Yes,Yes,Yes,No,No,No,KG,12,Other,As reported,1
2023-2024,04,ARIZONA,AZ,Canyon Rose Academy Inc. (81029),01,,AZ-81029,0400633,3686 W ORANGE GROVE RD STE 192,,,TUCSON,AZ,85741,2852,3686 W ORANGE GROVE RD STE 192,,,TUCSON,AZ,85741,2852,(520)797-4884,http://www.go2rose.com,1,Open,1,Open,07/30/2024,7,Independent charter district,No,CHRTNOTLEA,Not LEA for federal programs,No,No,No,No,No,No,No,No,No,No,No,Yes,Yes,Yes,Yes,No,No,No,09,12,High,As reported,2
2023-2024,04,ARIZONA,AZ,Blueprint Education (81041),01,,AZ-81041,0400636,5651 W TALAVI BLVD STE 170,,,GLENDALE,AZ,85306,1893,5651 W TALAVI BLVD STE 170,,,GLENDALE,AZ,85306,1893,(602)674-5555,http://www.blueprinteducation.org/,1,Open,1,Open,07/30/2024,7,Independent charter district,No,CHRTIDEAESEA,LEA for federal programs,No,No,No,No,No,No,No,No,No,No,No,Yes,Yes,Yes,Yes,No,No,No,09,12,High,As reported,2
2023-2024,04,ARIZONA,AZ,Edkey Inc. - Redwood Academy (81043),01,,AZ-81043,0400637,1460 S HORNE,,,MESA,AZ,85204,5760,1460 S HORNE,,,MESA,AZ,85204,5760,(623)878-0986,http://www.azconservatory.org/,1,Open,1,Open,07/30/2024,7,Independent charter district,No,CHRTIDEAESEA,LEA for federal programs,No,No,Yes,Yes,Yes,Yes,Yes,Yes,No,No,No,No,No,No,No,No,No,No,KG,05,Elementary,As reported,1
2023-2024,04,ARIZONA,AZ,Edkey Inc. - Pathfinder Academy (81045),01,,AZ-81045,0400638,1460 S HORNE,,,MESA,AZ,85204,5760,1460 S HORNE,,,MESA,AZ,85204,5760,(480)461-3200,http://sequoiaschools.org,1,Open,1,Open,07/30/2024,7,Independent charter district,No,CHRTIDEAESEA,LEA for federal programs,No,No,Yes,Yes,Yes,Yes,Yes,Yes,Yes,Yes,Yes,No,No,No,No,No,No,No,KG,08,Elementary,As reported,3
2023-2024,04,ARIZONA,AZ,Edkey Inc. - Sequoia School for the Deaf and Hard (81050),01,,AZ-81050,0400640,1460 S HORNE,,,MESA,AZ,85204,5760,1460 S HORNE,,,MESA,AZ,85204,5760,(480)461-3200,http://sequoiaschools.org,1,Open,1,Open,07/30/2024,7,Independent charter district,No,CHRTIDEAESEA,LEA for federal programs,No,No,Yes,Yes,Yes,Yes,Yes,Yes,Yes,Yes,Yes,Yes,Yes,Yes,Yes,No,No,No,KG,12,Other,As reported,2
2023-2024,04,ARIZONA,AZ,Edkey Inc. - Sequoia Ranch School (81052),01,,AZ-81052,0400641,1460 S HORNE,,,MESA,AZ,85204,5760,1460 S HORNE,,,MESA,AZ,85204,5760,(480)461-3200,http://www.sequoiaschools.com,1,Open,1,Open,07/30/2024,7,Independent charter district,No,CHRTIDEAESEA,LEA for federal programs,No,No,Yes,Yes,Yes,Yes,Yes,Yes,Yes,Yes,Yes,No,No,No,No,No,No,No,KG,08,Elementary,As reported,1
2023-2024,04,ARIZONA,AZ,Heritage Elementary School (81076),01,,AZ-81076,0400649,6400 E GRANT RD STE 120,,,TUCSON,AZ,85715,3862,4027 N 45TH AVE,,,PHOENIX,AZ,85031,2840,(623)742-3956,http://hesarizona.org,1,Open,1,Open,07/30/2024,7,Independent charter district,No,CHRTIDEAESEA,LEA for federal programs,No,No,Yes,Yes,Yes,Yes,Yes,Yes,Yes,Yes,Yes,No,No,No,No,No,No,No,KG,08,Elementary,As reported,2
2023-2024,04,ARIZONA,AZ,Integrity Education Incorporated (5174),01,,AZ-5174,0400650,PO BOX 10247,,,SCOTTSDALE,AZ,85271,,7425 E CULVER ST STE 115,,,SCOTTSDALE,AZ,85257,3503,(480)731-4829,,6,Inactive,6,Inactive,07/30/2024,7,Independent charter district,No,CHRTIDEAESEA,LEA for federal programs,Not reported,Not reported,Not reported,Not reported,Not reported,Not reported,Not reported,Not reported,Not reported,Not reported,Not reported,Not reported,Not reported,Not reported,Not reported,Not reported,Not reported,Not reported,M,M,Not reported,As reported,0
2023-2024,04,ARIZONA,AZ,Edkey Inc. dba Arizona Conservatory for Arts and  (79981),01,,AZ-79981,0400653,1460 S HORNE,,,MESA,AZ,85204,5760,1460 S HORNE,,,MESA,AZ,85204,5760,(602)266-4278,http://www.azconservatory.org/,1,Open,1,Open,07/30/2024,7,Independent charter district,No,CHRTIDEAESEA,LEA for federal programs,No,No,No,No,No,No,No,No,Yes,Yes,Yes,Yes,Yes,Yes,Yes,No,No,No,06,12,High,As reported,1
2023-2024,04,ARIZONA,AZ,Veritas Preparatory Academy (80992),01,,AZ-80992,0400655,4801 E WASHINGTON ST STE 250,,,PHOENIX,AZ,85034,2025,4801 E WASHINGTON ST STE 250,,,PHOENIX,AZ,85034,2025,(602)438-7045,http://veritasprep.greatheartsamerica.org/,1,Open,1,Open,07/30/2024,7,Independent charter district,No,CHRTIDEAESEA,LEA for federal programs,No,No,No,No,No,No,No,No,Yes,Yes,Yes,Yes,Yes,Yes,Yes,No,No,No,06,12,High,As reported,1
2023-2024,04,ARIZONA,AZ,RSD Charter School Inc. (81033),01,,AZ-81033,0400656,13615 N 35TH AVE STE 11,,,PHOENIX,AZ,85029,1243,13615 N 35TH AVE STE 11,,,PHOENIX,AZ,85029,1243,(602)993-5225,http://www.rsdcharterschool.com/,6,Inactive,6,Inactive,07/30/2024,7,Independent charter district,No,CHRTIDEAESEA,LEA for federal programs,Not reported,Not reported,Not reported,Not reported,Not reported,Not reported,Not reported,Not reported,Not reported,Not reported,Not reported,Not reported,Not reported,Not reported,Not reported,Not reported,Not reported,Not reported,M,M,Not reported,As reported,0
2023-2024,04,ARIZONA,AZ,Amphitheater Unified District (4406),01,,AZ-4406,0400680,701 W WETMORE RD,,,TUCSON,AZ,85705,1547,701 W WETMORE RD,,,TUCSON,AZ,85705,1547,(520)696-5000,http://www.amphi.com,1,Open,1,Open,07/30/2024,1,Regular public school district that is not a component of a supervisory union,No,NOTCHR,Not a charter district,No,Yes,Yes,Yes,Yes,Yes,Yes,Yes,Yes,Yes,Yes,Yes,Yes,Yes,Yes,No,Yes,No,PK,12,Other,As reported,22
2023-2024,04,ARIZONA,AZ,Antelope Union High School District (4506),01,,AZ-4506,0400720,9168 S Ave 36 E,,,Wellton,AZ,85356,,9168 S Ave 36 E,,,Wellton,AZ,85356,,(928)785-4041,,1,Open,1,Open,07/30/2024,1,Regular public school district that is not a component of a supervisory union,No,NOTCHR,Not a charter district,No,No,No,No,No,No,No,No,No,No,No,Yes,Yes,Yes,Yes,No,No,No,09,12,High,As reported,2
2023-2024,04,ARIZONA,AZ,Legacy Traditional School - Maricopa (88360),01,,AZ-88360,0400745,3201 S Gilbert Rd,Bld A,,Chandler,AZ,85286,,17760 N REGENT DR,,,MARICOPA,AZ,85138,7804,(480)270-5438,http://www.legacytraditional.org/,1,Open,1,Open,07/30/2024,7,Independent charter district,No,CHRTIDEAESEA,LEA for federal programs,No,No,Yes,Yes,Yes,Yes,Yes,Yes,Yes,Yes,Yes,Yes,Yes,No,No,No,No,No,KG,10,Other,As reported,1
2023-2024,04,ARIZONA,AZ,Eduprize Schools LLC (89412),01,,AZ-89412,0400746,4567 W ROBERTS RD,,,QUEEN CREEK,AZ,85142,7511,4567 W ROBERTS RD,,,QUEEN CREEK,AZ,85142,7511,(480)888-1610,http://www.eduprizeschools.net,1,Open,1,Open,07/30/2024,7,Independent charter district,No,CHRTNOTLEA,Not LEA for federal programs,No,No,Yes,Yes,Yes,Yes,Yes,Yes,Yes,Yes,Yes,Yes,Yes,Yes,Yes,No,No,No,KG,12,Other,As reported,3
2023-2024,04,ARIZONA,AZ,Scottsdale Preparatory Academy (89756),01,,AZ-89756,0400747,4801 E WASHINGTON ST STE 250,,,PHOENIX,AZ,85034,2025,16537 N 92ND ST,,,SCOTTSDALE,AZ,85260,1528,(602)438-7045,http://scottsdaleprep.greatheartsamerica.org/,1,Open,1,Open,07/30/2024,7,Independent charter district,No,CHRTIDEAESEA,LEA for federal programs,No,No,No,No,No,No,No,Yes,Yes,Yes,Yes,Yes,Yes,Yes,Yes,No,No,No,05,12,High,As reported,1
2023-2024,04,ARIZONA,AZ,Sage Academy Inc. (89414),01,,AZ-89414,0400748,1055 E HEARN RD,,,PHOENIX,AZ,85022,4332,1055 E HEARN RD,,,PHOENIX,AZ,85022,4332,(602)485-3402,http://www.sage-academy.org/,1,Open,1,Open,07/30/2024,7,Independent charter district,No,CHRTIDEAESEA,LEA for federal programs,No,No,Yes,Yes,Yes,Yes,Yes,Yes,Yes,Yes,Yes,No,No,No,No,No,No,No,KG,08,Elementary,As reported,1
2023-2024,04,ARIZONA,AZ,Apache Elementary District (4178),01,,AZ-4178,0400750,PO BOX 16405,,,PORTAL,AZ,85632,0405,10488 E SKELETON CANYON RD,,,PORTAL,AZ,85632,,(520)558-2364,http://www.apacheelementary.org/,1,Open,1,Open,07/30/2024,1,Regular public school district that is not a component of a supervisory union,No,NOTCHR,Not a charter district,No,No,Yes,Yes,Yes,Yes,Yes,Yes,Yes,Yes,Yes,No,No,No,No,No,No,No,KG,08,Elementary,As reported,1
2023-2024,04,ARIZONA,AZ,Concordia Charter School Inc. (89556),01,,AZ-89556,0400751,142 N DATE,,,MESA,AZ,85201,6419,142 N DATE,,,MESA,AZ,85201,6419,(480)461-0555,http://www.concordiacharter.org,1,Open,1,Open,07/30/2024,7,Independent charter district,No,CHRTIDEAESEA,LEA for federal programs,No,No,Yes,Yes,Yes,Yes,Yes,Yes,Yes,No,No,No,No,No,No,No,No,No,KG,06,Elementary,As reported,2
2023-2024,04,ARIZONA,AZ,Pima County JTED (89380),01,,AZ-89380,0400752,2855 W Master Pieces Dr,,,Tucson,AZ,85741,3789,2855 W Master Pieces Dr,,,Tucson,AZ,85741,3789,(520)209-1694,http://www.pimajted.org,1,Open,1,Open,07/30/2024,9,Specialized public school district,No,NOTCHR,Not a charter district,No,No,No,No,No,No,No,No,No,No,No,Yes,Yes,Yes,Yes,No,No,No,09,12,High,As reported,55
2023-2024,04,ARIZONA,AZ,Imagine Desert West Middle Inc. (89563),01,,AZ-89563,0400754,6800 W MCDOWELL RD,,,PHOENIX,AZ,85035,4794,18052 N BLACK CANYON HWY,,,PHOENIX,AZ,85053,1715,(623)469-2024,http://www.dwdragons.org/,1,Open,1,Open,07/30/2024,7,Independent charter district,No,CHRTIDEAESEA,LEA for federal programs,No,No,No,No,No,No,No,No,Yes,Yes,Yes,No,No,No,No,No,No,No,06,08,Middle,As reported,1
2023-2024,04,ARIZONA,AZ,Freedom Academy Inc. (89506),01,,AZ-89506,0400755,3916 E PARADISE LN,,,PHOENIX,AZ,85032,3232,3916 E PARADISE LN,,,PHOENIX,AZ,85032,3232,(602)424-0771,,1,Open,1,Open,07/30/2024,7,Independent charter district,No,CHRTIDEAESEA,LEA for federal programs,No,No,Yes,Yes,Yes,Yes,Yes,Yes,Yes,Yes,Yes,No,No,No,No,No,Yes,No,KG,08,Elementary,As reported,1
2023-2024,04,ARIZONA,AZ,Imagine Camelback Middle Inc. (89561),01,,AZ-89561,0400756,18052 N BLACK CANYON HWY,,,PHOENIX,AZ,85053,1715,18052 N BLACK CANYON HWY,,,PHOENIX,AZ,85053,1715,(602)344-4620,http://imaginecamelback.org/,1,Open,1,Open,07/30/2024,7,Independent charter district,No,CHRTIDEAESEA,LEA for federal programs,No,No,No,No,No,No,No,No,Yes,Yes,Yes,No,No,No,No,No,No,No,06,08,Middle,As reported,1
2023-2024,04,ARIZONA,AZ,Arete Preparatory Academy (89486),01,,AZ-89486,0400757,4801 E WASHINGTON ST STE 250,,,PHOENIX,AZ,85034,2025,4801 E WASHINGTON ST STE 250,,,PHOENIX,AZ,85034,2025,(602)438-7045,http://areteprepacademy.greatheartsamerica.org/,1,Open,1,Open,07/30/2024,7,Independent charter district,No,CHRTIDEAESEA,LEA for federal programs,No,No,No,No,No,No,No,No,Yes,Yes,Yes,Yes,Yes,Yes,Yes,No,No,No,06,12,High,As reported,1
2023-2024,04,ARIZONA,AZ,Candeo Schools Inc. (89758),01,,AZ-89758,0400758,9965 W CALLE LEJOS,,,PEORIA,AZ,85383,1117,9965 W CALLE LEJOS,,,PEORIA,AZ,85383,1117,(623)979-6500,http://www.candeoschools.com,1,Open,1,Open,07/30/2024,7,Independent charter district,No,CHRTIDEAESEA,LEA for federal programs,No,No,Yes,Yes,Yes,Yes,Yes,Yes,Yes,Yes,Yes,No,No,No,No,No,No,No,KG,08,Elementary,As reported,1
2023-2024,04,ARIZONA,AZ,Glendale Preparatory Academy (89829),01,,AZ-89829,0400760,4801 E WASHINGTON ST STE 250,,,PHOENIX,AZ,85034,2025,4801 E WASHINGTON ST STE 250,,,PHOENIX,AZ,85034,2025,(602)438-7045,http://glendaleprep.greatheartsamerica.org/,1,Open,1,Open,07/30/2024,7,Independent charter district,No,CHRTIDEAESEA,LEA for federal programs,No,No,No,No,No,No,No,No,Yes,Yes,Yes,Yes,Yes,Yes,Yes,No,No,No,06,12,High,As reported,1
2023-2024,04,ARIZONA,AZ,Graham County School Superintendent (79543),01,,AZ-79543,0400762,921 W THATCHER BLVD,,,SAFFORD,AZ,85546,3133,523 S 10TH AVE,,,SAFFORD,AZ,85546,3120,(928)428-2880,,1,Open,1,Open,07/30/2024,8,Other local education agency,No,NOTCHR,Not a charter district,No,No,No,No,No,No,No,No,No,Yes,Yes,Yes,Yes,Yes,Yes,No,No,No,07,12,High,As reported,0
2023-2024,04,ARIZONA,AZ,EAGLE South Mountain Charter Inc. (89850),01,,AZ-89850,0400763,2450 W SOUTH MOUNTAIN AVE,,,PHOENIX,AZ,85041,7601,2450 W SOUTH MOUNTAIN AVE,,,PHOENIX,AZ,85041,7601,(602)323-5400,http://eagleprep.org/eagle-college-prep,1,Open,1,Open,07/30/2024,7,Independent charter district,No,CHRTIDEAESEA,LEA for federal programs,No,No,Yes,Yes,Yes,Yes,Yes,Yes,Yes,Yes,Yes,No,No,No,No,No,No,No,KG,08,Elementary,As reported,1
2023-2024,04,ARIZONA,AZ,ASU Preparatory Academy (89949),01,,AZ-89949,0400764,735 E FILLMORE ST,,,PHOENIX,AZ,85006,3324,735 E FILLMORE ST,,,PHOENIX,AZ,85006,3324,(480)965-4574,http://asuprep.asu.edu,1,Open,1,Open,07/30/2024,7,Independent charter district,No,CHRTIDEAESEA,LEA for federal programs,No,Yes,Yes,Yes,Yes,Yes,Yes,Yes,Yes,No,No,No,No,No,No,No,No,No,PK,06,Elementary,As reported,2
2023-2024,04,ARIZONA,AZ,Gila County Sheriff's Office (79544),01,,AZ-79544,0400765,1400 E ASH ST,,,GLOBE,AZ,85501,1483,1400 E ASH ST,,,GLOBE,AZ,85501,1483,(928)425-4449,,1,Open,1,Open,07/30/2024,8,Other local education agency,No,NOTCHR,Not a charter district,No,No,No,No,No,No,No,No,No,Yes,Yes,Yes,Yes,Yes,Yes,No,No,No,07,12,High,As reported,0
2023-2024,04,ARIZONA,AZ,Imagine Coolidge Elementary Inc. (89786),01,,AZ-89786,0400766,18052 N BLACK CANYON HWY,,,PHOENIX,AZ,85053,1715,1290 W VAH KI INN RD,,,COOLIDGE,AZ,85128,9314,(520)723-5391,http://www.imaginecoolidge.org/,1,Open,1,Open,07/30/2024,7,Independent charter district,No,CHRTIDEAESEA,LEA for federal programs,No,No,Yes,Yes,Yes,Yes,Yes,Yes,No,No,No,No,No,No,No,No,No,No,KG,05,Elementary,As reported,1
2023-2024,04,ARIZONA,AZ,Gila County Juvenile Detention (79494),01,,AZ-79494,0400767,1425 E SOUTH ST,,,GLOBE,AZ,85501,1437,1425 E SOUTH ST,,,GLOBE,AZ,85501,1437,(928)425-6051,,6,Inactive,6,Inactive,07/30/2024,8,Other local education agency,No,NOTCHR,Not a charter district,Not reported,Not reported,Not reported,Not reported,Not reported,Not reported,Not reported,Not reported,Not reported,Not reported,Not reported,Not reported,Not reported,Not reported,Not reported,Not reported,Not reported,Not reported,M,M,Not reported,As reported,0
2023-2024,04,ARIZONA,AZ,Pima Prevention Partnership dba Pima Partnership A (89864),01,,AZ-89864,0400768,924 N. Alvernon Way,,,Tucson,AZ,85711,,924 N. Alvernon Way,,,Tucson,AZ,85711,,(520)326-2528,http://www.thepartnership.us/academy/,1,Open,1,Open,07/30/2024,7,Independent charter district,No,CHRTIDEAESEA,LEA for federal programs,No,No,No,No,No,No,No,No,Yes,Yes,Yes,No,No,No,No,No,No,No,06,08,Middle,As reported,1
2023-2024,04,ARIZONA,AZ,Imagine Prep Coolidge Inc. (90034),01,,AZ-90034,0400769,1290B W VAH KI INN RD,,,COOLIDGE,AZ,85128,9314,1290B W VAH KI INN RD,,,COOLIDGE,AZ,85128,9314,(520)424-2790,http://imagineprepcoolidge.com/,1,Open,1,Open,07/30/2024,7,Independent charter district,No,CHRTIDEAESEA,LEA for federal programs,No,No,No,No,No,No,No,No,Yes,Yes,Yes,Yes,Yes,Yes,Yes,No,No,No,06,12,High,As reported,1
2023-2024,04,ARIZONA,AZ,Imagine Prep Surprise Inc. (89790),01,,AZ-89790,0400770,18052 N BLACK CANYON HWY,,,PHOENIX,AZ,85053,1715,18052 N BLACK CANYON HWY,,,PHOENIX,AZ,85053,1715,(623)344-1770,http://surpriseprep.org/,1,Open,1,Open,07/30/2024,7,Independent charter district,No,CHRTIDEAESEA,LEA for federal programs,No,No,No,No,No,No,No,No,No,No,No,Yes,Yes,Yes,Yes,No,No,No,09,12,High,As reported,1
2023-2024,04,ARIZONA,AZ,Blue Adobe Project (89871),01,,AZ-89871,0400771,6000 E 14TH ST,,,TUCSON,AZ,85711,4601,6000 E 14TH ST,,,TUCSON,AZ,85711,4601,(520)382-9210,http://www.skyislands.org,1,Open,1,Open,07/30/2024,7,Independent charter district,No,CHRTIDEAESEA,LEA for federal programs,No,No,No,No,No,No,No,No,No,No,No,Yes,Yes,Yes,Yes,No,No,No,09,12,High,As reported,1
2023-2024,04,ARIZONA,AZ,Mountain Institute CTED #2 (90090),01,,AZ-90090,0400772,3003 CENTERPOINTE EAST DR,,,PRESCOTT,AZ,86301,8492,3003 CENTERPOINTE EAST DR,,,PRESCOTT,AZ,86301,8492,(928)771-0791,http://www.micted.net/,1,Open,1,Open,07/30/2024,9,Specialized public school district,No,NOTCHR,Not a charter district,No,No,No,No,No,No,No,No,No,No,No,Yes,Yes,Yes,Yes,No,No,No,09,12,High,As reported,12
2023-2024,04,ARIZONA,AZ,Yuma County Sheriff's Office (79472),01,,AZ-79472,0400773,200 W COURT ST,,,YUMA,AZ,85364,2221,200 W COURT ST,,,YUMA,AZ,85364,2221,(928)782-9871,,1,Open,1,Open,07/30/2024,8,Other local education agency,No,NOTCHR,Not a charter district,No,No,No,No,No,No,No,No,No,Yes,Yes,Yes,Yes,Yes,Yes,No,No,No,07,12,High,As reported,0
2023-2024,04,ARIZONA,AZ,Daisy Education Corporation dba Sonoran Science Ac (89915),01,,AZ-89915,0400774,1489 W Elliot Rd,,,Gilbert,AZ,85233,,7450 East Stella Road,,,TUCSON,AZ,85730,,(520)751-2401,http://sonoranschools.org/SSA-East,1,Open,1,Open,07/30/2024,7,Independent charter district,No,CHRTIDEAESEA,LEA for federal programs,No,No,Yes,Yes,Yes,Yes,Yes,Yes,Yes,Yes,Yes,No,No,No,No,No,No,No,KG,08,Elementary,As reported,1
2023-2024,04,ARIZONA,AZ,San Tan Montessori School Inc. (89798),01,,AZ-89798,0400775,3959 E ELLIOT RD,,,GILBERT,AZ,85234,4345,3959 E ELLIOT RD,,,GILBERT,AZ,85234,4345,(480)222-0811,http://santancharterschool.com,1,Open,1,Open,07/30/2024,7,Independent charter district,No,CHRTIDEAESEA,LEA for federal programs,No,No,Yes,Yes,Yes,Yes,Yes,Yes,Yes,Yes,Yes,Yes,Yes,Yes,Yes,No,No,No,KG,12,Other,As reported,1
2023-2024,04,ARIZONA,AZ,Daisy Education Corporation dba Sonoran Science Ac (89914),01,,AZ-89914,0400776,3535 E MCDOWELL RD,,,PHOENIX,AZ,85008,3847,3535 E MCDOWELL RD,,,PHOENIX,AZ,85008,3847,(602)244-9855,http://www.sonoranschools.org/phoenix,1,Open,1,Open,07/30/2024,7,Independent charter district,No,CHRTIDEAESEA,LEA for federal programs,No,No,Yes,Yes,Yes,Yes,Yes,Yes,Yes,Yes,Yes,Yes,Yes,Yes,Yes,No,No,No,KG,12,Other,As reported,1
2023-2024,04,ARIZONA,AZ,Santa Cruz County Sheriff's Office (79473),01,,AZ-79473,0400777,2170 N CONGRESS DR,,,NOGALES,AZ,85621,1090,2170 N CONGRESS DR,,,NOGALES,AZ,85621,1090,(520)761-7869,,1,Open,1,Open,07/30/2024,8,Other local education agency,No,NOTCHR,Not a charter district,No,No,No,No,No,No,No,No,No,Yes,Yes,Yes,Yes,Yes,Yes,No,No,No,07,12,High,As reported,0
2023-2024,04,ARIZONA,AZ,Daisy Education Corporation dba Paragon Science Ac (89917),01,,AZ-89917,0400778,1489 W Elliot Rd Ste D-103,,,Gilbert,AZ,85233,,5580 W CHANDLER BLVD,,,CHANDLER,AZ,85226,3697,(480)814-1600,http://www.sonoranschools.org/paragon,1,Open,1,Open,07/30/2024,7,Independent charter district,No,CHRTIDEAESEA,LEA for federal programs,No,No,Yes,Yes,Yes,Yes,Yes,Yes,Yes,Yes,Yes,Yes,Yes,Yes,Yes,No,No,No,KG,12,Other,As reported,1
2023-2024,04,ARIZONA,AZ,Greenlee County Sheriff's Office (79542),01,,AZ-79542,0400779,PO BOX 1595,,,CLIFTON,AZ,85533,1595,Hwy 191,,,Clifton,AZ,85533,,(928)865-4149,,1,Open,1,Open,07/30/2024,8,Other local education agency,No,NOTCHR,Not a charter district,No,No,No,No,No,No,No,No,No,Yes,Yes,Yes,Yes,Yes,Yes,No,No,No,07,12,High,As reported,0
2023-2024,04,ARIZONA,AZ,Imagine Avondale Elementary Inc. (89784),01,,AZ-89784,0400780,18052 N BLACK CANYON HWY,,,PHOENIX,AZ,85053,1715,18052 N BLACK CANYON HWY,,,PHOENIX,AZ,85053,1715,(623)344-1730,http://www.imagineavondale.org/,1,Open,1,Open,07/30/2024,7,Independent charter district,No,CHRTIDEAESEA,LEA for federal programs,No,No,Yes,Yes,Yes,Yes,Yes,Yes,No,No,No,No,No,No,No,No,No,No,KG,05,Elementary,As reported,1
2023-2024,04,ARIZONA,AZ,Math and Science Success Academy Inc. (89852),01,,AZ-89852,0400781,1557 W PRINCE RD,,,TUCSON,AZ,85705,3023,1557 W PRINCE RD,,,TUCSON,AZ,85705,3023,(520)293-2676,,1,Open,1,Open,07/30/2024,7,Independent charter district,No,CHRTIDEAESEA,LEA for federal programs,No,No,Yes,Yes,Yes,Yes,Yes,Yes,Yes,Yes,Yes,No,No,No,No,No,No,No,KG,08,Elementary,As reported,1
2023-2024,04,ARIZONA,AZ,Haven Montessori Children's House Inc. (89951),01,,AZ-89951,0400782,621 W CLAY AVE,,,FLAGSTAFF,AZ,86001,6221,621 W CLAY AVE,,,FLAGSTAFF,AZ,86001,6221,(928)522-0985,http://www.havenmontessori.org,1,Open,1,Open,07/30/2024,7,Independent charter district,No,CHRTIDEAESEA,LEA for federal programs,No,No,Yes,Yes,Yes,Yes,Yes,Yes,Yes,No,No,No,No,No,No,No,No,No,KG,06,Elementary,As reported,1
2023-2024,04,ARIZONA,AZ,Imagine Prep Superstition Inc. (89788),01,,AZ-89788,0400783,1843 W 16TH AVE,,,Apache Junction,AZ,85120,6967,1843 W 16TH AVE,,,Apache Junction,AZ,85120,6967,(480)355-0530,http://www.imagineprep.com/,1,Open,1,Open,07/30/2024,7,Independent charter district,No,CHRTIDEAESEA,LEA for federal programs,No,No,No,No,No,No,No,No,No,No,No,Yes,Yes,Yes,Yes,No,No,No,09,12,High,As reported,1
2023-2024,04,ARIZONA,AZ,AZ Compass Schools Inc. (89869),01,,AZ-89869,0400785,2020 N ARIZONA AVE STE G62,,,CHANDLER,AZ,85225,3496,2020 N ARIZONA AVE STE G62,,,CHANDLER,AZ,85225,3496,(480)779-2010,http://www.azcompassprep.com/,1,Open,1,Open,07/30/2024,7,Independent charter district,No,CHRTIDEAESEA,LEA for federal programs,No,No,No,No,No,No,No,No,No,Yes,Yes,Yes,Yes,Yes,Yes,No,No,No,07,12,High,As reported,1
2023-2024,04,ARIZONA,AZ,West Valley Arts and Technology Academy Inc. (90036),01,,AZ-90036,0400786,5625 S 51ST AVE,,,LAVEEN,AZ,85339,6300,5625 S 51ST AVE,,,LAVEEN,AZ,85339,6300,(602)285-3003,http://www.Riverbendprep.org,1,Open,1,Open,07/30/2024,7,Independent charter district,No,CHRTIDEAESEA,LEA for federal programs,No,No,Yes,Yes,Yes,Yes,Yes,Yes,Yes,Yes,Yes,No,No,No,No,No,No,No,KG,08,Elementary,As reported,1
2023-2024,04,ARIZONA,AZ,Kaizen Education Foundation dba Vista Grove Prepar (90330),01,,AZ-90330,0400787,6150 N 16TH ST STE A,,,PHOENIX,AZ,85016,1774,6150 N 16TH ST STE A,,,PHOENIX,AZ,85016,1774,(602)953-2933,http://www.vistagroveprep.com/,1,Open,1,Open,07/30/2024,7,Independent charter district,No,CHRTIDEAESEA,LEA for federal programs,No,No,Yes,Yes,Yes,Yes,Yes,Yes,Yes,No,No,No,No,No,No,No,No,No,KG,06,Elementary,As reported,1
2023-2024,04,ARIZONA,AZ,ASU Preparatory Academy (90273),01,,AZ-90273,0400788,1130 E University Dr. Ste 230,,,Tempe,AZ,85287,,1130 E University Dr. Ste 230,,,Tempe,AZ,85287,,(480)965-4574,http://asuprep.asu.edu,1,Open,1,Open,07/30/2024,7,Independent charter district,No,CHRTIDEAESEA,LEA for federal programs,No,Yes,Yes,Yes,Yes,Yes,Yes,Yes,Yes,Yes,Yes,Yes,Yes,Yes,Yes,No,No,No,PK,12,Other,As reported,1
2023-2024,04,ARIZONA,AZ,Kaizen Education Foundation dba Liberty Arts Acade (90334),01,,AZ-90334,0400789,6150 N 16TH ST STE A,,,PHOENIX,AZ,85016,1774,6150 N 16TH ST STE A,,,PHOENIX,AZ,85016,1774,(602)953-2933,http://www.libertyartsacademy.com/,1,Open,1,Open,07/30/2024,7,Independent charter district,No,CHRTIDEAESEA,LEA for federal programs,No,No,Yes,Yes,Yes,Yes,Yes,Yes,Yes,Yes,Yes,No,No,No,No,No,No,No,KG,08,Elementary,As reported,1
2023-2024,04,ARIZONA,AZ,Apache Junction Unified District (4443),01,,AZ-4443,0400790,1575 W SOUTHERN AVE STE 3,,,Apache Junction,AZ,85120,7456,801 W SOUTHERN AVE,,,Apache Junction,AZ,85120,7416,(480)982-1110,http://www.ajusd.org,1,Open,1,Open,07/30/2024,1,Regular public school district that is not a component of a supervisory union,No,NOTCHR,Not a charter district,No,Yes,Yes,Yes,Yes,Yes,Yes,Yes,Yes,Yes,Yes,Yes,Yes,Yes,Yes,No,Yes,No,PK,12,Other,As reported,6
2023-2024,04,ARIZONA,AZ,Vector School District Inc. (90317),01,,AZ-90317,0400792,2020 N ARIZONA AVE STE G62,,,CHANDLER,AZ,85225,3496,2020 N Arizona Ave #5,,,CHANDLER,AZ,85225,4364,(877)225-2118,http://vectorprepandarts.com/,1,Open,1,Open,07/30/2024,7,Independent charter district,No,CHRTIDEAESEA,LEA for federal programs,No,No,Yes,Yes,Yes,Yes,Yes,Yes,Yes,No,No,No,No,No,No,No,No,No,KG,06,Elementary,As reported,1
2023-2024,04,ARIZONA,AZ,Sun Valley Academy - South Mountain Inc. (90192),01,,AZ-90192,0400793,2675 W BASELINE RD,,,PHOENIX,AZ,85041,6493,2675 W BASELINE RD,,,PHOENIX,AZ,85041,6493,(602)692-4914,http://sunvalleyacademy.org,1,Open,1,Open,07/30/2024,7,Independent charter district,No,CHRTIDEAESEA,LEA for federal programs,No,No,Yes,Yes,Yes,Yes,Yes,Yes,Yes,Yes,Yes,No,No,No,No,No,No,No,KG,08,Elementary,As reported,1
2023-2024,04,ARIZONA,AZ,Western Arizona Vocational District #50 (90123),01,,AZ-90123,0400794,PO BOX 7000,,,KINGMAN,AZ,86402,7000,700 W BEALE ST,,,KINGMAN,AZ,86401,5711,(928)753-0747,http://www.wavejted.org/,1,Open,1,Open,07/30/2024,9,Specialized public school district,No,NOTCHR,Not a charter district,No,No,No,No,No,No,No,No,No,No,No,Yes,Yes,Yes,Yes,No,No,No,09,12,High,As reported,10
2023-2024,04,ARIZONA,AZ,CAFA Inc. dba Learning Foundation and Performing  (90328),01,,AZ-90328,0400796,4055 E WARNER RD,,,GILBERT,AZ,85296,0927,4055 E WARNER RD,,,GILBERT,AZ,85296,0927,(480)635-1900,http://www.lfapa.com,6,Inactive,6,Inactive,07/30/2024,7,Independent charter district,No,CHRTIDEAESEA,LEA for federal programs,Not reported,Not reported,Not reported,Not reported,Not reported,Not reported,Not reported,Not reported,Not reported,Not reported,Not reported,Not reported,Not reported,Not reported,Not reported,Not reported,Not reported,Not reported,M,M,Not reported,As reported,0
2023-2024,04,ARIZONA,AZ,Academy Del Sol Inc. (90199),01,,AZ-90199,0400797,7102 W VALLEY CREST PL,,,TUCSON,AZ,85757,8709,7102 W VALLEY CREST PL,,,TUCSON,AZ,85757,8709,(520)789-7731,http://www.academydelsol.com,1,Open,1,Open,07/30/2024,7,Independent charter district,No,CHRTIDEAESEA,LEA for federal programs,No,No,Yes,Yes,Yes,Yes,Yes,Yes,Yes,Yes,Yes,No,No,No,No,No,No,No,KG,08,Elementary,As reported,2
2023-2024,04,ARIZONA,AZ,Pioneer Preparatory School (90140),01,,AZ-90140,0400798,6510 W CLARENDON AVE,,,PHOENIX,AZ,85033,4027,6510 W CLARENDON AVE,,,PHOENIX,AZ,85033,4027,(623)933-3733,http://pioneer.cfacademy.school/,1,Open,1,Open,07/30/2024,7,Independent charter district,No,CHRTIDEAESEA,LEA for federal programs,No,No,Yes,Yes,Yes,Yes,Yes,Yes,Yes,No,No,No,No,No,No,No,No,No,KG,06,Elementary,As reported,1
2023-2024,04,ARIZONA,AZ,Kaizen Education Foundation dba Gilbert Arts Acade (90333),01,,AZ-90333,0400799,6150 N 16TH ST STE A,,,PHOENIX,AZ,85016,1774,6150 N 16TH ST STE A,,,PHOENIX,AZ,85016,1774,(602)953-2933,http://www.gilbertartsacademy.com,1,Open,1,Open,07/30/2024,7,Independent charter district,No,CHRTIDEAESEA,LEA for federal programs,No,No,Yes,Yes,Yes,Yes,Yes,Yes,Yes,Yes,Yes,No,No,No,No,No,No,No,KG,08,Elementary,As reported,1
2023-2024,04,ARIZONA,AZ,The Odyssey Preparatory Academy Inc. (90287),01,,AZ-90287,0400800,1495 S VERRADO WAY,,,BUCKEYE,AZ,85326,9215,1495 S VERRADO WAY,,,BUCKEYE,AZ,85326,9215,(623)327-1757,http://www.odyprep.com,1,Open,1,Open,07/30/2024,7,Independent charter district,No,CHRTIDEAESEA,LEA for federal programs,No,No,Yes,Yes,Yes,Yes,Yes,Yes,Yes,Yes,Yes,Yes,Yes,Yes,Yes,No,No,No,KG,12,Other,As reported,4
2023-2024,04,ARIZONA,AZ,Skyline Gila River Schools LLC (90329),01,,AZ-90329,0400801,2020 N. Arizona Ave. Ste 109,,,Chandler,AZ,85225,,978 N Preschool Rd.,,,Bapchule,AZ,85121,,(877)225-2118,http://www.skylinegilariver.com/,1,Open,1,Open,07/30/2024,7,Independent charter district,No,CHRTIDEAESEA,LEA for federal programs,No,No,No,No,No,No,No,Yes,Yes,Yes,Yes,Yes,Yes,Yes,Yes,No,No,No,05,12,High,As reported,1
2023-2024,04,ARIZONA,AZ,Imagine Avondale Middle Inc. (90162),01,,AZ-90162,0400802,18052 N BLACK CANYON HWY,,,PHOENIX,AZ,85053,1715,950 N Eliseo C Felix Jr Way,,,Avondale,AZ,85323,,(623)344-1730,http://www.imagineavondale.org/,1,Open,1,Open,07/30/2024,7,Independent charter district,No,CHRTIDEAESEA,LEA for federal programs,No,No,No,No,No,No,No,No,Yes,Yes,Yes,No,No,No,No,No,No,No,06,08,Middle,As reported,1
2023-2024,04,ARIZONA,AZ,CAFA Inc. dba Learning Foundation and Performing  (90327),01,,AZ-90327,0400803,4055 E WARNER RD,,,GILBERT,AZ,85296,0927,4055 E WARNER RD,,,GILBERT,AZ,85296,0927,(480)635-1900,http://www.lfapa.com,1,Open,1,Open,07/30/2024,7,Independent charter district,No,CHRTIDEAESEA,LEA for federal programs,No,No,Yes,Yes,Yes,Yes,Yes,Yes,Yes,Yes,Yes,Yes,Yes,Yes,Yes,No,No,No,KG,12,Other,As reported,2
2023-2024,04,ARIZONA,AZ,Choice Academies Inc. (90138),01,,AZ-90138,0400805,2323 W PARKSIDE LN,,,PHOENIX,AZ,85027,1256,2323 W PARKSIDE LN,,,PHOENIX,AZ,85027,1256,(602)938-5517,http://www.atachoice.org,1,Open,1,Open,07/30/2024,7,Independent charter district,No,CHRTIDEAESEA,LEA for federal programs,No,No,Yes,Yes,Yes,Yes,Yes,Yes,Yes,Yes,Yes,Yes,Yes,Yes,Yes,No,No,No,KG,12,Other,As reported,2
2023-2024,04,ARIZONA,AZ,Daisy Education Corporation dba. Sonoran Science A (90284),01,,AZ-90284,0400807,5741 E IRONWOOD ST,,,TUCSON,AZ,85708,1429,5741 E IRONWOOD ST,,,TUCSON,AZ,85708,1429,(520)300-5699,http://www.sonoranschools.org/davismonthan,1,Open,1,Open,07/30/2024,7,Independent charter district,No,CHRTIDEAESEA,LEA for federal programs,No,No,No,No,No,No,No,No,Yes,Yes,Yes,Yes,Yes,Yes,Yes,No,No,No,06,12,High,As reported,1
2023-2024,04,ARIZONA,AZ,Imagine Superstition Middle Inc. (90160),01,,AZ-90160,0400810,1843 W 16TH AVE,,,Apache Junction,AZ,85120,6967,1843 W 16TH AVE,,,Apache Junction,AZ,85120,6967,(480)355-0530,http://www.imagineprep.com/,1,Open,1,Open,07/30/2024,7,Independent charter district,No,CHRTIDEAESEA,LEA for federal programs,No,No,No,No,No,No,No,No,Yes,Yes,Yes,No,No,No,No,No,No,No,06,08,Middle,As reported,1
2023-2024,04,ARIZONA,AZ,Ombudsman Educational Services LTD a subsidiary  (90326),01,,AZ-90326,0400811,13832 N 32ND ST STE 218 BLDG C,,,PHOENIX,AZ,85032,8614,1585 N MILWAUKEE AVE STE 2A,,,LIBERTYVILLE,IL,60048,1359,(800)833-9235,,6,Inactive,6,Inactive,07/30/2024,7,Independent charter district,Yes,CHRTIDEAESEA,LEA for federal programs,Not reported,Not reported,Not reported,Not reported,Not reported,Not reported,Not reported,Not reported,Not reported,Not reported,Not reported,Not reported,Not reported,Not reported,Not reported,Not reported,Not reported,Not reported,M,M,Not reported,As reported,0
2023-2024,04,ARIZONA,AZ,Camp Verde Unified School District dba South Verde (90136),01,,AZ-90136,0400813,410 CAMP LINCOLN RD,,,CAMP VERDE,AZ,86322,7494,462 S MAIN ST,,,CAMP VERDE,AZ,86322,,(928)567-8076,,6,Inactive,6,Inactive,07/30/2024,7,Independent charter district,No,CHRTIDEAESEA,LEA for federal programs,Not reported,Not reported,Not reported,Not reported,Not reported,Not reported,Not reported,Not reported,Not reported,Not reported,Not reported,Not reported,Not reported,Not reported,Not reported,Not reported,Not reported,Not reported,M,M,Not reported,As reported,0
2023-2024,04,ARIZONA,AZ,CPLC Community Schools dba Hiaki High School (90331),01,,AZ-90331,0400814,251 W IRVINGTON RD,,,TUCSON,AZ,85714,3054,4747 W CALLE VICAM,,,TUCSON,AZ,85757,8860,(520)887-0045,http://www.cplccommunityschool.org,1,Open,1,Open,07/30/2024,7,Independent charter district,No,CHRTIDEAESEA,LEA for federal programs,No,No,No,No,No,No,No,No,No,No,No,Yes,Yes,Yes,Yes,No,No,No,09,12,High,As reported,1
2023-2024,04,ARIZONA,AZ,Research Based Education Corporation (90275),01,,AZ-90275,0400815,8433 N BLACK CANYON HWY STE 16,,,PHOENIX,AZ,85021,4861,8433 N BLACK CANYON HWY STE 16,,,PHOENIX,AZ,85021,4861,(928)910-4425,http://www.pauldenschool.com,1,Open,1,Open,07/30/2024,7,Independent charter district,No,CHRTIDEAESEA,LEA for federal programs,No,No,Yes,Yes,Yes,Yes,Yes,Yes,Yes,Yes,Yes,No,No,No,No,No,No,No,KG,08,Elementary,As reported,1
2023-2024,04,ARIZONA,AZ,Educational Options Foundation (90201),01,,AZ-90201,0400816,6710 W CALLE LEJOS,,,PEORIA,AZ,85383,3234,6710 W CALLE LEJOS,,,PEORIA,AZ,85383,3234,(480)621-3365,http://eohighschool.com/,1,Open,1,Open,07/30/2024,7,Independent charter district,No,CHRTIDEAESEA,LEA for federal programs,No,No,No,No,No,No,No,No,No,Yes,Yes,Yes,Yes,Yes,Yes,No,No,No,07,12,High,As reported,2
2023-2024,04,ARIZONA,AZ,Ed Ahead (90506),01,,AZ-90506,0400817,3025 N WINSTEL BLVD,,,TUCSON,AZ,85716,1740,3025 N WINSTEL BLVD,,,TUCSON,AZ,85716,1740,(520)777-3757,http://academyadventuresmidtown.com,1,Open,1,Open,07/30/2024,7,Independent charter district,No,CHRTIDEAESEA,LEA for federal programs,No,No,Yes,Yes,Yes,Yes,Yes,Yes,No,No,No,No,No,No,No,No,No,No,KG,05,Elementary,As reported,1
2023-2024,04,ARIZONA,AZ,BASIS Charter Schools Inc. (90508),01,,AZ-90508,0400818,7975 N HAYDEN RD STE B100,,,SCOTTSDALE,AZ,85258,3276,7975 N HAYDEN RD STE B121,,,SCOTTSDALE,AZ,85258,3248,(520)308-5220,http://enrollbasis.com/oro-valley,1,Open,1,Open,07/30/2024,7,Independent charter district,No,CHRTIDEAESEA,LEA for federal programs,No,No,No,No,No,No,No,Yes,Yes,Yes,Yes,Yes,Yes,Yes,Yes,No,No,No,05,12,High,As reported,1
2023-2024,04,ARIZONA,AZ,Anthem Preparatory Academy (90532),01,,AZ-90532,0400819,4801 E WASHINGTON ST STE 250,,,PHOENIX,AZ,85034,2025,4801 E WASHINGTON ST STE 250,,,PHOENIX,AZ,85034,2025,(602)438-7045,http://anthem.greatheartsamerica.org/,1,Open,1,Open,07/30/2024,7,Independent charter district,No,CHRTIDEAESEA,LEA for federal programs,No,No,Yes,Yes,Yes,Yes,Yes,Yes,Yes,Yes,Yes,Yes,Yes,Yes,Yes,No,No,No,KG,12,Other,As reported,1
2023-2024,04,ARIZONA,AZ,Compass Points International Inc (90533),01,,AZ-90533,0400820,551 1ST ST,,,PRESCOTT,AZ,86301,2501,551 1ST ST,,,PRESCOTT,AZ,86301,2501,(928)717-3272,http://www.northpointacademy.org,1,Open,1,Open,07/30/2024,7,Independent charter district,No,CHRTIDEAESEA,LEA for federal programs,No,No,No,No,No,No,No,No,No,Yes,Yes,Yes,Yes,Yes,Yes,No,No,No,07,12,High,As reported,1
2023-2024,04,ARIZONA,AZ,Pima Prevention Partnership (90536),01,,AZ-90536,0400821,924 N Alvernon Way,,,Tucson,AZ,85711,,924 N Alvernon Way,,,Tucson,AZ,85711,,(520)326-2528,http://www.thepartnership.us/schools/,1,Open,1,Open,07/30/2024,7,Independent charter district,No,CHRTIDEAESEA,LEA for federal programs,No,No,No,No,No,No,No,No,No,No,No,Yes,Yes,Yes,Yes,No,No,No,09,12,High,As reported,1
2023-2024,04,ARIZONA,AZ,Daisy Education Corporation dba. Sonoran Science A (90541),01,,AZ-90541,0400822,1489 W. Elliot Road Suite D10,,,Gilbert,AZ,85233,,17667 N 91ST AVE,,,PEORIA,AZ,85382,3019,(623)776-9344,http://www.sonoranschools.org/peoria,1,Open,1,Open,07/30/2024,7,Independent charter district,No,CHRTIDEAESEA,LEA for federal programs,No,No,Yes,Yes,Yes,Yes,Yes,Yes,Yes,Yes,Yes,Yes,Yes,Yes,Yes,No,No,No,KG,12,Other,As reported,1
2023-2024,04,ARIZONA,AZ,Kaizen Education Foundation dba Mission Heights Pr (90548),01,,AZ-90548,0400823,6150 N 16TH ST STE A,,,PHOENIX,AZ,85016,1774,6150 N 16TH ST STE A,,,PHOENIX,AZ,85016,1774,(520)836-9383,http://www.mhprep.com/,1,Open,1,Open,07/30/2024,7,Independent charter district,No,CHRTIDEAESEA,LEA for federal programs,No,No,No,No,No,No,No,No,No,No,No,Yes,Yes,Yes,Yes,No,No,No,09,12,High,As reported,2
2023-2024,04,ARIZONA,AZ,Leading Edge Academy Maricopa (90637),01,,AZ-90637,0400824,633 E RAY RD STE 132,,,GILBERT,AZ,85296,4206,633 E RAY RD STE 132,,,GILBERT,AZ,85296,4206,(480)633-0414,http://www.leadingedgeacademy.com/new/,1,Open,1,Open,07/30/2024,7,Independent charter district,No,CHRTIDEAESEA,LEA for federal programs,No,No,Yes,Yes,Yes,Yes,Yes,Yes,Yes,Yes,Yes,No,No,No,No,No,No,No,KG,08,Elementary,As reported,1
2023-2024,04,ARIZONA,AZ,Arizona Education Solutions (90758),01,,AZ-90758,0400827,2500 S POWER RD STE 215,,,MESA,AZ,85209,6690,2500 S POWER RD STE 215,,,MESA,AZ,85209,6690,(602)641-8254,http://afprephigh.org,1,Open,1,Open,07/30/2024,7,Independent charter district,No,CHRTIDEAESEA,LEA for federal programs,No,No,Yes,Yes,Yes,Yes,Yes,Yes,Yes,Yes,Yes,Yes,Yes,Yes,Yes,No,No,No,KG,12,Other,As reported,2
2023-2024,04,ARIZONA,AZ,Arizona Agribusiness & Equine Center Inc. (90779),01,,AZ-90779,0400828,315 E MULBERRY DR,,,PHOENIX,AZ,85012,2307,3400 N Dysart Rd,,,Avondale,AZ,85392,,(602)297-8500,http://www.aaechighschools.com,1,Open,1,Open,07/30/2024,7,Independent charter district,No,CHRTIDEAESEA,LEA for federal programs,No,No,No,No,No,No,No,No,No,No,No,Yes,Yes,Yes,Yes,No,No,No,09,12,High,As reported,1
2023-2024,04,ARIZONA,AZ,BASIS Charter Schools Inc. (90841),01,,AZ-90841,0400829,7975 N HAYDEN RD STE B100,,,SCOTTSDALE,AZ,85258,3276,7975 N HAYDEN RD STE B100,,,SCOTTSDALE,AZ,85258,3276,(623)566-9100,http://enrollbasis.com/peoria/,1,Open,1,Open,07/30/2024,7,Independent charter district,No,CHRTIDEAESEA,LEA for federal programs,No,No,No,No,No,No,No,Yes,Yes,Yes,Yes,Yes,Yes,Yes,Yes,No,No,No,05,12,High,As reported,1
2023-2024,04,ARIZONA,AZ,BASIS Charter Schools Inc. (90842),01,,AZ-90842,0400830,7975 N HAYDEN RD STE B100,,,SCOTTSDALE,AZ,85258,3276,11485 N 136TH ST STE 109,,,SCOTTSDALE,AZ,85259,3799,(480)907-6072,http://enrollbasis.com/chandler/,1,Open,1,Open,07/30/2024,7,Independent charter district,No,CHRTIDEAESEA,LEA for federal programs,No,No,No,No,No,No,No,Yes,Yes,Yes,Yes,Yes,Yes,Yes,Yes,No,No,No,05,12,High,As reported,1
2023-2024,04,ARIZONA,AZ,BASIS Charter Schools Inc. (90862),01,,AZ-90862,0400831,7975 N HAYDEN RD STE B100,,,SCOTTSDALE,AZ,85258,3276,7975 N HAYDEN RD STE B100,,,SCOTTSDALE,AZ,85258,3276,(928)774-5502,http://enrollbasis.com/flagstaff/,1,Open,1,Open,07/30/2024,7,Independent charter district,No,CHRTIDEAESEA,LEA for federal programs,No,No,Yes,Yes,Yes,Yes,Yes,Yes,Yes,Yes,Yes,Yes,Yes,Yes,Yes,No,No,No,KG,12,Other,As reported,1
2023-2024,04,ARIZONA,AZ,Archway Classical Academy Trivium West (90915),01,,AZ-90915,0400832,4801 E WASHINGTON ST STE 250,,,PHOENIX,AZ,85034,2025,4801 E WASHINGTON ST STE 250,,,PHOENIX,AZ,85034,2025,(602)438-7045,http://archwaytrivium.greatheartsamerica.org/,1,Open,1,Open,07/30/2024,7,Independent charter district,No,CHRTIDEAESEA,LEA for federal programs,No,No,Yes,Yes,Yes,Yes,Yes,Yes,Yes,Yes,Yes,Yes,Yes,Yes,Yes,No,No,No,KG,12,Other,As reported,1
2023-2024,04,ARIZONA,AZ,Archway Classical Academy Veritas (90916),01,,AZ-90916,0400833,4801 E WASHINGTON ST STE 250,,,PHOENIX,AZ,85034,2025,4801 E WASHINGTON ST STE 250,,,PHOENIX,AZ,85034,2025,(602)438-7045,http://archwayveritas.greatheartsamerica.org/,1,Open,1,Open,07/30/2024,7,Independent charter district,No,CHRTIDEAESEA,LEA for federal programs,No,No,Yes,Yes,Yes,Yes,Yes,Yes,Yes,Yes,Yes,Yes,Yes,Yes,Yes,No,No,No,KG,12,Other,As reported,1
2023-2024,04,ARIZONA,AZ,Archway Classical Academy Chandler (90917),01,,AZ-90917,0400834,4801 E WASHINGTON ST STE 250,,,PHOENIX,AZ,85034,2025,4801 E WASHINGTON ST STE 250,,,PHOENIX,AZ,85034,2025,(602)438-7045,http://archwaychandler.greatheartsamerica.org/,1,Open,1,Open,07/30/2024,7,Independent charter district,No,CHRTIDEAESEA,LEA for federal programs,No,No,Yes,Yes,Yes,Yes,Yes,Yes,Yes,Yes,Yes,Yes,Yes,Yes,Yes,No,No,No,KG,12,Other,As reported,1
2023-2024,04,ARIZONA,AZ,Yuma County Education Service Agency (79196),01,,AZ-79196,0400835,210 S 1ST AVE,,,YUMA,AZ,85364,2206,210 S 1ST AVE,,,YUMA,AZ,85364,2206,(928)373-1006,,1,Open,1,Open,07/30/2024,4,Service agency,No,NOTCHR,Not a charter district,Yes,No,No,No,No,No,No,No,No,No,No,No,No,No,No,No,No,No,N,N,Not applicable,As reported,0
2023-2024,04,ARIZONA,AZ,Arizona Supreme Court (9576),01,,AZ-9576,0400836,1501 W WASHINGTON ST STE 337,,,PHOENIX,AZ,85007,3227,1501 W WASHINGTON ST STE 337,,,PHOENIX,AZ,85007,3227,(555)555-5555,,6,Inactive,6,Inactive,07/30/2024,8,Other local education agency,No,NOTCHR,Not a charter district,Not reported,Not reported,Not reported,Not reported,Not reported,Not reported,Not reported,Not reported,Not reported,Not reported,Not reported,Not reported,Not reported,Not reported,Not reported,Not reported,Not reported,Not reported,M,M,Not reported,As reported,0
2023-2024,04,ARIZONA,AZ,Apache County Sheriff's Office (79547),01,,AZ-79547,0400837,PO BOX 518,,,SAINT JOHNS,AZ,85936,0518,75 W Cleveland St,,,St Johns,AZ,85936,,(928)337-4321,,1,Open,1,Open,07/30/2024,8,Other local education agency,No,NOTCHR,Not a charter district,No,No,No,No,No,No,No,No,No,No,No,Yes,Yes,Yes,Yes,No,No,No,09,12,High,As reported,0
2023-2024,04,ARIZONA,AZ,Arizona Agribusiness & Equine Center Inc. (91131),01,,AZ-91131,0400838,315 E MULBERRY DR,,,PHOENIX,AZ,85012,2307,7500 E Civic Circle,,,Prescott Valley,AZ,86314,,(602)297-8500,http://www.aaechighschools.com,1,Open,1,Open,07/30/2024,7,Independent charter district,No,CHRTIDEAESEA,LEA for federal programs,No,No,No,No,No,No,No,No,No,No,No,Yes,Yes,Yes,Yes,No,No,No,09,12,High,As reported,2
2023-2024,04,ARIZONA,AZ,Pima Rose Academy Inc. (90997),01,,AZ-90997,0400839,3686 W ORANGE GROVE RD STE 192,,,TUCSON,AZ,85741,2852,1690 W IRVINGTON RD,,,TUCSON,AZ,85746,4174,(520)797-4884,http://www.go2rose.com,1,Open,1,Open,07/30/2024,7,Independent charter district,No,CHRTNOTLEA,Not LEA for federal programs,No,No,No,No,No,No,No,No,No,No,No,Yes,Yes,Yes,Yes,No,No,No,09,12,High,As reported,1
2023-2024,04,ARIZONA,AZ,Arlington Elementary District (4274),01,,AZ-4274,0400840,9410 S 355TH AVE,,,ARLINGTON,AZ,85322,8134,9410 S 355TH AVE,,,ARLINGTON,AZ,85322,8134,(623)386-2031,http://www.arlingtonelem.org,1,Open,1,Open,07/30/2024,1,Regular public school district that is not a component of a supervisory union,No,NOTCHR,Not a charter district,No,Yes,Yes,Yes,Yes,Yes,Yes,Yes,Yes,Yes,Yes,No,No,No,No,No,Yes,No,PK,08,Elementary,As reported,1
2023-2024,04,ARIZONA,AZ,Archway Classical Academy Scottsdale (90857),01,,AZ-90857,0400841,4801 E WASHINGTON ST STE 250,,,PHOENIX,AZ,85034,2025,4801 E WASHINGTON ST STE 250,,,PHOENIX,AZ,85034,2025,(602)438-7045,http://archwayscottsdale.greatheartsamerica.org/,1,Open,1,Open,07/30/2024,7,Independent charter district,No,CHRTIDEAESEA,LEA for federal programs,No,No,Yes,Yes,Yes,Yes,Yes,Yes,Yes,Yes,Yes,Yes,Yes,Yes,Yes,No,No,No,KG,12,Other,As reported,1
2023-2024,04,ARIZONA,AZ,Legacy Traditional School - Northwest Tucson (91137),01,,AZ-91137,0400842,3201 S GILBERT RD BLDG A,,,CHANDLER,AZ,85286,5193,3500 W CORTARO FARMS RD,,,TUCSON,AZ,85742,7808,(480)270-5438,http://legacytraditional.org,1,Open,1,Open,07/30/2024,7,Independent charter district,No,CHRTIDEAESEA,LEA for federal programs,No,No,Yes,Yes,Yes,Yes,Yes,Yes,Yes,Yes,Yes,No,No,No,No,No,No,No,KG,08,Elementary,As reported,1
2023-2024,04,ARIZONA,AZ,BASIS Charter Schools Inc. (91280),01,,AZ-91280,0400843,7975 N HAYDEN RD STE B100,,,SCOTTSDALE,AZ,85258,3276,13613 N CAVE CREEK RD,,,PHOENIX,AZ,85022,5137,(602)595-9870,http://enrollbasis.com/phoenix/,1,Open,1,Open,07/30/2024,7,Independent charter district,No,CHRTIDEAESEA,LEA for federal programs,No,No,No,No,No,No,No,Yes,Yes,Yes,Yes,Yes,Yes,Yes,Yes,No,No,No,05,12,High,As reported,1
2023-2024,04,ARIZONA,AZ,La Tierra Community School Inc (90900),01,,AZ-90900,0400844,124 N VIRGINIA ST,,,PRESCOTT,AZ,86301,3224,124 N VIRGINIA ST,,,PRESCOTT,AZ,86301,3224,(928)445-5100,http://www.latierracommunityschool.org,1,Open,1,Open,07/30/2024,7,Independent charter district,No,CHRTIDEAESEA,LEA for federal programs,No,No,Yes,Yes,Yes,Yes,Yes,Yes,Yes,Yes,Yes,No,No,No,No,No,No,No,KG,08,Elementary,As reported,1
2023-2024,04,ARIZONA,AZ,Leading Edge Academy Queen Creek  (91174),01,,AZ-91174,0400845,633 E RAY RD STE 132,,,GILBERT,AZ,85296,4206,4815 W HUNT HWY,,,QUEEN CREEK,AZ,85142,3271,(480)655-6787,http://www.leadingedgeacademy.com,1,Open,1,Open,07/30/2024,7,Independent charter district,No,CHRTIDEAESEA,LEA for federal programs,No,No,Yes,Yes,Yes,Yes,Yes,Yes,Yes,Yes,Yes,No,No,No,No,No,No,No,KG,08,Elementary,As reported,1
2023-2024,04,ARIZONA,AZ,South Valley Academy Inc. (90540),01,,AZ-90540,0400846,15220 S 50TH ST STE 105,,,PHOENIX,AZ,85044,9132,7450 S 40TH ST,,,PHOENIX,AZ,85042,6351,(877)255-2118,http://southvalleyacademy.com/,1,Open,1,Open,07/30/2024,7,Independent charter district,No,CHRTIDEAESEA,LEA for federal programs,No,No,No,No,No,No,No,Yes,Yes,Yes,Yes,No,No,No,No,No,No,No,05,08,Middle,As reported,1
2023-2024,04,ARIZONA,AZ,Legacy Traditional School - Avondale (91135),01,,AZ-91135,0400847,3201 S Gilbert Rd,Bld A,,Chandler,AZ,85286,,17760 N REGENT DR,,,MARICOPA,AZ,85138,7804,(480)270-5438,http://legacytraditional.org,1,Open,1,Open,07/30/2024,7,Independent charter district,No,CHRTIDEAESEA,LEA for federal programs,No,No,Yes,Yes,Yes,Yes,Yes,Yes,Yes,Yes,Yes,No,No,No,No,No,No,No,KG,08,Elementary,As reported,1
2023-2024,04,ARIZONA,AZ,EAGLE College Prep Harmony LLC (91170),01,,AZ-91170,0400849,2435 E PECAN RD,,,PHOENIX,AZ,85040,3632,2435 E PECAN RD,,,PHOENIX,AZ,85040,3632,(602)268-1212,http://eagleprep.org/arizona/phoenix-south,6,Inactive,6,Inactive,07/30/2024,7,Independent charter district,No,CHRTIDEAESEA,LEA for federal programs,Not reported,Not reported,Not reported,Not reported,Not reported,Not reported,Not reported,Not reported,Not reported,Not reported,Not reported,Not reported,Not reported,Not reported,Not reported,Not reported,Not reported,Not reported,M,M,Not reported,As reported,0
2023-2024,04,ARIZONA,AZ,Reid Traditional Schools' Painted Rock Academy Inc (91317),01,,AZ-91317,0400850,14841 N BLACK CANYON HWY,,,PHOENIX,AZ,85023,5068,14841 N BLACK CANYON HWY,,,PHOENIX,AZ,85023,5068,(623)466-8855,http://paintedrockacademy.com,1,Open,1,Open,07/30/2024,7,Independent charter district,No,CHRTIDEAESEA,LEA for federal programs,No,No,Yes,Yes,Yes,Yes,Yes,Yes,Yes,Yes,Yes,No,No,No,No,No,No,No,KG,08,Elementary,As reported,1
2023-2024,04,ARIZONA,AZ,Trivium Preparatory Academy (90859),01,,AZ-90859,0400851,4801 E WASHINGTON ST STE 250,,,PHOENIX,AZ,85034,2025,4801 E WASHINGTON ST STE 250,,,PHOENIX,AZ,85034,2025,(602)438-7045,http://triviumprep.greatheartsamerica.org/,1,Open,1,Open,07/30/2024,7,Independent charter district,No,CHRTIDEAESEA,LEA for federal programs,No,No,No,No,No,No,No,No,Yes,Yes,Yes,Yes,Yes,Yes,Yes,No,No,No,06,12,High,As reported,1
2023-2024,04,ARIZONA,AZ,Kaizen Education Foundation dba Havasu Preparatory (90535),01,,AZ-90535,0400852,6150 N 16TH ST STE A,,,PHOENIX,AZ,85016,1774,6150 N 16TH ST STE A,,,PHOENIX,AZ,85016,1774,(602)953-2933,http://www.havasuprepele.com/,1,Open,1,Open,07/30/2024,7,Independent charter district,No,CHRTIDEAESEA,LEA for federal programs,No,No,Yes,Yes,Yes,Yes,Yes,Yes,Yes,Yes,Yes,No,No,No,No,No,No,No,KG,08,Elementary,As reported,1
2023-2024,04,ARIZONA,AZ,South Phoenix Academy Inc. (91108),01,,AZ-91108,0400853,15220 S 50TH ST STE 105,,,PHOENIX,AZ,85044,9132,7450 S 40TH ST,,,PHOENIX,AZ,85042,6351,(877)225-2118,http://www.southphoenixacademy.com/,1,Open,1,Open,07/30/2024,7,Independent charter district,No,CHRTIDEAESEA,LEA for federal programs,No,No,Yes,Yes,Yes,Yes,Yes,No,No,No,No,No,No,No,No,No,No,No,KG,04,Elementary,As reported,1
2023-2024,04,ARIZONA,AZ,Legacy Traditional School - Chandler (91133),01,,AZ-91133,0400855,17760 N REGENT DR,,,MARICOPA,AZ,85138,7804,3201 S GILBERT RD BLDG B,,,CHANDLER,AZ,85286,5193,(480)270-5438,http://legacytraditional.org,1,Open,1,Open,07/30/2024,7,Independent charter district,No,CHRTIDEAESEA,LEA for federal programs,No,No,Yes,Yes,Yes,Yes,Yes,Yes,Yes,Yes,Yes,No,No,No,No,No,No,No,KG,08,Elementary,As reported,1
2023-2024,04,ARIZONA,AZ,ASU Preparatory Academy (91307),01,,AZ-91307,0400857,6950 E WILLIAMS FIELD RD,,,MESA,AZ,85212,6033,6950 E WILLIAMS FIELD RD,,,MESA,AZ,85212,6033,(480)965-4574,http://www.asuprep.asu.edu,1,Open,1,Open,07/30/2024,7,Independent charter district,No,CHRTIDEAESEA,LEA for federal programs,No,No,Yes,Yes,Yes,Yes,Yes,No,No,No,No,No,No,No,No,No,No,No,KG,04,Elementary,As reported,1
2023-2024,04,ARIZONA,AZ,ASU Preparatory Academy (91303),01,,AZ-91303,0400858,735 E FILLMORE ST,,,PHOENIX,AZ,85006,3324,735 E FILLMORE ST,,,PHOENIX,AZ,85006,3324,(480)965-4574,http://asuprep.asu.edu,1,Open,1,Open,07/30/2024,7,Independent charter district,No,CHRTIDEAESEA,LEA for federal programs,No,No,No,No,No,No,No,No,No,No,No,Yes,Yes,Yes,Yes,No,No,No,09,12,High,As reported,1
2023-2024,04,ARIZONA,AZ,ASU Preparatory Academy (91305),01,,AZ-91305,0400859,PO Box 873805,,,Tempe,AZ,85287,7304,430 E University Drive,,,Tempe,AZ,85281,,(480)965-4574,http://www.asuprep.asu.edu,1,Open,1,Open,07/30/2024,7,Independent charter district,No,CHRTIDEAESEA,LEA for federal programs,No,No,No,No,No,No,No,No,No,No,Yes,Yes,Yes,Yes,Yes,No,No,No,08,12,High,As reported,1
2023-2024,04,ARIZONA,AZ,North Phoenix Preparatory Academy (90879),01,,AZ-90879,0400861,4801 E WASHINGTON ST STE 250,,,PHOENIX,AZ,85034,2025,4801 E WASHINGTON ST STE 250,,,PHOENIX,AZ,85034,2025,(602)438-7045,http://northphoenixprep.greatheartsamerica.org/,1,Open,1,Open,07/30/2024,7,Independent charter district,No,CHRTIDEAESEA,LEA for federal programs,No,No,No,No,No,No,No,No,Yes,Yes,Yes,Yes,Yes,Yes,Yes,No,No,No,06,12,High,As reported,1
2023-2024,04,ARIZONA,AZ,The Paideia Academies Inc (91250),01,,AZ-91250,0400863,7777 S 15TH TER,,,PHOENIX,AZ,85042,6754,7777 S 15TH TER,,,PHOENIX,AZ,85042,6754,(602)343-3040,http://www.paideiaacademies.com,1,Open,1,Open,07/30/2024,7,Independent charter district,No,CHRTIDEAESEA,LEA for federal programs,No,No,Yes,Yes,Yes,Yes,Yes,Yes,Yes,Yes,Yes,Yes,Yes,Yes,Yes,No,No,No,KG,12,Other,As reported,2
2023-2024,04,ARIZONA,AZ,Happy Valley East (90906),01,,AZ-90906,0400864,827 E 6TH AVE,,,MESA,AZ,85204,2603,827 E 6TH AVE,,,MESA,AZ,85204,2603,(480)888-1342,http://www.hveast.com,1,Open,1,Open,07/30/2024,7,Independent charter district,No,CHRTIDEAESEA,LEA for federal programs,No,No,Yes,Yes,Yes,Yes,Yes,Yes,Yes,No,No,No,No,No,No,No,No,No,KG,06,Elementary,As reported,1
2023-2024,04,ARIZONA,AZ,Archway Classical Academy Glendale (91878),01,,AZ-91878,0400866,4801 E WASHINGTON ST STE 250,,,PHOENIX,AZ,85034,2025,4801 E WASHINGTON ST STE 250,,,PHOENIX,AZ,85034,2025,(602)438-7045,http://archwayglendale.greatheartsamerica.org/,1,Open,1,Open,07/30/2024,7,Independent charter district,No,CHRTIDEAESEA,LEA for federal programs,No,No,Yes,Yes,Yes,Yes,Yes,Yes,No,No,No,No,No,No,No,No,No,No,KG,05,Elementary,As reported,1
2023-2024,04,ARIZONA,AZ,Ball Charter Schools (Val Vista) (90885),01,,AZ-90885,0400867,2207 N DOBSON RD,,,CHANDLER,AZ,85224,2282,4120 S VAL VISTA DR,,,GILBERT,AZ,85297,4607,(480)656-5555,http://www.valvistaacademy.org,1,Open,1,Open,07/30/2024,7,Independent charter district,No,CHRTIDEAESEA,LEA for federal programs,No,No,Yes,Yes,Yes,Yes,Yes,Yes,Yes,Yes,Yes,No,No,No,No,No,No,No,KG,08,Elementary,As reported,1
2023-2024,04,ARIZONA,AZ,Open Doors Community School Inc. (91238),01,,AZ-91238,0400868,13644 N. Sandario Rd.,,,Marana,AZ,85653,,13644 N. Sandario Rd.,,,Marana,AZ,85653,,(520)744-9595,http://www.opendoorsschool.org,6,Inactive,6,Inactive,07/30/2024,7,Independent charter district,No,CHRTIDEAESEA,LEA for federal programs,Not reported,Not reported,Not reported,Not reported,Not reported,Not reported,Not reported,Not reported,Not reported,Not reported,Not reported,Not reported,Not reported,Not reported,Not reported,Not reported,Not reported,Not reported,M,M,Not reported,As reported,0
2023-2024,04,ARIZONA,AZ,Ash Creek Elementary District (4187),01,,AZ-4187,0400870,6460 E HIGHWAY 181,,,PEARCE,AZ,85625,6103,6460 E HIGHWAY 181,,,PEARCE,AZ,85625,6103,(520)824-3340,http://ashcreekschool.wordpress.com,1,Open,1,Open,07/30/2024,1,Regular public school district that is not a component of a supervisory union,No,NOTCHR,Not a charter district,No,Yes,Yes,Yes,Yes,Yes,Yes,Yes,Yes,Yes,Yes,No,No,No,No,No,Yes,No,PK,08,Elementary,As reported,1
2023-2024,04,ARIZONA,AZ,Legacy Traditional School - Laveen Village (91763),01,,AZ-91763,0400871,7900 S 43RD AVE,,,LAVEEN,AZ,85339,3023,7900 S 43RD AVE,,,LAVEEN,AZ,85339,3023,(480)270-5438,http://legacytraditional.org/,1,Open,1,Open,07/30/2024,7,Independent charter district,No,CHRTIDEAESEA,LEA for federal programs,No,No,Yes,Yes,Yes,Yes,Yes,Yes,Yes,Yes,Yes,No,No,No,No,No,No,No,KG,08,Elementary,As reported,1
2023-2024,04,ARIZONA,AZ,Institute for Transformative Education Inc. (90876),01,,AZ-90876,0400872,1300 S BELVEDERE AVE,,,TUCSON,AZ,85711,5701,1300 S BELVEDERE AVE,,,TUCSON,AZ,85711,5701,(520)615-2200,http://www.thewesterninstitute.org,6,Inactive,6,Inactive,07/30/2024,7,Independent charter district,No,CHRTIDEAESEA,LEA for federal programs,Not reported,Not reported,Not reported,Not reported,Not reported,Not reported,Not reported,Not reported,Not reported,Not reported,Not reported,Not reported,Not reported,Not reported,Not reported,Not reported,Not reported,Not reported,M,M,Not reported,As reported,0
2023-2024,04,ARIZONA,AZ,Archway Classical Academy North Phoenix (91758),01,,AZ-91758,0400873,4801 E WASHINGTON ST STE 250,,,PHOENIX,AZ,85034,2025,4801 E WASHINGTON ST STE 250,,,PHOENIX,AZ,85034,2025,(602)438-7045,http://archwaynorthphoenix.greatheartsamerica.org/,1,Open,1,Open,07/30/2024,7,Independent charter district,No,CHRTIDEAESEA,LEA for federal programs,No,No,Yes,Yes,Yes,Yes,Yes,Yes,Yes,No,No,No,No,No,No,No,No,No,KG,06,Elementary,As reported,1
2023-2024,04,ARIZONA,AZ,Maryvale Preparatory Academy (90861),01,,AZ-90861,0400875,4801 E WASHINGTON ST STE 250,,,PHOENIX,AZ,85034,2025,4801 E WASHINGTON ST STE 250,,,PHOENIX,AZ,85034,2025,(602)438-7045,http://maryvaleprep.greatheartsamerica.org/,1,Open,1,Open,07/30/2024,7,Independent charter district,No,CHRTIDEAESEA,LEA for federal programs,No,No,Yes,Yes,Yes,Yes,Yes,Yes,Yes,Yes,Yes,Yes,Yes,Yes,Yes,No,No,No,KG,12,Other,As reported,1
2023-2024,04,ARIZONA,AZ,George Gervin Youth Center Inc. (90884),01,,AZ-90884,0400876,6903 S SUNBELT DR,,,SAN ANTONIO,TX,78218,3336,40 W Baseline Rd,,,Tempe,AZ,85283,,(480)219-2121,http://georgegervinprepacademy.org,1,Open,1,Open,07/30/2024,7,Independent charter district,Yes,CHRTIDEAESEA,LEA for federal programs,No,No,Yes,Yes,Yes,Yes,Yes,Yes,Yes,Yes,Yes,No,No,No,No,No,No,No,KG,08,Elementary,As reported,1
2023-2024,04,ARIZONA,AZ,Empower College Prep (91277),01,,AZ-91277,0400877,2411 W COLTER ST,,,PHOENIX,AZ,85015,2716,2411 W COLTER ST,,,PHOENIX,AZ,85015,2716,(602)283-5720,http://www.empowercollegeprep.org,1,Open,1,Open,07/30/2024,7,Independent charter district,No,CHRTIDEAESEA,LEA for federal programs,No,No,Yes,Yes,Yes,Yes,Yes,Yes,Yes,Yes,Yes,Yes,Yes,Yes,Yes,No,No,No,KG,12,Other,As reported,2
2023-2024,04,ARIZONA,AZ,BASIS Charter Schools Inc. (91309),01,,AZ-91309,0400878,11485 N 136TH ST STE 110,,,SCOTTSDALE,AZ,85259,3799,5740 E RIVER RD,,,TUCSON,AZ,85750,1915,(520)207-0076,http://enrollbasis.com/tucson-north/,1,Open,1,Open,07/30/2024,7,Independent charter district,No,CHRTIDEAESEA,LEA for federal programs,No,No,No,No,No,No,No,Yes,Yes,Yes,Yes,Yes,Yes,Yes,Yes,No,No,No,05,12,High,As reported,1
2023-2024,04,ARIZONA,AZ,Scottsdale Country Day School (91110),01,,AZ-91110,0400879,10460 N 56TH ST,,,SCOTTSDALE,AZ,85253,1133,10460 N 56TH ST,,,SCOTTSDALE,AZ,85253,1133,(480)452-5777,http://www.scdsaz.com/,1,Open,1,Open,07/30/2024,7,Independent charter district,No,CHRTIDEAESEA,LEA for federal programs,No,No,Yes,Yes,Yes,Yes,Yes,Yes,Yes,Yes,Yes,No,No,No,No,No,No,No,KG,08,Elementary,As reported,1
2023-2024,04,ARIZONA,AZ,Southwest Leadership Academy (92043),01,,AZ-92043,0400880,2560 Business Parkway STE A,,,Minden,NV,89423,,4301 W FILLMORE ST,,,PHOENIX,AZ,85043,2908,(602)265-2000,http://www.southwestleadershipacademy.com,1,Open,1,Open,07/30/2024,7,Independent charter district,Yes,CHRTIDEAESEA,LEA for federal programs,No,No,No,No,No,No,No,No,No,No,No,Yes,Yes,Yes,Yes,No,No,No,09,12,High,As reported,1
2023-2024,04,ARIZONA,AZ,BASIS Charter Schools Inc. (92349),01,,AZ-92349,0400881,7975 N HAYDEN RD STE B100,,,SCOTTSDALE,AZ,85258,3276,7975 N HAYDEN RD STE B100,,,SCOTTSDALE,AZ,85258,3276,(602)962-7393,http://enrollbasis.com/phoenix-central/,1,Open,1,Open,07/30/2024,7,Independent charter district,No,CHRTIDEAESEA,LEA for federal programs,No,No,Yes,Yes,Yes,Yes,Yes,Yes,Yes,Yes,Yes,Yes,Yes,Yes,Yes,No,No,No,KG,12,Other,As reported,1
2023-2024,04,ARIZONA,AZ,Kaizen Education Foundation dba Advance U (91329),01,,AZ-91329,0400882,6150 N 16TH ST STE A,,,PHOENIX,AZ,85016,1774,6150 N 16TH ST STE A,,,PHOENIX,AZ,85016,1774,(602)953-2933,http://www.advance-u.com/,1,Open,1,Open,07/30/2024,7,Independent charter district,No,CHRTIDEAESEA,LEA for federal programs,No,No,Yes,Yes,Yes,Yes,No,No,No,No,No,No,No,No,No,No,No,No,KG,03,Elementary,As reported,1
2023-2024,04,ARIZONA,AZ,ASU Preparatory Academy (92327),01,,AZ-92327,0400884,6950 E WILLIAMS FIELD RD,,,MESA,AZ,85212,6033,6950 E WILLIAMS FIELD RD,,,MESA,AZ,85212,6033,(480)965-4574,http://asuprep.asu.edu,1,Open,1,Open,07/30/2024,7,Independent charter district,No,CHRTIDEAESEA,LEA for federal programs,No,No,No,No,No,No,No,Yes,Yes,Yes,Yes,No,No,No,No,No,No,No,05,08,Middle,As reported,1
2023-2024,04,ARIZONA,AZ,Incito Schools (91326),01,,AZ-91326,0400885,PO BOX 7470,,,GOODYEAR,AZ,85338,0642,877 N SARIVAL AVE,,,GOODYEAR,AZ,85338,2316,(623)398-6968,http://incitoschools.org,1,Open,1,Open,07/30/2024,7,Independent charter district,No,CHRTIDEAESEA,LEA for federal programs,No,No,Yes,Yes,Yes,Yes,Yes,Yes,Yes,Yes,Yes,No,No,No,No,No,No,No,KG,08,Elementary,As reported,2
2023-2024,04,ARIZONA,AZ,Archway Classical Academy Cicero (92314),01,,AZ-92314,0400886,4801 E WASHINGTON ST STE 250,,,PHOENIX,AZ,85034,2025,4801 E WASHINGTON ST STE 250,,,PHOENIX,AZ,85034,2025,(602)438-7045,http://archwaycicero.greatheartsamerica.org/,1,Open,1,Open,07/30/2024,7,Independent charter district,No,CHRTIDEAESEA,LEA for federal programs,No,No,Yes,Yes,Yes,Yes,Yes,Yes,Yes,Yes,No,No,No,No,No,No,No,No,KG,07,Elementary,As reported,1
2023-2024,04,ARIZONA,AZ,Vista College Preparatory Inc. (91948),01,,AZ-91948,0400887,812 S 6TH AVE,,,PHOENIX,AZ,85003,2528,812 S 6TH AVE,,,PHOENIX,AZ,85003,2528,(602)374-7159,http://www.vistacollegeprep.org,1,Open,1,Open,07/30/2024,7,Independent charter district,No,CHRTIDEAESEA,LEA for federal programs,No,No,Yes,Yes,Yes,Yes,Yes,Yes,Yes,Yes,Yes,No,No,No,No,No,Yes,No,KG,08,Elementary,As reported,5
2023-2024,04,ARIZONA,AZ,Archway Classical Academy Arete (92312),01,,AZ-92312,0400888,4801 E WASHINGTON ST STE 250,,,PHOENIX,AZ,85034,2025,4801 E WASHINGTON ST STE 250,,,PHOENIX,AZ,85034,2025,(480)222-4233,http://archwayarete.greatheartsamerica.org/,1,Open,1,Open,07/30/2024,7,Independent charter district,No,CHRTIDEAESEA,LEA for federal programs,No,No,Yes,Yes,Yes,Yes,Yes,Yes,No,No,No,No,No,No,No,No,No,No,KG,05,Elementary,As reported,1
2023-2024,04,ARIZONA,AZ,ASU Preparatory Academy (92325),01,,AZ-92325,0400890,735 E FILLMORE ST,,,PHOENIX,AZ,85006,3324,735 E FILLMORE ST,,,PHOENIX,AZ,85006,3324,(480)965-4574,http://asuprep.asu.edu,1,Open,1,Open,07/30/2024,7,Independent charter district,No,CHRTIDEAESEA,LEA for federal programs,No,No,No,No,No,No,No,Yes,Yes,Yes,Yes,No,No,No,No,No,No,No,05,08,Middle,As reported,1
2023-2024,04,ARIZONA,AZ,Academy of Mathematics and Science South Inc. (90878),01,,AZ-90878,0400891,1557 W PRINCE RD,,,TUCSON,AZ,85705,3023,1557 W PRINCE RD,,,TUCSON,AZ,85705,3023,(520)293-2676,,1,Open,1,Open,07/30/2024,7,Independent charter district,No,CHRTIDEAESEA,LEA for federal programs,No,No,Yes,Yes,Yes,Yes,Yes,Yes,Yes,Yes,Yes,No,No,No,No,No,No,No,KG,08,Elementary,As reported,6
2023-2024,04,ARIZONA,AZ,Legacy Traditional School - Casa Grande (92199),01,,AZ-92199,0400892,3201 S GILBERT RD BLDG A,,,CHANDLER,AZ,85286,5193,1274 E. Oneil Drive,,,Casa Grande,AZ,85122,,(480)270-5438,http://legacytraditional.org,1,Open,1,Open,07/30/2024,7,Independent charter district,No,CHRTIDEAESEA,LEA for federal programs,No,No,Yes,Yes,Yes,Yes,Yes,Yes,Yes,Yes,Yes,No,No,No,No,No,No,No,KG,08,Elementary,As reported,1
2023-2024,04,ARIZONA,AZ,Hirsch Academy A Challenge Foundation (91275),01,,AZ-91275,0400893,6535 E OSBORN RD STE 401,,,SCOTTSDALE,AZ,85251,6028,6535 E OSBORN RD STE 401,,,SCOTTSDALE,AZ,85251,6028,(480)488-9362,http://www.hirsch.teamcfa.org,1,Open,1,Open,07/30/2024,7,Independent charter district,No,CHRTIDEAESEA,LEA for federal programs,No,No,Yes,Yes,Yes,Yes,Yes,Yes,Yes,No,No,No,No,No,No,No,No,No,KG,06,Elementary,As reported,1
2023-2024,04,ARIZONA,AZ,Kaizen Education Foundation dba Discover U Element (91328),01,,AZ-91328,0400894,6150 N 16TH ST STE A,,,PHOENIX,AZ,85016,1774,6150 N 16TH ST STE A,,,PHOENIX,AZ,85016,1774,(602)953-2933,http://www.discoverulearning.com/,1,Open,1,Open,07/30/2024,7,Independent charter district,No,CHRTIDEAESEA,LEA for federal programs,No,No,Yes,Yes,Yes,Yes,Yes,Yes,Yes,No,No,No,No,No,No,No,No,No,KG,06,Elementary,As reported,1
2023-2024,04,ARIZONA,AZ,Espiritu Community Development Corp. (92250),01,,AZ-92250,0400895,4848 S 2ND ST,,,PHOENIX,AZ,85040,2122,4848 S 2ND ST,,,PHOENIX,AZ,85040,2122,(602)243-7788,http://www.espiritu.org,1,Open,1,Open,07/30/2024,7,Independent charter district,No,CHRTIDEAESEA,LEA for federal programs,No,Yes,Yes,Yes,Yes,Yes,Yes,Yes,Yes,No,No,No,No,No,No,No,No,No,PK,06,Elementary,As reported,1
2023-2024,04,ARIZONA,AZ,BASIS Charter Schools Inc. (91339),01,,AZ-91339,0400897,11440 N 136TH ST,,,SCOTTSDALE,AZ,85259,3812,11440 N 136TH ST,,,SCOTTSDALE,AZ,85259,3812,(480)659-2294,http://enrollbasis.com/ahwatukee/,1,Open,1,Open,07/30/2024,7,Independent charter district,No,CHRTIDEAESEA,LEA for federal programs,No,No,No,No,No,No,Yes,Yes,Yes,Yes,Yes,Yes,Yes,Yes,Yes,No,No,No,04,12,Other,As reported,1
2023-2024,04,ARIZONA,AZ,BASIS Charter Schools Inc. (91949),01,,AZ-91949,0400898,7975 N HAYDEN RD STE B100,,,SCOTTSDALE,AZ,85258,3276,7975 N HAYDEN RD STE B100,,,SCOTTSDALE,AZ,85258,3276,(602)239-4807,http://enrollbasis.com/mesa/,1,Open,1,Open,07/30/2024,7,Independent charter district,No,CHRTIDEAESEA,LEA for federal programs,No,No,Yes,Yes,Yes,Yes,Yes,Yes,Yes,Yes,Yes,Yes,Yes,Yes,Yes,No,No,No,KG,12,Other,As reported,1
2023-2024,04,ARIZONA,AZ,Legacy Traditional School - Gilbert (92047),01,,AZ-92047,0400899,3201 S GILBERT RD BLDG A,,,CHANDLER,AZ,85286,5193,3201 S GILBERT RD BLDG A,,,CHANDLER,AZ,85286,5193,(480)270-5438,http://legacytraditional.org,1,Open,1,Open,07/30/2024,7,Independent charter district,No,CHRTIDEAESEA,LEA for federal programs,No,No,Yes,Yes,Yes,Yes,Yes,Yes,Yes,Yes,Yes,No,No,No,No,No,No,No,KG,08,Elementary,As reported,1
2023-2024,04,ARIZONA,AZ,Cicero Preparatory Academy (92316),01,,AZ-92316,0400900,4801 E WASHINGTON ST STE 250,,,PHOENIX,AZ,85034,2025,4801 E WASHINGTON ST STE 250,,,PHOENIX,AZ,85034,2025,(602)438-7045,http://ciceroprep.greatheartsamerica.org/,1,Open,1,Open,07/30/2024,7,Independent charter district,No,CHRTIDEAESEA,LEA for federal programs,No,No,No,No,No,No,No,No,Yes,Yes,Yes,Yes,Yes,Yes,Yes,No,No,No,06,12,High,As reported,1
2023-2024,04,ARIZONA,AZ,The Farm at Mission Montessori Academy (91340),01,,AZ-91340,0400902,5555 E MERCER LN,,,SCOTTSDALE,AZ,85254,,11050 N. 96th St.,,,PHOENIX,AZ,85260,,(602)669-4950,,1,Open,1,Open,07/30/2024,7,Independent charter district,No,CHRTIDEAESEA,LEA for federal programs,No,No,No,No,No,No,Yes,Yes,Yes,Yes,Yes,No,No,No,No,No,No,No,04,08,Middle,As reported,1
2023-2024,04,ARIZONA,AZ,BASIS Charter Schools Inc. (92320),01,,AZ-92320,0400903,1901 PRESCOTT LAKES PKWY,,,PRESCOTT,AZ,86301,7806,1901 PRESCOTT LAKES PKWY,,,PRESCOTT,AZ,86301,7806,(928)277-0334,http://enrollbasis.com/prescott/,1,Open,1,Open,07/30/2024,7,Independent charter district,No,CHRTIDEAESEA,LEA for federal programs,No,No,Yes,Yes,Yes,Yes,Yes,Yes,Yes,Yes,Yes,Yes,Yes,Yes,Yes,No,No,No,KG,12,Other,As reported,1
2023-2024,04,ARIZONA,AZ,Edkey Inc. - Sequoia Pathway Academy (92226),01,,AZ-92226,0400904,1460 S HORNE,,,MESA,AZ,85204,5760,1460 S HORNE,,,MESA,AZ,85204,5760,(480)461-3200,http://sequoiaschools.org,1,Open,1,Open,07/30/2024,7,Independent charter district,No,CHRTIDEAESEA,LEA for federal programs,No,No,Yes,Yes,Yes,Yes,Yes,Yes,Yes,Yes,Yes,Yes,Yes,Yes,Yes,No,No,No,KG,12,Other,As reported,1
2023-2024,04,ARIZONA,AZ,BASIS Charter Schools Inc. (92318),01,,AZ-92318,0400905,7975 N HAYDEN RD STE B100,,,SCOTTSDALE,AZ,85258,3276,7975 N HAYDEN RD STE B100,,,SCOTTSDALE,AZ,85258,3276,(520)812-5900,http://enrollbasis.com/oro-valley-primary/,1,Open,1,Open,07/30/2024,7,Independent charter district,No,CHRTIDEAESEA,LEA for federal programs,No,No,Yes,Yes,Yes,Yes,Yes,Yes,Yes,No,No,No,No,No,No,No,No,No,KG,06,Elementary,As reported,1
2023-2024,04,ARIZONA,AZ,StrengthBuilding Partners (91992),01,,AZ-91992,0400907,PO BOX 91313,,,TUCSON,AZ,85752,1313,4560 S. Coach Dr,,,Tucson,AZ,85714,,(520)546-9296,http://www.laspuertascommunityschool.org,1,Open,1,Open,07/30/2024,7,Independent charter district,No,CHRTIDEAESEA,LEA for federal programs,No,No,No,No,No,No,No,No,Yes,Yes,Yes,Yes,Yes,No,No,No,No,No,06,10,Middle,As reported,1
2023-2024,04,ARIZONA,AZ,Madison Highland Prep (91935),01,,AZ-91935,0400909,1431 E CAMPBELL AVE STE 100,,,PHOENIX,AZ,85014,4283,1431 E CAMPBELL AVE STE 100,,,PHOENIX,AZ,85014,4283,(602)745-3800,http://www.MadisonHighlandPrep.org,1,Open,1,Open,07/30/2024,7,Independent charter district,No,CHRTIDEAESEA,LEA for federal programs,No,No,No,No,No,No,No,No,No,No,No,Yes,Yes,Yes,Yes,No,No,No,09,12,High,As reported,1
2023-2024,04,ARIZONA,AZ,Ash Fork Joint Unified District (4471),01,,AZ-4471,0400910,PO BOX 247,,,ASH FORK,AZ,86320,0247,46999 N . 5th Street,,,Ash Fork,AZ,86320,,(928)637-2561,http://www.afjusd.org,1,Open,1,Open,07/30/2024,1,Regular public school district that is not a component of a supervisory union,No,NOTCHR,Not a charter district,No,Yes,Yes,Yes,Yes,Yes,Yes,Yes,Yes,Yes,Yes,Yes,Yes,Yes,Yes,No,No,No,PK,12,Other,As reported,3
2023-2024,04,ARIZONA,AZ,Heritage Academy Gateway Inc. (92519),01,,AZ-92519,0400911,32 S CENTER ST,,,MESA,AZ,85210,1306,19630 East Germann Road,,,Queen Creek,AZ,85242,,(480)461-4400,http://www.hagateway.com,1,Open,1,Open,07/30/2024,7,Independent charter district,No,CHRTIDEAESEA,LEA for federal programs,No,No,Yes,Yes,Yes,Yes,Yes,Yes,Yes,Yes,Yes,Yes,Yes,Yes,Yes,No,No,No,KG,12,Other,As reported,1
2023-2024,04,ARIZONA,AZ,EAGLE College Prep Mesa LLC. (91939),01,,AZ-91939,0400912,1619 E MAIN ST,,,MESA,AZ,85203,9017,1619 E MAIN ST,,,MESA,AZ,85203,9017,(602)638-0802,http://eagleprep.org/mesa,1,Open,1,Open,07/30/2024,7,Independent charter district,No,CHRTIDEAESEA,LEA for federal programs,No,No,Yes,Yes,Yes,Yes,Yes,Yes,Yes,Yes,Yes,No,No,No,No,No,No,No,KG,08,Elementary,As reported,1
2023-2024,04,ARIZONA,AZ,Arizona Autism Charter Schools Inc. (91958),01,,AZ-91958,0400913,4125 N 14TH ST,,,PHOENIX,AZ,85014,4941,4125 N 14TH ST,,,PHOENIX,AZ,85014,4941,(602)882-5544,http://www.autismcharter.org,1,Open,1,Open,07/30/2024,7,Independent charter district,No,CHRTIDEAESEA,LEA for federal programs,No,No,Yes,Yes,Yes,Yes,Yes,Yes,Yes,Yes,Yes,Yes,Yes,Yes,Yes,No,No,No,KG,12,Other,As reported,6
2023-2024,04,ARIZONA,AZ,Franklin Phonetic Primary School Inc. (92596),01,,AZ-92596,0400914,9317 N 2ND ST,,,PHOENIX,AZ,85020,2441,9317 N 2ND ST,,,PHOENIX,AZ,85020,2441,(602)870-6674,http://www.franklinphoneticschoolsunnyslope.com/home,1,Open,1,Open,07/30/2024,7,Independent charter district,No,CHRTIDEAESEA,LEA for federal programs,No,No,Yes,Yes,Yes,Yes,Yes,Yes,Yes,No,No,No,No,No,No,No,No,No,KG,06,Elementary,As reported,1
2023-2024,04,ARIZONA,AZ,CASA Academy (91934),01,,AZ-91934,0400915,8123 N 35th Ave. Suite B-2,,,PHOENIX,AZ,85051,,8123 N 35th Ave. Suite B-2,,,PHOENIX,AZ,85051,,(602)892-5022,http://www.casaacademy.org,1,Open,1,Open,07/30/2024,7,Independent charter district,No,CHRTIDEAESEA,LEA for federal programs,No,No,Yes,Yes,Yes,Yes,Yes,Yes,Yes,No,No,No,No,No,No,No,No,No,KG,06,Elementary,As reported,1
2023-2024,04,ARIZONA,AZ,EAGLE College Prep Maryvale LLC (91938),01,,AZ-91938,0400916,3950 N 53RD AVE,,,PHOENIX,AZ,85031,3011,3950 N 53RD AVE,,,PHOENIX,AZ,85031,3011,(602)638-0820,http://eagleprep.org/maryvale,1,Open,1,Open,07/30/2024,7,Independent charter district,No,CHRTIDEAESEA,LEA for federal programs,No,No,Yes,Yes,Yes,Yes,Yes,Yes,Yes,Yes,Yes,No,No,No,No,No,No,No,KG,08,Elementary,As reported,1
2023-2024,04,ARIZONA,AZ,Arizona Language Preparatory (92566),01,,AZ-92566,0400918,PO BOX 14310,,,PHOENIX,AZ,85063,4310,4645 E MARILYN RD,,,PHOENIX,AZ,85032,4839,(602)996-1595,http://azlanguageprep.org/,1,Open,1,Open,07/30/2024,7,Independent charter district,No,CHRTIDEAESEA,LEA for federal programs,No,No,Yes,Yes,Yes,Yes,Yes,Yes,Yes,No,No,No,No,No,No,No,No,No,KG,06,Elementary,As reported,1
2023-2024,04,ARIZONA,AZ,Lincoln Preparatory Academy (92657),01,,AZ-92657,0400919,4801 E WASHINGTON ST STE 250,,,PHOENIX,AZ,85034,2025,4801 E WASHINGTON ST STE 250,,,PHOENIX,AZ,85034,2025,(602)438-7045,http://lincolnprep.greatheartsamerica.org/,1,Open,1,Open,07/30/2024,7,Independent charter district,No,CHRTIDEAESEA,LEA for federal programs,No,No,No,No,No,No,No,No,Yes,Yes,Yes,Yes,Yes,Yes,Yes,No,No,No,06,12,High,As reported,1
2023-2024,04,ARIZONA,AZ,Southwest Technical Education District of Yuma (ST (92705),01,,AZ-92705,0400920,210 S 1ST AVE,,,YUMA,AZ,85364,2206,210 S 1ST AVE,,,YUMA,AZ,85364,2206,(928)366-5884,http://www.stedycte.org/,1,Open,1,Open,07/30/2024,9,Specialized public school district,No,NOTCHR,Not a charter district,No,No,No,No,No,No,No,No,No,No,No,Yes,Yes,Yes,Yes,No,No,No,09,12,High,As reported,12
2023-2024,04,ARIZONA,AZ,Horizon Community Learning Center Inc. (92620),01,,AZ-92620,0400921,16233 S 48TH ST,,,PHOENIX,AZ,85048,0801,16233 S 48TH ST,,,PHOENIX,AZ,85048,0801,(480)659-3000,http://www.horizonhonors.org,1,Open,1,Open,07/30/2024,7,Independent charter district,No,CHRTIDEAESEA,LEA for federal programs,No,No,Yes,Yes,Yes,Yes,Yes,Yes,Yes,No,No,No,No,No,No,No,No,No,KG,06,Elementary,As reported,1
2023-2024,04,ARIZONA,AZ,Desert Star Academy (92302),01,,AZ-92302,0400922,5599 Highway 95,,,Fort Mohave,AZ,86426,,5599 Highway 95,,,Fort Mohave,AZ,86426,,(928)788-3987,,1,Open,1,Open,07/30/2024,7,Independent charter district,No,CHRTIDEAESEA,LEA for federal programs,No,No,Yes,Yes,Yes,Yes,Yes,Yes,Yes,Yes,Yes,No,No,No,No,No,Yes,No,KG,08,Elementary,As reported,1
2023-2024,04,ARIZONA,AZ,Western School of Science and Technology Inc. (91937),01,,AZ-91937,0400924,6515 W INDIAN SCHOOL RD,,,PHOENIX,AZ,85033,3330,6515 W INDIAN SCHOOL RD,,,PHOENIX,AZ,85033,3330,(623)249-3900,http://western.cfacademy.school,1,Open,1,Open,07/30/2024,7,Independent charter district,No,CHRTIDEAESEA,LEA for federal programs,No,No,No,No,No,No,No,No,No,Yes,Yes,Yes,Yes,Yes,Yes,No,No,No,07,12,High,As reported,1
2023-2024,04,ARIZONA,AZ,Archway Classical Academy Lincoln (92656),01,,AZ-92656,0400925,4801 E WASHINGTON ST STE 250,,,PHOENIX,AZ,85034,2025,4801 E WASHINGTON ST STE 250,,,PHOENIX,AZ,85034,2025,(602)438-7045,http://archwaylincoln.greatheartsamerica.org/,1,Open,1,Open,07/30/2024,7,Independent charter district,No,CHRTIDEAESEA,LEA for federal programs,No,No,Yes,Yes,Yes,Yes,Yes,Yes,No,No,No,No,No,No,No,No,No,No,KG,05,Elementary,As reported,1
2023-2024,04,ARIZONA,AZ,Heritage Academy Laveen Inc. (92520),01,,AZ-92520,0400926,32 S CENTER ST,,,MESA,AZ,85210,1306,4275 W BASELINE RD,,,LAVEEN,AZ,85339,1880,(602)290-8546,http://www.halaveen.com,1,Open,1,Open,07/30/2024,7,Independent charter district,No,CHRTIDEAESEA,LEA for federal programs,No,No,No,No,No,No,No,No,Yes,Yes,Yes,Yes,Yes,Yes,Yes,No,No,No,06,12,High,As reported,1
2023-2024,04,ARIZONA,AZ,Legacy Traditional School - Queen Creek (92610),01,,AZ-92610,0400927,3201 S GILBERT RD,,,CHANDLER,AZ,85286,5193,41800 N BARNES PKWY,,,San Tan Valley,AZ,85140,6638,(480)270-5438,http://legacytraditional.org,1,Open,1,Open,07/30/2024,7,Independent charter district,No,CHRTIDEAESEA,LEA for federal programs,No,No,Yes,Yes,Yes,Yes,Yes,Yes,Yes,Yes,Yes,Yes,No,No,No,No,No,No,KG,09,Other,As reported,1
2023-2024,04,ARIZONA,AZ,Noah Webster Schools-Pima (92374),01,,AZ-92374,0400929,7301 E BASELINE RD,,,MESA,AZ,85209,4907,7301 E BASELINE RD,,,MESA,AZ,85209,4907,(480)291-6900,http://noahwebster.org,1,Open,1,Open,07/30/2024,7,Independent charter district,No,CHRTIDEAESEA,LEA for federal programs,No,No,Yes,Yes,Yes,Yes,Yes,Yes,Yes,No,No,No,No,No,No,No,No,No,KG,06,Elementary,As reported,1
2023-2024,04,ARIZONA,AZ,Roosevelt Preparatory Academy (92704),01,,AZ-92704,0400930,4801 E WASHINGTON ST STE 250,,,PHOENIX,AZ,85034,2025,4801 E WASHINGTON ST STE 250,,,PHOENIX,AZ,85034,2025,(602)438-7045,http://roosevelt.greatheartsamerica.org/,1,Open,1,Open,07/30/2024,7,Independent charter district,No,CHRTIDEAESEA,LEA for federal programs,No,No,Yes,Yes,Yes,Yes,Yes,Yes,Yes,Yes,Yes,Yes,No,No,No,No,No,No,KG,09,Other,As reported,1
2023-2024,04,ARIZONA,AZ,Legacy Traditional School - Surprise (92879),01,,AZ-92879,0400933,3201 S GILBERT RD BLDG A,,,CHANDLER,AZ,85286,5193,14506 W SWEETWATER AVE,,,SURPRISE,AZ,85379,4290,(480)270-5438,http://legacytraditional.org,1,Open,1,Open,07/30/2024,7,Independent charter district,No,CHRTIDEAESEA,LEA for federal programs,No,No,Yes,Yes,Yes,Yes,Yes,Yes,Yes,Yes,Yes,No,No,No,No,No,No,No,KG,08,Elementary,As reported,2
2023-2024,04,ARIZONA,AZ,Self Development Academy-Phoenix (92381),01,,AZ-92381,0400934,1709 N GREENFIELD RD,,,MESA,AZ,85205,3103,1515 E INDIAN SCHOOL RD,,,PHOENIX,AZ,85014,4901,(602)274-1910,,1,Open,1,Open,07/30/2024,7,Independent charter district,No,CHRTIDEAESEA,LEA for federal programs,No,No,Yes,Yes,Yes,Yes,Yes,Yes,Yes,Yes,Yes,No,No,No,No,No,No,No,KG,08,Elementary,As reported,1
2023-2024,04,ARIZONA,AZ,BASIS Charter Schools Inc. (92865),01,,AZ-92865,0400936,204 W. Chandler Heights Rd,,,Chandler,AZ,85248,,204 W. Chandler Heights Rd,,,Chandler,AZ,85248,,(480)494-2200,http://enrollbasis.com/chandler-primary-south,1,Open,1,Open,07/30/2024,7,Independent charter district,No,CHRTIDEAESEA,LEA for federal programs,No,No,Yes,Yes,Yes,Yes,Yes,Yes,No,No,No,No,No,No,No,No,No,No,KG,05,Elementary,As reported,1
2023-2024,04,ARIZONA,AZ,BASIS Charter Schools Inc. (92863),01,,AZ-92863,0400937,7975 N Hayden Rd,,,SCOTTSDALE,AZ,85258,,11440 N 136TH ST,,,SCOTTSDALE,AZ,85259,3812,(480)391-1099,http://enrollbasis.com/scottsdale-primary-east/,1,Open,1,Open,07/30/2024,7,Independent charter district,No,CHRTIDEAESEA,LEA for federal programs,No,No,Yes,Yes,Yes,Yes,Yes,Yes,No,No,No,No,No,No,No,No,No,No,KG,05,Elementary,As reported,1
2023-2024,04,ARIZONA,AZ,Espiritu Schools (92902),01,,AZ-92902,0400939,50 E CODY DR,,,PHOENIX,AZ,85040,2156,4848 S 2ND ST,,,PHOENIX,AZ,85040,2122,(602)243-7788,http://www.espiritu.org,1,Open,1,Open,07/30/2024,7,Independent charter district,No,CHRTIDEAESEA,LEA for federal programs,No,No,No,No,No,No,No,No,No,Yes,Yes,Yes,Yes,Yes,Yes,No,No,No,07,12,High,As reported,1
2023-2024,04,ARIZONA,AZ,Academy of Mathematics and Science Inc. (92768),01,,AZ-92768,0400940,3448 N 1ST AVE,,,TUCSON,AZ,85719,1842,6633 W CAMELBACK RD,,,PHOENIX,AZ,85033,1614,(520)293-2676,,1,Open,1,Open,07/30/2024,7,Independent charter district,No,CHRTIDEAESEA,LEA for federal programs,No,No,Yes,Yes,Yes,Yes,Yes,Yes,Yes,Yes,Yes,No,No,No,No,No,No,No,KG,08,Elementary,As reported,1
2023-2024,04,ARIZONA,AZ,BASIS Charter Schools Inc. (92734),01,,AZ-92734,0400941,7975 N HAYDEN RD STE B100,,,SCOTTSDALE,AZ,85258,3276,7975 N HAYDEN RD STE B100,,,SCOTTSDALE,AZ,85258,3276,(480)276-8592,http://enrollbasis.com/goodyear/,1,Open,1,Open,07/30/2024,7,Independent charter district,No,CHRTIDEAESEA,LEA for federal programs,No,No,No,No,No,No,No,Yes,Yes,Yes,Yes,Yes,Yes,Yes,Yes,No,No,No,05,12,High,As reported,1
2023-2024,04,ARIZONA,AZ,Ethos Academy - A Challenge Foundation Academy (92379),01,,AZ-92379,0400942,8840 N 43RD AVE,,,GLENDALE,AZ,85302,5315,8840 N 43RD AVE,,,GLENDALE,AZ,85302,5315,(623)249-3211,http://ethos.teamcfa.school,1,Open,1,Open,07/30/2024,7,Independent charter district,No,CHRTIDEAESEA,LEA for federal programs,No,No,Yes,Yes,Yes,Yes,Yes,Yes,Yes,Yes,Yes,No,No,No,No,No,No,No,KG,08,Elementary,As reported,1
2023-2024,04,ARIZONA,AZ,BASIS Charter Schools Inc. (92736),01,,AZ-92736,0400943,7975 N HAYDEN RD STE B100,,,SCOTTSDALE,AZ,85258,3276,7975 N HAYDEN RD STE B100,,,SCOTTSDALE,AZ,85258,3276,(480)276-8592,http://enrollbasis.com/goodyear/,1,Open,1,Open,07/30/2024,7,Independent charter district,No,CHRTIDEAESEA,LEA for federal programs,No,No,Yes,Yes,Yes,Yes,Yes,Yes,No,No,No,No,No,No,No,No,No,No,KG,05,Elementary,As reported,1
2023-2024,04,ARIZONA,AZ,Leman Academy of Excellence Inc. (92730),01,,AZ-92730,0400944,7720 N Silverlight Rd.,,,Tucson,AZ,85743,,7720 N Silverlight Rd.,,,Tucson,AZ,85743,,(520)499-1474,http://lemanacademy.com,1,Open,1,Open,07/30/2024,7,Independent charter district,No,CHRTIDEAESEA,LEA for federal programs,No,No,Yes,Yes,Yes,Yes,Yes,Yes,Yes,Yes,Yes,No,No,No,No,No,No,No,KG,08,Elementary,As reported,7
2023-2024,04,ARIZONA,AZ,Pensar Academy (92972),01,,AZ-92972,0400945,6135 N BLACK CANYON HWY,,,PHOENIX,AZ,85015,1828,6135 N BLACK CANYON HWY,,,PHOENIX,AZ,85015,1828,(602)383-4013,http://www.pensaracademy.org/,1,Open,1,Open,07/30/2024,7,Independent charter district,No,CHRTIDEAESEA,LEA for federal programs,No,No,No,No,No,No,Yes,Yes,Yes,Yes,Yes,No,No,No,No,No,No,No,04,08,Middle,As reported,1
2023-2024,04,ARIZONA,AZ,ASU Preparatory Academy (346763),01,,AZ-346763,0400946,1130 E University Dr. Ste 230,,,Tempe,AZ,85287,,1130 E University Dr. Ste 230,,,Tempe,AZ,85287,,(480)965-4574,http://asuprep.asu.edu,1,Open,1,Open,07/30/2024,7,Independent charter district,No,CHRTIDEAESEA,LEA for federal programs,No,No,No,No,No,No,No,No,No,Yes,Yes,Yes,Yes,Yes,Yes,No,No,No,07,12,High,As reported,1
2023-2024,04,ARIZONA,AZ,ASU Preparatory Academy - Casa Grande (92987),01,,AZ-92987,0400947,2612 W GILA BEND HWY,,,CASA GRANDE,AZ,85193,9303,2612 W GILA BEND HWY,,,CASA GRANDE,AZ,85193,9303,(480)965-4574,http://asuprep.asu.edu,1,Open,1,Open,07/30/2024,7,Independent charter district,No,CHRTIDEAESEA,LEA for federal programs,No,No,No,No,No,No,No,No,No,Yes,Yes,Yes,Yes,Yes,Yes,No,No,No,07,12,High,As reported,1
2023-2024,04,ARIZONA,AZ,Legacy Traditional School - Glendale (850100),01,,AZ-850100,0400948,3201 S GILBERT RD,,,CHANDLER,AZ,85286,5193,13091 N. 67th Ave,,,Glendale,AZ,85306,,(480)270-5438,http://legacytraditional.org/,1,Open,1,Open,07/30/2024,7,Independent charter district,No,CHRTIDEAESEA,LEA for federal programs,No,No,Yes,Yes,Yes,Yes,Yes,Yes,Yes,Yes,Yes,No,No,No,No,No,No,No,KG,08,Elementary,As reported,1
2023-2024,04,ARIZONA,AZ,Painted Desert Montessori LLC (123733),01,,AZ-123733,0400949,2400 S 247TH AVE,,,BUCKEYE,AZ,85326,9628,2400 S 247TH AVE,,,BUCKEYE,AZ,85326,9628,(623)900-5132,,6,Inactive,6,Inactive,07/30/2024,7,Independent charter district,No,CHRTIDEAESEA,LEA for federal programs,Not reported,Not reported,Not reported,Not reported,Not reported,Not reported,Not reported,Not reported,Not reported,Not reported,Not reported,Not reported,Not reported,Not reported,Not reported,Not reported,Not reported,Not reported,M,M,Not reported,As reported,0
2023-2024,04,ARIZONA,AZ,Pathways In Education-Arizona Inc. (92983),01,,AZ-92983,0400950,320 N HALSTEAD ST STE 100,,,PASADENA,CA,91107,3168,2226 N.7th Street,,,Phoenix,AZ,85006,,(602)626-7057,http://az.pathwaysineducation.org/,1,Open,1,Open,07/30/2024,7,Independent charter district,Yes,CHRTIDEAESEA,LEA for federal programs,No,No,No,No,No,No,No,No,No,No,No,Yes,Yes,Yes,Yes,No,No,No,09,12,High,As reported,1
2023-2024,04,ARIZONA,AZ,Legacy Traditional School - Peoria (850099),01,,AZ-850099,0400951,3201 S GILBERT RD,,,CHANDLER,AZ,85286,5193,7877 W HILLCREST BLVD,,,PEORIA,AZ,85383,2121,(480)270-5438,http://legacytraditional.org,1,Open,1,Open,07/30/2024,7,Independent charter district,No,CHRTIDEAESEA,LEA for federal programs,No,No,Yes,Yes,Yes,Yes,Yes,Yes,Yes,Yes,Yes,No,No,No,No,No,No,No,KG,08,Elementary,As reported,1
2023-2024,04,ARIZONA,AZ,Kaizen Education Foundation dba Colegio Petite Pho (92989),01,,AZ-92989,0400952,6150 N 16TH ST STE A,,,PHOENIX,AZ,85016,1774,6150 N 16TH ST STE A,,,PHOENIX,AZ,85016,1774,(520)222-9213,http://www.colegioaz.com/,1,Open,1,Open,07/30/2024,7,Independent charter district,No,CHRTIDEAESEA,LEA for federal programs,No,No,Yes,Yes,Yes,Yes,Yes,Yes,No,No,No,No,No,No,No,No,No,No,KG,05,Elementary,As reported,1
2023-2024,04,ARIZONA,AZ,The Grande Innovation Academy (92978),01,,AZ-92978,0400953,950 N PEART RD,,,CASA GRANDE,AZ,85122,5403,950 N PEART RD,,,CASA GRANDE,AZ,85122,5403,(520)381-2360,http://grandeinnovationacademy.com/,1,Open,1,Open,07/30/2024,7,Independent charter district,No,CHRTIDEAESEA,LEA for federal programs,No,No,Yes,Yes,Yes,Yes,Yes,Yes,Yes,Yes,Yes,No,No,No,No,No,No,No,KG,08,Elementary,As reported,2
2023-2024,04,ARIZONA,AZ,Legacy Traditional School - North Chandler (850101),01,,AZ-850101,0400954,3201 S GILBERT RD,,,CHANDLER,AZ,85286,5193,1900 N MCQUEEN RD,,,CHANDLER,AZ,85225,1945,(480)270-5438,http://legacytraditional.org/,1,Open,1,Open,07/30/2024,7,Independent charter district,No,CHRTIDEAESEA,LEA for federal programs,No,No,Yes,Yes,Yes,Yes,Yes,Yes,Yes,Yes,Yes,No,No,No,No,No,No,No,KG,08,Elementary,As reported,1
2023-2024,04,ARIZONA,AZ,Estrella Educational Foundation (92988),01,,AZ-92988,0400955,PO BOX 830,,,TOLLESON,AZ,85353,0830,3900 S 55TH AVE,,,PHOENIX,AZ,85043,6332,(623)312-4029,http://estrellaeducationalfoundation.org/,1,Open,1,Open,07/30/2024,7,Independent charter district,No,CHRTIDEAESEA,LEA for federal programs,No,No,No,No,No,No,No,No,No,No,No,Yes,Yes,Yes,Yes,No,No,No,09,12,High,As reported,2
2023-2024,04,ARIZONA,AZ,ASU Preparatory Academy (92716),01,,AZ-92716,0400956,1130 E University Dr. Ste 230,,,Tempe,AZ,85287,,1130 E University Dr. Ste 230,,,Tempe,AZ,85281,,(480)965-4574,http://asuprep.asu.edu,1,Open,1,Open,07/30/2024,7,Independent charter district,No,CHRTIDEAESEA,LEA for federal programs,No,No,Yes,Yes,Yes,Yes,Yes,No,No,No,No,No,No,No,No,No,No,No,KG,04,Elementary,As reported,1
2023-2024,04,ARIZONA,AZ,BASIS Charter Schools Inc. (92997),01,,AZ-92997,0400958,1800 E CHANDLER BLVD,,,CHANDLER,AZ,85225,5109,7975 N Hayden Rd,,,Scottsdale,AZ,85258,,(480)798-6447,http://enrollbasis.com/chandler-primary-north/,1,Open,1,Open,07/30/2024,7,Independent charter district,No,CHRTIDEAESEA,LEA for federal programs,No,No,Yes,Yes,Yes,Yes,Yes,No,No,No,No,No,No,No,No,No,No,No,KG,04,Elementary,As reported,1
2023-2024,04,ARIZONA,AZ,Legacy Traditional School - Phoenix (873957),01,,AZ-873957,0400959,3201 S GILBERT RD,,,CHANDLER,AZ,85286,5193,4545 N 99TH AVE,,,PHOENIX,AZ,85037,4336,(480)270-5438,http://legacytraditional.org,1,Open,1,Open,07/30/2024,7,Independent charter district,No,CHRTIDEAESEA,LEA for federal programs,No,No,Yes,Yes,Yes,Yes,Yes,Yes,Yes,Yes,Yes,No,No,No,No,No,No,No,KG,08,Elementary,As reported,1
2023-2024,04,ARIZONA,AZ,Avondale Elementary District (4272),01,,AZ-4272,0400960,295 W WESTERN AVE,,,AVONDALE,AZ,85323,,295 W WESTERN AVE,,,AVONDALE,AZ,85323,,(623)772-5000,http://www.avondale.k12.az.us/home,1,Open,1,Open,07/30/2024,1,Regular public school district that is not a component of a supervisory union,No,NOTCHR,Not a charter district,No,Yes,Yes,Yes,Yes,Yes,Yes,Yes,Yes,Yes,Yes,No,No,No,No,No,Yes,No,PK,08,Elementary,As reported,9
2023-2024,04,ARIZONA,AZ,BASIS Charter Schools Inc. (549803),01,,AZ-549803,0400961,2002 W. Southern Ave,,,Phoenix,AZ,85041,,2002 W. Southern Ave,,,Phoenix,AZ,85041,,(602)962-7393,http://enrollbasis.com/phoenix-south/,1,Open,1,Open,07/30/2024,7,Independent charter district,No,CHRTIDEAESEA,LEA for federal programs,No,No,Yes,Yes,Yes,Yes,Yes,Yes,Yes,Yes,Yes,Yes,Yes,Yes,Yes,No,No,No,KG,12,Other,As reported,1
2023-2024,04,ARIZONA,AZ,Legacy Traditional School - East Mesa (834265),01,,AZ-834265,0400962,3201 S GILBERT RD,,,CHANDLER,AZ,85286,5193,3201 S GILBERT RD,,,CHANDLER,AZ,85286,5193,(480)270-5438,http://legacytraditional.org/,1,Open,1,Open,07/30/2024,7,Independent charter district,No,CHRTIDEAESEA,LEA for federal programs,No,No,Yes,Yes,Yes,Yes,Yes,Yes,Yes,Yes,Yes,No,No,No,No,No,No,No,KG,08,Elementary,As reported,1
2023-2024,04,ARIZONA,AZ,BASIS Charter Schools Inc. (273398),01,,AZ-273398,0400963,25952 N LAKE PLEASANT PKWY,,,PEORIA,AZ,85383,,25952 N LAKE PLEASANT PKWY,,,PEORIA,AZ,85383,,(623)251-1504,http://enrollbasis.com/peoria-primary/,1,Open,1,Open,07/30/2024,7,Independent charter district,No,CHRTIDEAESEA,LEA for federal programs,No,No,Yes,Yes,Yes,Yes,Yes,No,No,No,No,No,No,No,No,No,No,No,KG,04,Elementary,As reported,1
2023-2024,04,ARIZONA,AZ,Synergy Public School Inc. (92981),01,,AZ-92981,0400964,7229 N 13TH WAY,,,PHOENIX,AZ,85020,5145,7229 N 13TH WAY,,,PHOENIX,AZ,85020,5145,(480)416-1040,,1,Open,1,Open,07/30/2024,7,Independent charter district,No,CHRTIDEAESEA,LEA for federal programs,No,No,Yes,Yes,Yes,Yes,Yes,Yes,Yes,Yes,Yes,No,No,No,No,No,No,No,KG,08,Elementary,As reported,1
2023-2024,04,ARIZONA,AZ,ASU Preparatory Academy Digital (522074),01,,AZ-522074,0400965,PO BOX 877304,,,TEMPE,AZ,85287,7304,1130 E University Dr STE 230,,,Tempe,AZ,85281,,(844)692-3372,http://www.asuprepdigital.org/,1,Open,1,Open,07/30/2024,7,Independent charter district,No,CHRTIDEAESEA,LEA for federal programs,No,No,Yes,Yes,Yes,Yes,Yes,Yes,Yes,Yes,Yes,Yes,Yes,Yes,Yes,No,No,No,KG,12,Other,As reported,1
2023-2024,04,ARIZONA,AZ,Highland Prep (92982),01,,AZ-92982,0400966,15600 W HEARN RD,,,SURPRISE,AZ,85379,5172,15600 W HEARN RD,,,SURPRISE,AZ,85379,5172,(623)300-8385,http://highlandprepaz.com/,1,Open,1,Open,07/30/2024,7,Independent charter district,No,CHRTIDEAESEA,LEA for federal programs,No,No,No,No,No,No,No,No,No,No,No,Yes,Yes,Yes,Yes,No,No,No,09,12,High,As reported,1
2023-2024,04,ARIZONA,AZ,BASIS Charter Schools Inc. (934316),01,,AZ-934316,0400967,7975 N Hayden Rd,,,Scottsdale,AZ,85258,3276,11850 N 32ND ST,,,PHOENIX,AZ,85028,1200,(602)598-0330,http://www.basised.com,1,Open,1,Open,07/30/2024,7,Independent charter district,No,CHRTIDEAESEA,LEA for federal programs,No,No,Yes,Yes,Yes,Yes,Yes,Yes,No,No,No,No,No,No,No,No,No,No,KG,05,Elementary,As reported,1
2023-2024,04,ARIZONA,AZ,Victory Collegiate Academy Corporation (92985),01,,AZ-92985,0400968,3535 N 63RD AVE,,,PHOENIX,AZ,85033,4503,3535 N 63RD AVE,,,PHOENIX,AZ,85033,4503,(623)810-9781,,1,Open,1,Open,07/30/2024,7,Independent charter district,No,CHRTIDEAESEA,LEA for federal programs,No,No,Yes,Yes,Yes,Yes,Yes,Yes,Yes,Yes,Yes,No,No,No,No,No,No,No,KG,08,Elementary,As reported,1
2023-2024,04,ARIZONA,AZ,Arizona Agribusiness & Equine Center INC. (134379),01,,AZ-134379,0400969,315 E MULBERRY DR,,,PHOENIX,AZ,85012,2307,1440 S LONGMORE,,,MESA,AZ,85202,4848,(480)222-3999,http://www.aaechs.com,1,Open,1,Open,07/30/2024,7,Independent charter district,No,CHRTIDEAESEA,LEA for federal programs,No,No,No,No,No,No,No,No,No,No,No,Yes,Yes,Yes,Yes,No,No,No,09,12,High,As reported,2
2023-2024,04,ARIZONA,AZ,AIBT Non-Profit Charter High School Inc. (449790),01,,AZ-449790,0400970,6049 N 43RD AVE STE 200,,,PHOENIX,AZ,85019,1641,6049 N 43RD AVE STE 200,,,PHOENIX,AZ,85019,1641,(623)500-2853,http://rcbprep.com/,1,Open,1,Open,07/30/2024,7,Independent charter district,No,CHRTIDEAESEA,LEA for federal programs,No,No,No,No,No,No,No,No,No,No,No,Yes,Yes,Yes,Yes,No,No,No,09,12,High,As reported,1
2023-2024,04,ARIZONA,AZ,Yavapai County Education Service Agency (79194),01,,AZ-79194,0400972,1015 FAIR ST RM 324,,,PRESCOTT,AZ,86305,1807,1015 FAIR ST RM 324,,,PRESCOTT,AZ,86305,1807,(928)771-3544,,1,Open,1,Open,07/30/2024,4,Service agency,No,NOTCHR,Not a charter district,Yes,No,No,No,No,No,No,No,No,No,No,No,No,No,No,No,No,No,N,N,Not applicable,As reported,0
2023-2024,04,ARIZONA,AZ,Cochise County School Superintendent (79188),01,,AZ-79188,0400973,PO BOX 208,,,BISBEE,AZ,85603,0208,100 CLAWSON ST,,,BISBEE,AZ,85603,1909,(520)432-8950,,1,Open,1,Open,07/30/2024,4,Service agency,No,NOTCHR,Not a charter district,Yes,No,No,No,No,No,No,No,No,No,No,No,No,No,No,No,No,No,N,N,Not applicable,As reported,0
2023-2024,04,ARIZONA,AZ,Phoenix International Academy (903484),01,,AZ-903484,0400975,4310 E BROADWAY RD,,,PHOENIX,AZ,85040,8808,4310 E BROADWAY RD,,,PHOENIX,AZ,85040,8808,(602)842-2521,,1,Open,1,Open,07/30/2024,7,Independent charter district,No,CHRTIDEAESEA,LEA for federal programs,No,No,Yes,Yes,Yes,Yes,Yes,Yes,Yes,Yes,Yes,No,No,No,No,No,No,No,KG,08,Elementary,As reported,1
2023-2024,04,ARIZONA,AZ,Think Through Academy (92976),01,,AZ-92976,0400976,2127 W HARWELL RD,,,PHOENIX,AZ,85041,7728,2127 W HARWELL RD,,,PHOENIX,AZ,85041,7728,(623)233-4524,,1,Open,1,Open,07/30/2024,7,Independent charter district,No,CHRTIDEAESEA,LEA for federal programs,No,No,No,No,No,No,No,No,No,No,No,Yes,Yes,Yes,Yes,No,No,No,09,12,High,As reported,1
2023-2024,04,ARIZONA,AZ,Arizona Language Schools (395879),01,,AZ-395879,0400977,2222 S PRICE RD,,,TEMPE,AZ,85282,3013,2222 S PRICE RD,,,TEMPE,AZ,85282,3013,(480)334-9608,,1,Open,1,Open,07/30/2024,7,Independent charter district,No,CHRTIDEAESEA,LEA for federal programs,No,No,Yes,Yes,Yes,Yes,Yes,Yes,No,No,No,No,No,No,No,No,No,No,KG,05,Elementary,As reported,1
2023-2024,04,ARIZONA,AZ,Edison Project (743644),01,,AZ-743644,0400978,8340 W Northern Ave,,,Glendale,AZ,85305,1305,8340 W Northern Ave,,,Glendale,AZ,85305,1305,(623)282-2871,http://www.edisonschoolaz.org,1,Open,1,Open,07/30/2024,7,Independent charter district,No,CHRTIDEAESEA,LEA for federal programs,No,No,Yes,Yes,Yes,Yes,Yes,Yes,Yes,Yes,Yes,No,No,No,No,No,No,No,KG,08,Elementary,As reported,1
2023-2024,04,ARIZONA,AZ,BASIS Charter Schools Inc. (783027),01,,AZ-783027,0400980,7975 N Hayden Rd,,,Scottsdale,AZ,85258,3276,7496 E TIERRA BUENA LN,,,SCOTTSDALE,AZ,85260,1613,(480)900-1858,http://enrollbasis.com/scottsdale-primary-west/,1,Open,1,Open,07/30/2024,7,Independent charter district,No,CHRTIDEAESEA,LEA for federal programs,No,No,Yes,Yes,Yes,Yes,Yes,No,No,No,No,No,No,No,No,No,No,No,KG,04,Elementary,As reported,1
2023-2024,04,ARIZONA,AZ,Science Technology Engineering and Math Arizona (1000050),01,,AZ-1000050,0400981,8055 E 22nd St,,,Tucson,AZ,85710,8524,8055 E 22nd St,,,Tucson,AZ,85710,8524,(520)372-4606,http://davincitree.academy,1,Open,1,Open,07/30/2024,7,Independent charter district,No,CHRTIDEAESEA,LEA for federal programs,No,No,Yes,Yes,Yes,Yes,Yes,Yes,Yes,Yes,Yes,No,No,No,No,No,No,No,KG,08,Elementary,As reported,1
2023-2024,04,ARIZONA,AZ,Navajo County Sheriff's Office (79520),01,,AZ-79520,0400982,PO BOX 668,,,HOLBROOK,AZ,86025,0668,100 E CODE TALKERS DR,,,HOLBROOK,AZ,86025,,(928)536-7327,,1,Open,1,Open,07/30/2024,8,Other local education agency,No,NOTCHR,Not a charter district,No,No,No,No,No,No,No,No,No,Yes,Yes,Yes,Yes,Yes,Yes,No,No,No,07,12,High,As reported,0
2023-2024,04,ARIZONA,AZ,Yavapai County Sheriff's Office (79492),01,,AZ-79492,0400983,PO BOX 26326,,,Prescott Valley,AZ,86312,6326,255 E GURLEY ST,,,PRESCOTT,AZ,86301,3803,(928)771-3260,,1,Open,1,Open,07/30/2024,8,Other local education agency,No,NOTCHR,Not a charter district,No,No,No,No,No,No,No,No,No,Yes,Yes,Yes,Yes,Yes,Yes,No,No,No,07,12,High,As reported,0
2023-2024,04,ARIZONA,AZ,Cochise County Sheriff's Office (79546),01,,AZ-79546,0400984,203 N JUDD DR,,,BISBEE,AZ,85603,1045,203 N JUDD DR,,,BISBEE,AZ,85603,1045,(520)432-7540,,1,Open,1,Open,07/30/2024,8,Other local education agency,No,NOTCHR,Not a charter district,No,No,No,No,No,No,No,No,No,Yes,Yes,Yes,Yes,Yes,Yes,No,No,No,07,12,High,As reported,0
2023-2024,04,ARIZONA,AZ,Pinal County Detention Education Center (79516),01,,AZ-79516,0400985,PO BOX 867,,,FLORENCE,AZ,85132,3017,951 N PINAL PKWY,,,FLORENCE,AZ,85132,8799,(855)355-0358,,1,Open,1,Open,07/30/2024,8,Other local education agency,No,NOTCHR,Not a charter district,No,No,Yes,Yes,Yes,Yes,Yes,Yes,Yes,Yes,Yes,Yes,Yes,Yes,Yes,No,No,No,KG,12,Other,As reported,0
2023-2024,04,ARIZONA,AZ,Maricopa County Detention Education Center (1000313),01,,AZ-1000313,0400986,3125 W DURANGO ST,,,PHOENIX,AZ,85009,6217,3125 W DURANGO ST,,,PHOENIX,AZ,85009,6217,(602)506-4280,,1,Open,1,Open,07/30/2024,8,Other local education agency,No,NOTCHR,Not a charter district,No,Yes,Yes,Yes,Yes,Yes,Yes,Yes,Yes,Yes,Yes,Yes,Yes,Yes,Yes,No,Yes,No,PK,12,Other,As reported,0
2023-2024,04,ARIZONA,AZ,Somerset Academy Arizona Inc. (1000160),01,,AZ-1000160,0400987,6630 Surrey St,,,Las Vegas,NV,89119,,14900 W VAN BUREN ST,,,GOODYEAR,AZ,85338,3002,(623)208-4629,,1,Open,1,Open,07/30/2024,7,Independent charter district,Yes,CHRTIDEAESEA,LEA for federal programs,No,No,Yes,Yes,Yes,Yes,Yes,Yes,Yes,Yes,Yes,No,No,No,No,No,No,No,KG,08,Elementary,As reported,1
2023-2024,04,ARIZONA,AZ,Valor Preparatory Academy LLC (1000291),01,,AZ-1000291,0400988,2471 N ARIZONA AVE STE 1,,,CHANDLER,AZ,85225,1394,13185 W THOMAS RD,,,GOODYEAR,AZ,85395,2314,(623)444-5969,,1,Open,1,Open,07/30/2024,7,Independent charter district,No,CHRTNOTLEA,Not LEA for federal programs,No,No,No,No,No,No,No,No,Yes,Yes,Yes,Yes,Yes,Yes,Yes,No,No,No,06,12,High,As reported,1
2023-2024,04,ARIZONA,AZ,ARCHES Academy (92980),01,,AZ-92980,0400989,718 E DENIM TRL,,,SAN TAN VLY,AZ,85143,,718 E DENIM TRL,,,SAN TAN VLY,AZ,85143,,(480)881-7114,,1,Open,1,Open,07/30/2024,7,Independent charter district,No,CHRTIDEAESEA,LEA for federal programs,No,No,Yes,Yes,Yes,Yes,Yes,Yes,Yes,Yes,Yes,No,No,No,No,No,No,No,KG,08,Elementary,As reported,1
2023-2024,04,ARIZONA,AZ,New Learning Ventures Inc. (320470),01,,AZ-320470,0400990,4515 N 32ND ST STE 200,,,PHOENIX,AZ,85018,3356,4515 N 32ND ST STE 200,,,Phoenix,AZ,85018,,(602)740-9271,,1,Open,1,Open,07/30/2024,7,Independent charter district,No,CHRTIDEAESEA,LEA for federal programs,No,No,Yes,Yes,Yes,Yes,Yes,Yes,Yes,Yes,Yes,No,No,No,No,No,No,No,KG,08,Elementary,As reported,1
2023-2024,04,ARIZONA,AZ,Legacy Traditional School - Goodyear (1000283),01,,AZ-1000283,0400991,16060 W LOWER BUCKEYE RD,,,GOODYEAR,AZ,85338,3633,16060 W LOWER BUCKEYE RD,,,GOODYEAR,AZ,85338,3633,(623)233-1100,http://legacytraditional.org/,1,Open,1,Open,07/30/2024,7,Independent charter district,No,CHRTIDEAESEA,LEA for federal programs,No,No,Yes,Yes,Yes,Yes,Yes,Yes,Yes,Yes,Yes,No,No,No,No,No,No,No,KG,08,Elementary,As reported,1
2023-2024,04,ARIZONA,AZ,Kaleidoscope School (1000164),01,,AZ-1000164,0400992,28021 N 23RD DR,,,PHOENIX,AZ,85085,4717,3434 W GREENWAY RD STE 117,,,PHOENIX,AZ,85053,3886,(602)313-0917,http://www.ksk8.org,1,Open,1,Open,07/30/2024,7,Independent charter district,No,CHRTIDEAESEA,LEA for federal programs,No,No,Yes,Yes,Yes,Yes,Yes,Yes,Yes,Yes,Yes,No,No,No,No,No,No,No,KG,08,Elementary,As reported,1
2023-2024,04,ARIZONA,AZ,New Horizon High School Inc. (1000165),01,,AZ-1000165,0400993,PO BOX 2156,,,CHANDLER,AZ,85244,2156,2200 N ARIZONA AVE STE 17,,,CHANDLER,AZ,85225,3452,(480)284-5999,,6,Inactive,6,Inactive,07/30/2024,7,Independent charter district,No,CHRTIDEAESEA,LEA for federal programs,Not reported,Not reported,Not reported,Not reported,Not reported,Not reported,Not reported,Not reported,Not reported,Not reported,Not reported,Not reported,Not reported,Not reported,Not reported,Not reported,Not reported,Not reported,M,M,Not reported,As reported,0
2023-2024,04,ARIZONA,AZ,Self Development Eastmark Academy (520359),01,,AZ-520359,0400994,1709 N GREENFIELD RD,,,MESA,AZ,85205,3103,7930 E BASELINE RD,,,MESA,AZ,85209,5008,(480)641-2630,,6,Inactive,6,Inactive,07/30/2024,7,Independent charter district,No,CHRTNOTLEA,Not LEA for federal programs,Not reported,Not reported,Not reported,Not reported,Not reported,Not reported,Not reported,Not reported,Not reported,Not reported,Not reported,Not reported,Not reported,Not reported,Not reported,Not reported,Not reported,Not reported,M,M,Not reported,As reported,0
2023-2024,04,ARIZONA,AZ,Self Development Scottsdale Academy (308420),01,,AZ-308420,0400995,1709 N GREENFIELD RD,,,MESA,AZ,85205,3103,16635 N 51ST AVE,,,GLENDALE,AZ,85306,1301,(602)274-1910,,6,Inactive,6,Inactive,07/30/2024,7,Independent charter district,No,CHRTNOTLEA,Not LEA for federal programs,Not reported,Not reported,Not reported,Not reported,Not reported,Not reported,Not reported,Not reported,Not reported,Not reported,Not reported,Not reported,Not reported,Not reported,Not reported,Not reported,Not reported,Not reported,M,M,Not reported,As reported,0
2023-2024,04,ARIZONA,AZ,Legacy Traditional School - West Surprise (1000560),01,,AZ-1000560,0400996,3125 S. Gilbert Road,,,Chandler,AZ,85286,,17300 W Cactus Road,,,Surprise,AZ,85388,,(623)299-1800,,1,Open,1,Open,07/30/2024,7,Independent charter district,No,CHRTIDEAESEA,LEA for federal programs,No,No,Yes,Yes,Yes,Yes,Yes,Yes,Yes,Yes,Yes,No,No,No,No,No,No,No,KG,08,Elementary,As reported,1
2023-2024,04,ARIZONA,AZ,Legacy Traditional School - North Phoenix (1000568),01,,AZ-1000568,0400997,4525 N. 98th Avenue,,,Phoenix,AZ,85037,,4525 N. 98th Avenue,,,Phoenix,AZ,85037,,(623)219-4320,,1,Open,1,Open,07/30/2024,7,Independent charter district,No,CHRTIDEAESEA,LEA for federal programs,No,No,Yes,Yes,Yes,Yes,Yes,Yes,Yes,Yes,Yes,No,No,No,No,No,No,No,KG,08,Elementary,As reported,1
2023-2024,04,ARIZONA,AZ,A+ Charter Schools (1000166),01,,AZ-1000166,0400998,41600 W Smith-Enke Rd,,,Maricopa,AZ,85138,,41600 W Smith-Enke Rd,,,Maricopa,AZ,85138,,(520)265-5589,http://www.aplusaz.org,1,Open,1,Open,07/30/2024,7,Independent charter district,No,CHRTIDEAESEA,LEA for federal programs,No,No,No,No,No,No,No,No,Yes,Yes,Yes,Yes,Yes,Yes,Yes,No,No,No,06,12,High,As reported,1
2023-2024,04,ARIZONA,AZ,Freedom Preparatory Academy (1000979),01,,AZ-1000979,0400999,465 N BLUEJAY DR,,,GILBERT,AZ,85234,7653,465 N BLUEJAY DR,,,GILBERT,AZ,85234,7653,(480)256-2642,http://www.freedomk12.org,1,Open,1,Open,07/30/2024,7,Independent charter district,No,CHRTIDEAESEA,LEA for federal programs,No,No,Yes,Yes,Yes,Yes,Yes,Yes,Yes,Yes,Yes,Yes,Yes,Yes,Yes,No,No,No,KG,12,Other,As reported,1
2023-2024,04,ARIZONA,AZ,Bagdad Unified District (4468),01,,AZ-4468,0401000,PO BOX 427,,,BAGDAD,AZ,86321,0427,500 Sultan Way,,,Bagdad,AZ,86321,,(928)633-4101,http://www.bagdadschools.org,1,Open,1,Open,07/30/2024,1,Regular public school district that is not a component of a supervisory union,No,NOTCHR,Not a charter district,No,Yes,Yes,Yes,Yes,Yes,Yes,Yes,Yes,Yes,Yes,Yes,Yes,Yes,Yes,No,Yes,No,PK,12,Other,As reported,3
2023-2024,04,ARIZONA,AZ,Scholars Academy Sunnyslope (1000377),01,,AZ-1000377,0401002,1055 E HEARN RD,,,PHOENIX,AZ,85022,4332,1055 E HEARN RD,,,PHOENIX,AZ,85022,4332,(602)601-6464,http://scholarsphoenix.com,1,Open,1,Open,07/30/2024,7,Independent charter district,No,CHRTIDEAESEA,LEA for federal programs,No,No,Yes,Yes,Yes,Yes,Yes,Yes,Yes,Yes,Yes,No,No,No,No,No,No,No,KG,08,Elementary,As reported,1
2023-2024,04,ARIZONA,AZ,Morrison Education Group Inc. (1001157),01,,AZ-1001157,0401003,2675 W BASELINE RD,,,PHOENIX,AZ,85041,6493,2675 W BASELINE RD,,,PHOENIX,AZ,85041,6493,(602)692-4914,,1,Open,1,Open,07/30/2024,7,Independent charter district,No,CHRTIDEAESEA,LEA for federal programs,No,No,Yes,Yes,Yes,Yes,Yes,Yes,Yes,Yes,Yes,No,No,No,No,No,No,No,KG,08,Elementary,As reported,1
2023-2024,04,ARIZONA,AZ,Candeo Schools Inc. (1001161),01,,AZ-1001161,0401004,9965 W CALLE LEJOS,,,PEORIA,AZ,85383,1117,9965 W CALLE LEJOS,,,PEORIA,AZ,85383,1117,(623)979-6500,,1,Open,1,Open,07/30/2024,7,Independent charter district,No,CHRTIDEAESEA,LEA for federal programs,No,No,Yes,Yes,Yes,Yes,Yes,Yes,Yes,Yes,Yes,No,No,No,No,No,No,No,KG,08,Elementary,As reported,1
2023-2024,04,ARIZONA,AZ,American Charter Schools Foundation dba Ridgeview  (1001346),01,,AZ-1001346,0401005,6150 N 16TH ST STE A,,,PHOENIX,AZ,85016,1774,6150 N 16TH ST STE A,,,PHOENIX,AZ,85016,1774,(602)953-2933,http://www.ridgeviewcollegeprep.com,1,Open,1,Open,07/30/2024,7,Independent charter district,No,CHRTIDEAESEA,LEA for federal programs,No,No,No,No,No,No,No,No,No,No,No,Yes,Yes,Yes,Yes,No,No,No,09,12,High,As reported,1
2023-2024,04,ARIZONA,AZ,Legacy Traditional School - Mesa (1001397),01,,AZ-1001397,0401006,3125 S GILBERT RD,,,CHANDLER,AZ,85286,5194,3125 S GILBERT RD,,,CHANDLER,AZ,85286,5194,(480)576-4000,http://mesa.legacytraditional.org,1,Open,1,Open,07/30/2024,7,Independent charter district,No,CHRTIDEAESEA,LEA for federal programs,No,No,Yes,Yes,Yes,Yes,Yes,Yes,Yes,No,No,No,No,No,No,No,No,No,KG,06,Elementary,As reported,1
2023-2024,04,ARIZONA,AZ,Legacy Traditional School - Deer Valley (1001398),01,,AZ-1001398,0401007,3125 S GILBERT RD,,,CHANDLER,AZ,85286,5194,3125 S GILBERT RD,,,CHANDLER,AZ,85286,5194,(602)422-9025,,1,Open,1,Open,07/30/2024,7,Independent charter district,No,CHRTIDEAESEA,LEA for federal programs,No,No,Yes,Yes,Yes,Yes,Yes,Yes,Yes,No,No,No,No,No,No,No,No,No,KG,06,Elementary,As reported,1
2023-2024,04,ARIZONA,AZ,Legacy Traditional School - East Tucson (1001399),01,,AZ-1001399,0401008,3125 S GILBERT RD,,,CHANDLER,AZ,85286,5194,3125 S GILBERT RD,,,CHANDLER,AZ,85286,5194,(520)428-3010,http://etucson.legacytraditional.org,1,Open,1,Open,07/30/2024,7,Independent charter district,No,CHRTIDEAESEA,LEA for federal programs,No,No,Yes,Yes,Yes,Yes,Yes,Yes,Yes,No,No,No,No,No,No,No,No,No,KG,06,Elementary,As reported,1
2023-2024,04,ARIZONA,AZ,Glen Canyon Outdoor Academy (1001519),01,,AZ-1001519,0401009,PO BOX 1678,,,GRAND CANYON,AZ,86023,1678,835 NEWBURN RD,,,PAGE,AZ,86040,,(719)291-6079,,1,Open,1,Open,07/30/2024,7,Independent charter district,No,CHRTIDEAESEA,LEA for federal programs,No,No,Yes,Yes,Yes,Yes,Yes,Yes,Yes,Yes,Yes,No,No,No,No,No,No,No,KG,08,Elementary,As reported,1
2023-2024,04,ARIZONA,AZ,Liberty Leadership Academy (1001520),01,,AZ-1001520,0401010,320 S MAIN ST,,,COTTONWOOD,AZ,86326,3905,320 S MAIN ST,,,COTTONWOOD,AZ,86326,3905,(602)796-7315,,1,Open,1,Open,07/30/2024,7,Independent charter district,No,CHRTIDEAESEA,LEA for federal programs,No,No,Yes,Yes,Yes,Yes,Yes,Yes,Yes,Yes,Yes,No,No,No,No,No,No,No,KG,08,Elementary,As reported,1
2023-2024,04,ARIZONA,AZ,Madison Highland Prep Phoenix (1001521),01,,AZ-1001521,0401011,12235 W VAN BUREN ST,,,AVONDALE,AZ,85323,5248,12235 W VAN BUREN ST,,,AVONDALE,AZ,85323,5248,(623)414-0811,http://www.highlandprepwest.net,1,Open,1,Open,07/30/2024,7,Independent charter district,No,CHRTIDEAESEA,LEA for federal programs,No,No,No,No,No,No,No,No,No,No,No,Yes,Yes,No,No,No,No,No,09,10,Secondary,As reported,1
2023-2024,04,ARIZONA,AZ,Colearn Academy Arizona (1001669),01,,AZ-1001669,0401012,101 S LA CANADA DR STE 50,,,GREEN VALLEY,AZ,85614,2664,101 S LA CANADA DR STE 50,,,GREEN VALLEY,AZ,85614,2664,(520)428-6368,http://arizonacharter.colearn.com,1,Open,1,Open,07/30/2024,7,Independent charter district,No,CHRTIDEAESEA,LEA for federal programs,No,No,Yes,Yes,Yes,Yes,Yes,Yes,Yes,Yes,Yes,Yes,Yes,Yes,Yes,No,No,No,KG,12,Other,As reported,1
2023-2024,04,ARIZONA,AZ,Online School of Arizona (1001719),01,,AZ-1001719,0401013,16505 N 106TH PL,,,SCOTTSDALE,AZ,85255,9027,7320 E Broadway,,,Tucson,AZ,85710,,(623)686-3276,http://www.onlineschoolofarizona.com/,1,Open,1,Open,07/30/2024,7,Independent charter district,No,CHRTIDEAESEA,LEA for federal programs,No,No,No,No,No,No,No,No,No,No,No,Yes,Yes,Yes,Yes,No,No,No,09,12,High,As reported,1
2023-2024,04,ARIZONA,AZ,Copper State Academy (1001671),01,,AZ-1001671,0401014,1711 E CAMPBELL AVE,,,PHOENIX,AZ,85016,5409,1212 W Camelback Rd,,,Phoenix,AZ,85013,,(480)329-6780,,6,Inactive,6,Inactive,07/30/2024,7,Independent charter district,No,CHRTIDEAESEA,LEA for federal programs,Not reported,Not reported,Not reported,Not reported,Not reported,Not reported,Not reported,Not reported,Not reported,Not reported,Not reported,Not reported,Not reported,Not reported,Not reported,Not reported,Not reported,Not reported,M,M,Not reported,As reported,0
2023-2024,04,ARIZONA,AZ,Cochise County Accommodation School District (1001687),01,,AZ-1001687,0401015,1415 MELODY LN BLDG C,,,BISBEE,AZ,85603,3039,100 CLAWSON AVE FL 3,,,BISBEE,AZ,85603,,(520)432-8950,,1,Open,1,Open,07/30/2024,1,Regular public school district that is not a component of a supervisory union,No,NOTCHR,Not a charter district,No,No,No,No,No,No,No,No,No,No,No,No,Yes,Yes,Yes,No,No,No,10,12,High,As reported,1
2023-2024,04,ARIZONA,AZ,SLAM Arizona Inc. (1001859),01,,AZ-1001859,0401016,6630 SURREY ST,,,LAS VEGAS,NV,89119,3928,305 E Main Street,,,Mesa,AZ,85201,,(702)431-6260,,1,Open,1,Open,07/30/2024,7,Independent charter district,Yes,CHRTIDEAESEA,LEA for federal programs,No,No,Yes,Yes,Yes,Yes,Yes,Yes,Yes,Yes,Yes,No,No,No,No,No,No,No,KG,08,Elementary,As reported,1
2023-2024,04,ARIZONA,AZ,Balsz Elementary District (4268),01,,AZ-4268,0401050,4825 E ROOSEVELT ST,,,PHOENIX,AZ,85008,5917,4825 E ROOSEVELT ST,,,PHOENIX,AZ,85008,5917,(602)629-6400,http://www.balsz.org,1,Open,1,Open,07/30/2024,1,Regular public school district that is not a component of a supervisory union,No,NOTCHR,Not a charter district,No,Yes,Yes,Yes,Yes,Yes,Yes,Yes,Yes,Yes,Yes,No,No,No,No,No,Yes,No,PK,08,Elementary,As reported,6
2023-2024,04,ARIZONA,AZ,Beaver Creek Elementary District (4481),01,,AZ-4481,0401080,4810 E BEAVER CREEK RD,,,RIMROCK,AZ,86335,6241,4810 E BEAVER CREEK RD,,,RIMROCK,AZ,86335,6241,(928)567-4631,http://www.bcs.k12.az.us,1,Open,1,Open,07/30/2024,1,Regular public school district that is not a component of a supervisory union,No,NOTCHR,Not a charter district,No,Yes,Yes,Yes,Yes,Yes,Yes,Yes,Yes,Yes,Yes,No,No,No,No,No,No,No,PK,08,Elementary,As reported,1
2023-2024,04,ARIZONA,AZ,Bicentennial Union High School District (4515),01,,AZ-4515,0401160,PO BOX 519,,,SALOME,AZ,85348,0519,67488 E Salome Rd,,,Salome,AZ,85348,,(928)859-3453,http://www.salomehs.org/,1,Open,1,Open,07/30/2024,1,Regular public school district that is not a component of a supervisory union,No,NOTCHR,Not a charter district,No,No,No,No,No,No,No,No,No,No,No,Yes,Yes,Yes,Yes,No,No,No,09,12,High,As reported,1
2023-2024,04,ARIZONA,AZ,Bisbee Unified District (4169),01,,AZ-4169,0401180,519 W Melody Lane,,,BISBEE,AZ,85603,1038,519 W Melody Lane,,,BISBEE,AZ,85603,1038,(520)432-5381,http://www.busd.k12.az.us,1,Open,1,Open,07/30/2024,1,Regular public school district that is not a component of a supervisory union,No,NOTCHR,Not a charter district,No,Yes,Yes,Yes,Yes,Yes,Yes,Yes,Yes,Yes,Yes,Yes,Yes,Yes,Yes,No,No,No,PK,12,Other,As reported,4
2023-2024,04,ARIZONA,AZ,Blue Elementary District (4231),01,,AZ-4231,0401230,Box 80,,,Blue,AZ,85922,,80 Turkey Creek Rd,,,Blue,AZ,85922,,(928)865-2822,,1,Open,1,Open,07/30/2024,1,Regular public school district that is not a component of a supervisory union,No,NOTCHR,Not a charter district,No,No,Yes,Yes,Yes,Yes,Yes,Yes,Yes,Yes,Yes,Yes,Yes,Yes,Yes,No,No,No,KG,12,Other,As reported,1
2023-2024,04,ARIZONA,AZ,Bonita Elementary District (4224),01,,AZ-4224,0401260,18008 S FORT GRANT RD,,,WILLCOX,AZ,85643,7500,18008 S FORT GRANT RD,,,WILLCOX,AZ,85643,7500,(928)828-3363,http://www.bonita.k12.az.us,1,Open,1,Open,07/30/2024,1,Regular public school district that is not a component of a supervisory union,No,NOTCHR,Not a charter district,No,No,Yes,Yes,Yes,Yes,Yes,Yes,Yes,Yes,Yes,No,No,No,No,No,No,No,KG,08,Elementary,As reported,1
2023-2024,04,ARIZONA,AZ,Bouse Elementary District (4513),01,,AZ-4513,0401290,PO BOX S,,,BOUSE,AZ,85325,0395,44936 Joshua Drive,,,Bouse,AZ,85325,,(928)851-2213,http://www.bouseschool.org,1,Open,1,Open,07/30/2024,1,Regular public school district that is not a component of a supervisory union,No,NOTCHR,Not a charter district,No,Yes,Yes,Yes,Yes,Yes,Yes,Yes,Yes,Yes,Yes,No,No,No,No,No,No,No,PK,08,Elementary,As reported,1
2023-2024,04,ARIZONA,AZ,Bowie Unified District (4171),01,,AZ-4171,0401330,PO BOX 157,,,BOWIE,AZ,85605,0157,315 W. 5th St.,,,Bowie,AZ,85605,,(520)847-2545,http://www.bowieschools.org,1,Open,1,Open,07/30/2024,1,Regular public school district that is not a component of a supervisory union,No,NOTCHR,Not a charter district,No,Yes,Yes,Yes,Yes,Yes,Yes,Yes,Yes,Yes,Yes,Yes,Yes,Yes,Yes,No,No,No,PK,12,Other,As reported,2
2023-2024,04,ARIZONA,AZ,Buckeye Elementary District (4269),01,,AZ-4269,0401380,211 7TH AVE W,,,BUCKEYE,AZ,85326,1020,211 7TH AVE W,,,BUCKEYE,AZ,85326,1020,(623)925-3400,http://www.besd33.org,1,Open,1,Open,07/30/2024,1,Regular public school district that is not a component of a supervisory union,No,NOTCHR,Not a charter district,No,Yes,Yes,Yes,Yes,Yes,Yes,Yes,Yes,Yes,Yes,No,No,No,No,No,Yes,No,PK,08,Elementary,As reported,8
2023-2024,04,ARIZONA,AZ,Buckeye Union High School District (4284),01,,AZ-4284,0401410,1000 E NARRAMORE AVE,,,BUCKEYE,AZ,85326,2632,1000 E NARRAMORE AVE,,,BUCKEYE,AZ,85326,2632,(623)269-1002,http://www.buhsd.org,1,Open,1,Open,07/30/2024,1,Regular public school district that is not a component of a supervisory union,No,NOTCHR,Not a charter district,No,No,No,No,No,No,No,No,No,No,No,Yes,Yes,Yes,Yes,No,No,No,09,12,High,As reported,5
2023-2024,04,ARIZONA,AZ,Sierra Vista Unified District (4175),01,,AZ-4175,0401460,3555 E FRY BLVD,,,SIERRA VISTA,AZ,85635,2972,3555 E FRY BLVD,,,SIERRA VISTA,AZ,85635,2972,(520)515-2714,http://www.svusd68.org,1,Open,1,Open,07/30/2024,1,Regular public school district that is not a component of a supervisory union,No,NOTCHR,Not a charter district,No,Yes,Yes,Yes,Yes,Yes,Yes,Yes,Yes,Yes,Yes,Yes,Yes,Yes,Yes,No,Yes,No,PK,12,Other,As reported,11
2023-2024,04,ARIZONA,AZ,Bullhead City School District (4378),01,,AZ-4378,0401500,1004 HANCOCK RD,,,BULLHEAD CITY,AZ,86442,5946,1004 HANCOCK RD,,,BULLHEAD CITY,AZ,86442,5946,(928)758-3961,http://crsk12.org/,1,Open,1,Open,07/30/2024,1,Regular public school district that is not a component of a supervisory union,No,NOTCHR,Not a charter district,No,Yes,Yes,Yes,Yes,Yes,Yes,Yes,Yes,Yes,Yes,No,No,No,No,No,Yes,No,PK,08,Elementary,As reported,6
2023-2024,04,ARIZONA,AZ,Camp Verde Unified District (4470),01,,AZ-4470,0401600,410 CAMP LINCOLN RD,,,CAMP VERDE,AZ,86322,7494,410 CAMP LINCOLN RD,,,CAMP VERDE,AZ,86322,7494,(928)567-8000,http://www.campverdeschools.org,1,Open,1,Open,07/30/2024,1,Regular public school district that is not a component of a supervisory union,No,NOTCHR,Not a charter district,No,Yes,Yes,Yes,Yes,Yes,Yes,Yes,Yes,Yes,Yes,Yes,Yes,Yes,Yes,No,Yes,No,PK,12,Other,As reported,6
2023-2024,04,ARIZONA,AZ,Canon Elementary District (4484),01,,AZ-4484,0401650,PO BOX 89,,,Black Canyon City,AZ,85324,0089,34630 S SCHOOL LOOP RD,,,Black Canyon City,AZ,85324,7516,(623)374-5588,http://www.canon50.org,1,Open,1,Open,07/30/2024,1,Regular public school district that is not a component of a supervisory union,No,NOTCHR,Not a charter district,No,Yes,Yes,Yes,Yes,Yes,Yes,Yes,Yes,Yes,Yes,No,No,No,No,No,No,No,PK,08,Elementary,As reported,1
2023-2024,04,ARIZONA,AZ,Cartwright Elementary District (4282),01,,AZ-4282,0401680,5220 W INDIAN SCHOOL RD,,,PHOENIX,AZ,85031,2605,5220 W INDIAN SCHOOL RD,,,PHOENIX,AZ,85031,2605,(623)691-4000,http://www.csd83.org/,1,Open,1,Open,07/30/2024,1,Regular public school district that is not a component of a supervisory union,No,NOTCHR,Not a charter district,No,Yes,Yes,Yes,Yes,Yes,Yes,Yes,Yes,Yes,Yes,No,No,No,No,No,Yes,No,PK,08,Elementary,As reported,23
2023-2024,04,ARIZONA,AZ,Casa Grande Elementary District (4446),01,,AZ-4446,0401710,220 W KORTSEN RD,,,CASA GRANDE,AZ,85122,5910,220 W KORTSEN RD,,,CASA GRANDE,AZ,85122,5910,(520)836-2111,http://www.cgesd.org/,1,Open,1,Open,07/30/2024,1,Regular public school district that is not a component of a supervisory union,No,NOTCHR,Not a charter district,No,Yes,Yes,Yes,Yes,Yes,Yes,Yes,Yes,Yes,Yes,No,No,No,No,No,Yes,No,PK,08,Elementary,As reported,14
2023-2024,04,ARIZONA,AZ,Casa Grande Union High School District (4453),01,,AZ-4453,0401740,1362 N CASA GRANDE AVE,,,CASA GRANDE,AZ,85122,2648,2730 N TREKELL RD,,,CASA GRANDE,AZ,85122,1019,(520)316-3360,http://www.cguhsd.org,1,Open,1,Open,07/30/2024,1,Regular public school district that is not a component of a supervisory union,No,NOTCHR,Not a charter district,No,No,No,No,No,No,No,No,No,No,No,Yes,Yes,Yes,Yes,No,No,No,09,12,High,As reported,3
2023-2024,04,ARIZONA,AZ,Catalina Foothills Unified District (4410),01,,AZ-4410,0401760,2101 E RIVER RD,,,TUCSON,AZ,85718,6508,2101 E RIVER RD,,,TUCSON,AZ,85718,6508,(520)209-7500,http://www.cfsd16.org/,1,Open,1,Open,07/30/2024,1,Regular public school district that is not a component of a supervisory union,No,NOTCHR,Not a charter district,No,Yes,Yes,Yes,Yes,Yes,Yes,Yes,Yes,Yes,Yes,Yes,Yes,Yes,Yes,No,No,No,PK,12,Other,As reported,8
2023-2024,04,ARIZONA,AZ,Cedar Unified District (4395),01,,AZ-4395,0401810,PO BOX 367,,,KEAMS CANYON,AZ,86034,0355,Mile Post 408 Hwy 264,,,Keams Canyon,AZ,86034,,(928)738-2367,http://www.cedarusd.org/,1,Open,1,Open,07/30/2024,1,Regular public school district that is not a component of a supervisory union,No,NOTCHR,Not a charter district,No,Yes,Yes,Yes,Yes,Yes,Yes,Yes,Yes,Yes,Yes,Yes,Yes,Yes,Yes,No,No,No,PK,12,Other,As reported,2
2023-2024,04,ARIZONA,AZ,Champie Elementary District (4477),01,,AZ-4477,0401830,HCR 1 Castle Hot Springs,,,Morristown,AZ,85342,,HCR 1 Castle Hot Springs,,,Morristown,AZ,85342,,(928)501-1400,,6,Inactive,6,Inactive,07/30/2024,1,Regular public school district that is not a component of a supervisory union,No,NOTCHR,Not a charter district,Not reported,Not reported,Not reported,Not reported,Not reported,Not reported,Not reported,Not reported,Not reported,Not reported,Not reported,Not reported,Not reported,Not reported,Not reported,Not reported,Not reported,Not reported,M,M,Not reported,As reported,0
2023-2024,04,ARIZONA,AZ,Chandler Unified District #80 (4242),01,,AZ-4242,0401870,1525 W FRYE RD,,,CHANDLER,AZ,85224,6178,1525 W FRYE RD,,,CHANDLER,AZ,85224,6178,(480)812-7000,http://www.cusd80.com,1,Open,1,Open,07/30/2024,1,Regular public school district that is not a component of a supervisory union,No,NOTCHR,Not a charter district,No,Yes,Yes,Yes,Yes,Yes,Yes,Yes,Yes,Yes,Yes,Yes,Yes,Yes,Yes,No,Yes,No,PK,12,Other,As reported,44
2023-2024,04,ARIZONA,AZ,Chevelon Butte School District (4198),01,,AZ-4198,0401920,PO BOX 1574,,,FOREST LAKES,AZ,85931,1574,417 Old Rim Road,,,Forest Lakes,AZ,85931,,(928)535-4729,,1,Open,1,Open,07/30/2024,1,Regular public school district that is not a component of a supervisory union,No,NOTCHR,Not a charter district,Yes,No,No,No,No,No,No,No,No,No,No,No,No,No,No,No,No,No,N,N,Not applicable,As reported,0
2023-2024,04,ARIZONA,AZ,Chinle Unified District (4158),01,,AZ-4158,0401940,PO BOX 587,,,CHINLE,AZ,86503,0587,Navajo Rte 7 & State Hwy 191,,,Chinle,AZ,86503,,(928)674-9600,http://www.chinleusd.k12.az.us,1,Open,1,Open,07/30/2024,1,Regular public school district that is not a component of a supervisory union,No,NOTCHR,Not a charter district,No,Yes,Yes,Yes,Yes,Yes,Yes,Yes,Yes,Yes,Yes,Yes,Yes,Yes,Yes,No,Yes,No,PK,12,Other,As reported,8
2023-2024,04,ARIZONA,AZ,Cochise Elementary District (4177),01,,AZ-4177,0402130,PO BOX 1088,,,COCHISE,AZ,85606,1088,5025 N. Bowie Ave,,,Cochise,AZ,85606,,(520)384-2540,,1,Open,1,Open,07/30/2024,1,Regular public school district that is not a component of a supervisory union,No,NOTCHR,Not a charter district,No,No,Yes,Yes,Yes,Yes,Yes,Yes,Yes,Yes,Yes,No,No,No,No,No,No,No,KG,08,Elementary,As reported,1
2023-2024,04,ARIZONA,AZ,Concho Elementary District (4160),01,,AZ-4160,0402190,PO BOX 200,,,CONCHO,AZ,85924,0200,Hwy 61 and Cinder Rd,,,Concho,AZ,85924,,(928)337-4665,http://www.conchoschool.net,1,Open,1,Open,07/30/2024,1,Regular public school district that is not a component of a supervisory union,No,NOTCHR,Not a charter district,No,Yes,Yes,Yes,Yes,Yes,Yes,Yes,Yes,Yes,Yes,No,No,No,No,No,No,No,PK,08,Elementary,As reported,1
2023-2024,04,ARIZONA,AZ,Congress Elementary District (4479),01,,AZ-4479,0402220,PO BOX 68,,,CONGRESS,AZ,85332,0068,26400 South Tenderfoot Hill Ro,,,Congress,AZ,85332,,(928)427-9850,http://www.congressdistrict.org,1,Open,1,Open,07/30/2024,1,Regular public school district that is not a component of a supervisory union,No,NOTCHR,Not a charter district,No,Yes,Yes,Yes,Yes,Yes,Yes,Yes,Yes,Yes,Yes,No,No,No,No,No,Yes,No,PK,08,Elementary,As reported,1
2023-2024,04,ARIZONA,AZ,Continental Elementary District (4416),01,,AZ-4416,0402250,PO BOX 547,,,GREEN VALLEY,AZ,85622,0547,1991 E WHITEHOUSE CANYON RD,,,GREEN VALLEY,AZ,85614,0522,(520)625-4581,http://www.continentalesd.org/,1,Open,1,Open,07/30/2024,1,Regular public school district that is not a component of a supervisory union,No,NOTCHR,Not a charter district,No,Yes,Yes,Yes,Yes,Yes,Yes,Yes,Yes,Yes,Yes,No,No,No,No,No,No,No,PK,08,Elementary,As reported,2
2023-2024,04,ARIZONA,AZ,Coolidge Unified District (4442),01,,AZ-4442,0402320,450 N ARIZONA BLVD,,,COOLIDGE,AZ,85128,4108,450 N ARIZONA BLVD,,,COOLIDGE,AZ,85128,4108,(520)723-2040,http://www.coolidgeschools.org,1,Open,1,Open,07/30/2024,1,Regular public school district that is not a component of a supervisory union,No,NOTCHR,Not a charter district,No,Yes,Yes,Yes,Yes,Yes,Yes,Yes,Yes,Yes,Yes,Yes,Yes,Yes,Yes,No,No,No,PK,12,Other,As reported,6
2023-2024,04,ARIZONA,AZ,Cottonwood-Oak Creek Elementary District (4487),01,,AZ-4487,0402370,1 N WILLARD ST,,,COTTONWOOD,AZ,86326,3651,1 N WILLARD ST,,,COTTONWOOD,AZ,86326,3651,(928)634-2288,http://www.cocsd.k12.az.us,1,Open,1,Open,07/30/2024,1,Regular public school district that is not a component of a supervisory union,No,NOTCHR,Not a charter district,No,Yes,Yes,Yes,Yes,Yes,Yes,Yes,Yes,Yes,Yes,Yes,Yes,Yes,Yes,No,Yes,No,PK,12,Other,As reported,6
2023-2024,04,ARIZONA,AZ,Crane Elementary District (4501),01,,AZ-4501,0402400,4250 W 16TH ST,,,YUMA,AZ,85364,4031,4250 W 16TH ST,,,YUMA,AZ,85364,4031,(928)373-3400,http://www.craneschools.org/,1,Open,1,Open,07/30/2024,1,Regular public school district that is not a component of a supervisory union,No,NOTCHR,Not a charter district,No,Yes,Yes,Yes,Yes,Yes,Yes,Yes,Yes,Yes,Yes,No,No,No,No,No,Yes,No,PK,08,Elementary,As reported,12
2023-2024,04,ARIZONA,AZ,Creighton Elementary District (4263),01,,AZ-4263,0402430,2702 E FLOWER ST,,,PHOENIX,AZ,85016,7461,2702 E FLOWER ST,,,PHOENIX,AZ,85016,7461,(602)381-6000,http://www.creightonschools.org,1,Open,1,Open,07/30/2024,1,Regular public school district that is not a component of a supervisory union,No,NOTCHR,Not a charter district,No,Yes,Yes,Yes,Yes,Yes,Yes,Yes,Yes,Yes,Yes,No,No,No,No,No,Yes,No,PK,08,Elementary,As reported,10
2023-2024,04,ARIZONA,AZ,Crown King Elementary District (4483),01,,AZ-4483,0402460,PO BOX 188,,,CROWN KING,AZ,86343,0188,23550 S Towers Mountain Road,,,Crown King,AZ,86343,,(928)632-5207,http://crownkingesd.com,1,Open,1,Open,07/30/2024,1,Regular public school district that is not a component of a supervisory union,No,NOTCHR,Not a charter district,No,No,Yes,Yes,Yes,Yes,Yes,Yes,Yes,Yes,Yes,No,No,No,No,No,No,No,KG,08,Elementary,As reported,1
2023-2024,04,ARIZONA,AZ,Graham County Special Services (4217),01,,AZ-4217,0402480,PO BOX 488,,,PIMA,AZ,85543,0488,150 E 4th S,,,Pima,AZ,85543,,(928)485-2759,http://www.graham.az.gov/204/Education-Service-Agency,1,Open,1,Open,07/30/2024,1,Regular public school district that is not a component of a supervisory union,No,NOTCHR,Not a charter district,No,Yes,Yes,Yes,Yes,Yes,Yes,Yes,Yes,Yes,Yes,Yes,Yes,Yes,Yes,No,Yes,No,PK,12,Other,As reported,1
2023-2024,04,ARIZONA,AZ,Double Adobe Elementary District (4179),01,,AZ-4179,0402490,7081 N CENTRAL HWY,,,McNeal,AZ,85617,9692,7081 N CENTRAL HWY,,,McNeal,AZ,85617,9692,(520)364-3041,http://www.doubleadobeschool.org,1,Open,1,Open,07/30/2024,1,Regular public school district that is not a component of a supervisory union,No,NOTCHR,Not a charter district,No,Yes,Yes,Yes,Yes,Yes,Yes,Yes,Yes,Yes,Yes,No,No,No,No,No,Yes,No,PK,08,Elementary,As reported,1
2023-2024,04,ARIZONA,AZ,Douglas Unified District (4174),01,,AZ-4174,0402530,1132 E 12TH ST,,,DOUGLAS,AZ,85607,2337,1132 E 12TH ST,,,DOUGLAS,AZ,85607,2337,(520)364-2447,http://www.douglasschools.org/o/douglas-usd-27,1,Open,1,Open,07/30/2024,1,Regular public school district that is not a component of a supervisory union,No,NOTCHR,Not a charter district,No,Yes,Yes,Yes,Yes,Yes,Yes,Yes,Yes,Yes,Yes,Yes,Yes,Yes,Yes,No,Yes,No,PK,12,Other,As reported,9
2023-2024,04,ARIZONA,AZ,Duncan Unified District (4228),01,,AZ-4228,0402600,PO BOX 710,,,DUNCAN,AZ,85534,0710,108 Stadium Ave,,,Duncan,AZ,85534,,(928)359-2472,,1,Open,1,Open,07/30/2024,1,Regular public school district that is not a component of a supervisory union,No,NOTCHR,Not a charter district,No,Yes,Yes,Yes,Yes,Yes,Yes,Yes,Yes,Yes,Yes,Yes,Yes,Yes,Yes,No,No,No,PK,12,Other,As reported,2
2023-2024,04,ARIZONA,AZ,Dysart Unified District (4243),01,,AZ-4243,0402690,15802 N PARKVIEW PL,,,SURPRISE,AZ,85374,7466,15802 N PARKVIEW PL,,,SURPRISE,AZ,85374,7466,(623)876-7000,http://www.dysart.org/,1,Open,1,Open,07/30/2024,1,Regular public school district that is not a component of a supervisory union,No,NOTCHR,Not a charter district,No,Yes,Yes,Yes,Yes,Yes,Yes,Yes,Yes,Yes,Yes,Yes,Yes,Yes,Yes,No,Yes,No,PK,12,Other,As reported,25
2023-2024,04,ARIZONA,AZ,Mary C O'Brien Accommodation District (4435),01,,AZ-4435,0402740,3740 N TOLTEC RD,,,TOLTEC,AZ,85131,9669,3740 N TOLTEC RD,,,TOLTEC,AZ,85131,9669,(520)450-4466,http://www.pinalk12.org,1,Open,1,Open,07/30/2024,1,Regular public school district that is not a component of a supervisory union,No,NOTCHR,Not a charter district,No,No,Yes,Yes,Yes,Yes,Yes,Yes,Yes,No,No,Yes,Yes,Yes,Yes,No,No,No,KG,12,Other,As reported,2
2023-2024,04,ARIZONA,AZ,Elfrida Elementary District (4185),01,,AZ-4185,0402760,PO BOX 328,,,ELFRIDA,AZ,85610,0328,4070 W JEFFERSON RD,,,ELFRIDA,AZ,85610,9125,(520)642-3428,http://www.elfridaschools.org,1,Open,1,Open,07/30/2024,1,Regular public school district that is not a component of a supervisory union,No,NOTCHR,Not a charter district,No,Yes,Yes,Yes,Yes,Yes,Yes,Yes,Yes,Yes,Yes,No,No,No,No,No,No,No,PK,08,Elementary,As reported,1
2023-2024,04,ARIZONA,AZ,Eloy Elementary District (4448),01,,AZ-4448,0402790,1011 N SUNSHINE BLVD,,,ELOY,AZ,85131,2178,1011 N SUNSHINE BLVD,,,ELOY,AZ,85131,2178,(520)466-2100,http://www.eloyesd.org/,1,Open,1,Open,07/30/2024,1,Regular public school district that is not a component of a supervisory union,No,NOTCHR,Not a charter district,No,Yes,Yes,Yes,Yes,Yes,Yes,Yes,Yes,Yes,Yes,No,No,No,No,No,No,No,PK,08,Elementary,As reported,3
2023-2024,04,ARIZONA,AZ,Empire Elementary District (4415),01,,AZ-4415,0402820,13200 E GREATERVILLE RD,,,SONOITA,AZ,85637,6421,13200 E GREATERVILLE RD,,,SONOITA,AZ,85637,6421,(520)455-0529,,1,Open,1,Open,07/30/2024,1,Regular public school district that is not a component of a supervisory union,No,NOTCHR,Not a charter district,Yes,No,No,No,No,No,No,No,No,No,No,No,No,No,No,No,No,No,N,N,Not applicable,As reported,0
2023-2024,04,ARIZONA,AZ,Flagstaff Unified District (4192),01,,AZ-4192,0402860,3285 E SPARROW AVE,,,FLAGSTAFF,AZ,86004,7794,3285 E SPARROW AVE,,,FLAGSTAFF,AZ,86004,7794,(928)527-6000,http://www.fusd1.org,1,Open,1,Open,07/30/2024,1,Regular public school district that is not a component of a supervisory union,No,NOTCHR,Not a charter district,No,Yes,Yes,Yes,Yes,Yes,Yes,Yes,Yes,Yes,Yes,Yes,Yes,Yes,Yes,No,Yes,No,PK,12,Other,As reported,16
2023-2024,04,ARIZONA,AZ,Florence Unified School District (4437),01,,AZ-4437,0402920,PO BOX 2850,,,FLORENCE,AZ,85132,3053,1000 S MAIN ST,,,FLORENCE,AZ,85132,8132,(520)866-3500,http://www.fusdaz.com,1,Open,1,Open,07/30/2024,1,Regular public school district that is not a component of a supervisory union,No,NOTCHR,Not a charter district,No,Yes,Yes,Yes,Yes,Yes,Yes,Yes,Yes,Yes,Yes,Yes,Yes,Yes,Yes,No,Yes,No,PK,12,Other,As reported,14
2023-2024,04,ARIZONA,AZ,Flowing Wells Unified District (4405),01,,AZ-4405,0403010,1556 W PRINCE RD,,,TUCSON,AZ,85705,3024,1556 W PRINCE RD,,,TUCSON,AZ,85705,3024,(520)696-8901,http://www.flowingwellsschools.org,1,Open,1,Open,07/30/2024,1,Regular public school district that is not a component of a supervisory union,No,NOTCHR,Not a charter district,No,Yes,Yes,Yes,Yes,Yes,Yes,Yes,Yes,Yes,Yes,Yes,Yes,Yes,Yes,No,Yes,No,PK,12,Other,As reported,11
2023-2024,04,ARIZONA,AZ,Fountain Hills Unified District (4247),01,,AZ-4247,0403040,16000 E PALISADES BLVD,,,FOUNTAIN HILLS,AZ,85268,3131,16000 E PALISADES BLVD,,,FOUNTAIN HILLS,AZ,85268,3131,(480)664-5000,http://www.fountainhillsschools.org/,1,Open,1,Open,07/30/2024,1,Regular public school district that is not a component of a supervisory union,No,NOTCHR,Not a charter district,No,Yes,Yes,Yes,Yes,Yes,Yes,Yes,Yes,Yes,Yes,Yes,Yes,Yes,Yes,No,No,No,PK,12,Other,As reported,5
2023-2024,04,ARIZONA,AZ,Fowler Elementary District (4273),01,,AZ-4273,0403060,1617 S 67TH AVE,,,PHOENIX,AZ,85043,7717,1617 S 67TH AVE,,,PHOENIX,AZ,85043,7717,(623)707-4500,http://www.fesd.org/,1,Open,1,Open,07/30/2024,1,Regular public school district that is not a component of a supervisory union,No,NOTCHR,Not a charter district,No,Yes,Yes,Yes,Yes,Yes,Yes,Yes,Yes,Yes,Yes,No,No,No,No,No,Yes,No,PK,08,Elementary,As reported,8
2023-2024,04,ARIZONA,AZ,Fredonia-Moccasin Unified District (4195),01,,AZ-4195,0403080,PO BOX 247,,,FREDONIA,AZ,86022,0247,221 East Hortt St,,,Fredonia,AZ,86022,,(928)643-7333,http://fredonia.org,1,Open,1,Open,07/30/2024,1,Regular public school district that is not a component of a supervisory union,No,NOTCHR,Not a charter district,No,Yes,Yes,Yes,Yes,Yes,Yes,Yes,Yes,Yes,Yes,Yes,Yes,Yes,Yes,No,No,No,PK,12,Other,As reported,2
2023-2024,04,ARIZONA,AZ,Fort Huachuca Accommodation District (4167),01,,AZ-4167,0403150,PO BOX 12954,,,FORT HUACHUCA,AZ,85670,2954,21110 Hines Rd,,,FORT HUACHUCA,AZ,85613,,(520)458-5082,http://fhasd.org,1,Open,1,Open,07/30/2024,1,Regular public school district that is not a component of a supervisory union,No,NOTCHR,Not a charter district,No,Yes,Yes,Yes,Yes,Yes,Yes,Yes,Yes,Yes,Yes,No,No,No,No,No,Yes,No,PK,08,Elementary,As reported,3
2023-2024,04,ARIZONA,AZ,Fort Thomas Unified District (4221),01,,AZ-4221,0403200,PO BOX 300,,,FORT THOMAS,AZ,85536,0300,15560 W Elementary School Road,,,Fort Thomas,AZ,85536,,(928)485-9423,http://www.ftusd.org,1,Open,1,Open,07/30/2024,1,Regular public school district that is not a component of a supervisory union,No,NOTCHR,Not a charter district,No,Yes,Yes,Yes,Yes,Yes,Yes,Yes,Yes,Yes,Yes,Yes,Yes,Yes,Yes,No,Yes,No,PK,12,Other,As reported,4
2023-2024,04,ARIZONA,AZ,Gadsden Elementary District (4505),01,,AZ-4505,0403240,PO BOX 6870,,,SAN LUIS,AZ,85349,6802,1350 E Juan Sanchez Blvd.,,,San Luis,AZ,85349,,(928)627-6540,http://www.gesd32.org/,1,Open,1,Open,07/30/2024,1,Regular public school district that is not a component of a supervisory union,No,NOTCHR,Not a charter district,No,Yes,Yes,Yes,Yes,Yes,Yes,Yes,Yes,Yes,Yes,No,No,No,No,No,Yes,No,PK,08,Elementary,As reported,9
2023-2024,04,ARIZONA,AZ,Ganado Unified School District (4157),01,,AZ-4157,0403290,PO BOX 1757,,,GANADO,AZ,86505,1757,Hwy 264,,,Ganado,AZ,86505,,(928)755-1000,http://www.ganado.k12.az.us,1,Open,1,Open,07/30/2024,1,Regular public school district that is not a component of a supervisory union,No,NOTCHR,Not a charter district,No,Yes,Yes,Yes,Yes,Yes,Yes,Yes,Yes,Yes,Yes,Yes,Yes,Yes,Yes,No,No,No,PK,12,Other,As reported,4
2023-2024,04,ARIZONA,AZ,Gila Bend Unified District (4238),01,,AZ-4238,0403310,PO BOX V,,,GILA BEND,AZ,85337,0420,308 N Martin Ave,,,Gila Bend,AZ,85337,,(928)683-2225,http://www.gbusd.org,1,Open,1,Open,07/30/2024,1,Regular public school district that is not a component of a supervisory union,No,NOTCHR,Not a charter district,No,Yes,Yes,Yes,Yes,Yes,Yes,Yes,Yes,Yes,Yes,Yes,Yes,Yes,Yes,No,No,No,PK,12,Other,As reported,2
2023-2024,04,ARIZONA,AZ,Gilbert Unified District (4239),01,,AZ-4239,0403400,140 S GILBERT RD,,,GILBERT,AZ,85296,1016,1016 N BURK ST,,,GILBERT,AZ,85234,3473,(480)497-3300,http://www.gilbertschools.net,1,Open,1,Open,07/30/2024,1,Regular public school district that is not a component of a supervisory union,No,NOTCHR,Not a charter district,No,Yes,Yes,Yes,Yes,Yes,Yes,Yes,Yes,Yes,Yes,Yes,Yes,Yes,Yes,No,Yes,No,PK,12,Other,As reported,38
2023-2024,04,ARIZONA,AZ,Glendale Elementary District (4271),01,,AZ-4271,0403420,7301 N 58TH AVE,,,GLENDALE,AZ,85301,1893,7301 N 58TH AVE,,,GLENDALE,AZ,85301,1893,(623)237-7100,http://www.gesd40.org,1,Open,1,Open,07/30/2024,1,Regular public school district that is not a component of a supervisory union,No,NOTCHR,Not a charter district,No,Yes,Yes,Yes,Yes,Yes,Yes,Yes,Yes,Yes,Yes,No,No,No,No,No,Yes,No,PK,08,Elementary,As reported,14
2023-2024,04,ARIZONA,AZ,Glendale Union High School District (4285),01,,AZ-4285,0403450,7650 N 43RD AVE,,,GLENDALE,AZ,85301,1661,7650 N 43RD AVE,,,GLENDALE,AZ,85301,1661,(623)435-6000,http://www.guhsdaz.org/,1,Open,1,Open,07/30/2024,1,Regular public school district that is not a component of a supervisory union,No,NOTCHR,Not a charter district,No,No,No,No,No,No,No,No,No,No,No,Yes,Yes,Yes,Yes,No,No,No,09,12,High,As reported,11
2023-2024,04,ARIZONA,AZ,Globe Unified District (4208),01,,AZ-4208,0403500,460 N WILLOW ST,,,GLOBE,AZ,85501,2589,501 E ASH ST,,,GLOBE,AZ,85501,2206,(928)402-6011,http://www.globeschools.org,1,Open,1,Open,07/30/2024,1,Regular public school district that is not a component of a supervisory union,No,NOTCHR,Not a charter district,No,Yes,Yes,Yes,Yes,Yes,Yes,Yes,Yes,Yes,Yes,Yes,Yes,Yes,Yes,No,No,No,PK,12,Other,As reported,4
2023-2024,04,ARIZONA,AZ,Grand Canyon Unified District (4194),01,,AZ-4194,0403550,PO BOX 519,,,Grand Canyon Village,AZ,86023,0519,1 Boulder St,,,Grand Canyon Village,AZ,86023,,(928)638-2461,http://www.grandcanyonschool.org,1,Open,1,Open,07/30/2024,1,Regular public school district that is not a component of a supervisory union,No,NOTCHR,Not a charter district,No,Yes,Yes,Yes,Yes,Yes,Yes,Yes,Yes,Yes,Yes,Yes,Yes,Yes,Yes,No,No,No,PK,12,Other,As reported,2
2023-2024,04,ARIZONA,AZ,Hackberry School District (4371),01,,AZ-4371,0403660,9501 E NELLIE DR,,,KINGMAN,AZ,86401,8917,9501 E NELLIE DR,,,KINGMAN,AZ,86401,8917,(928)692-0013,http://www.mycedarhills.info/,1,Open,1,Open,07/30/2024,1,Regular public school district that is not a component of a supervisory union,No,NOTCHR,Not a charter district,No,Yes,Yes,Yes,Yes,Yes,Yes,Yes,Yes,Yes,Yes,No,No,No,No,No,No,No,PK,08,Elementary,As reported,1
2023-2024,04,ARIZONA,AZ,Hayden-Winkelman Unified District (4212),01,,AZ-4212,0403730,PO BOX 409,,,WINKELMAN,AZ,85192,0010,824 Thorne Ave,,,Winkelman,AZ,85292,,(520)356-7876,,1,Open,1,Open,07/30/2024,1,Regular public school district that is not a component of a supervisory union,No,NOTCHR,Not a charter district,No,Yes,Yes,Yes,Yes,Yes,Yes,Yes,Yes,Yes,Yes,Yes,Yes,Yes,Yes,No,No,No,PK,12,Other,As reported,2
2023-2024,04,ARIZONA,AZ,Higley Unified School District (4248),01,,AZ-4248,0403780,2935 S RECKER RD,,,GILBERT,AZ,85295,7846,2935 S RECKER RD,,,GILBERT,AZ,85295,7846,(480)279-7000,http://www.husd.org/,1,Open,1,Open,07/30/2024,1,Regular public school district that is not a component of a supervisory union,No,NOTCHR,Not a charter district,No,Yes,Yes,Yes,Yes,Yes,Yes,Yes,Yes,Yes,Yes,Yes,Yes,Yes,Yes,No,Yes,No,PK,12,Other,As reported,16
2023-2024,04,ARIZONA,AZ,Holbrook Unified District (4389),01,,AZ-4389,0403820,PO BOX 640,,,HOLBROOK,AZ,86025,0640,1000 N. 8th Ave.,,,Holbrook,AZ,86025,,(928)524-6144,http://www.holbrook.k12.az.us,1,Open,1,Open,07/30/2024,1,Regular public school district that is not a component of a supervisory union,No,NOTCHR,Not a charter district,No,Yes,Yes,Yes,Yes,Yes,Yes,Yes,Yes,Yes,Yes,Yes,Yes,Yes,Yes,No,Yes,No,PK,12,Other,As reported,5
2023-2024,04,ARIZONA,AZ,Maricopa County Regional School District (4234),01,,AZ-4234,0403860,4041 N. Central Avenue Suite,,,PHOENIX,AZ,85012,,4041 N. Central Avenue Suite,,,PHOENIX,AZ,85012,,(602)452-4700,http://www.mcrsd.org,1,Open,1,Open,07/30/2024,1,Regular public school district that is not a component of a supervisory union,No,NOTCHR,Not a charter district,No,No,Yes,Yes,Yes,Yes,Yes,Yes,Yes,Yes,Yes,Yes,Yes,Yes,Yes,No,No,No,KG,12,Other,As reported,3
2023-2024,04,ARIZONA,AZ,Humboldt Unified District (4469),01,,AZ-4469,0403870,6411 N ROBERT RD,,,Prescott Valley,AZ,86314,9146,6411 N ROBERT RD,,,Prescott Valley,AZ,86314,9146,(928)759-4000,http://www.humboldtunified.com,1,Open,1,Open,07/30/2024,1,Regular public school district that is not a component of a supervisory union,No,NOTCHR,Not a charter district,No,Yes,Yes,Yes,Yes,Yes,Yes,Yes,Yes,Yes,Yes,Yes,Yes,Yes,Yes,No,Yes,No,PK,12,Other,As reported,11
2023-2024,04,ARIZONA,AZ,Hyder Elementary District (4502),01,,AZ-4502,0403900,PO BOX 3001,,,DATELAND,AZ,85333,3001,Ave 64E & I-8,,,Dateland,AZ,85333,,(928)454-2242,http://www.hyderschools.org,1,Open,1,Open,07/30/2024,1,Regular public school district that is not a component of a supervisory union,No,NOTCHR,Not a charter district,No,No,Yes,Yes,Yes,Yes,Yes,Yes,Yes,Yes,Yes,No,No,No,No,No,No,No,KG,08,Elementary,As reported,1
2023-2024,04,ARIZONA,AZ,Baboquivari Unified School District #40 (4412),01,,AZ-4412,0403950,PO BOX 248,,,SELLS,AZ,85634,0248,111 W Main,,,Sells,AZ,85634,,(520)719-1200,http://www.busd40.org,1,Open,1,Open,07/30/2024,1,Regular public school district that is not a component of a supervisory union,No,NOTCHR,Not a charter district,No,Yes,Yes,Yes,Yes,Yes,Yes,Yes,Yes,Yes,Yes,Yes,Yes,Yes,Yes,No,No,No,PK,12,Other,As reported,6
2023-2024,04,ARIZONA,AZ,Isaac Elementary District (4259),01,,AZ-4259,0403960,3348 W MCDOWELL RD,,,PHOENIX,AZ,85009,2416,3348 W MCDOWELL RD,,,PHOENIX,AZ,85009,2416,(602)455-6700,http://www.isaacschools.org,1,Open,1,Open,07/30/2024,1,Regular public school district that is not a component of a supervisory union,No,NOTCHR,Not a charter district,No,Yes,Yes,Yes,Yes,Yes,Yes,Yes,Yes,Yes,Yes,No,No,No,No,No,No,No,PK,08,Elementary,As reported,13
2023-2024,04,ARIZONA,AZ,J O Combs Unified School District (4445),01,,AZ-4445,0403990,43371 N KENWORTHY RD,,,SAN TAN VLY,AZ,85140,,43371 N KENWORTHY RD,,,SAN TAN VLY,AZ,85140,,(480)987-5300,http://www.jocombs.org/,1,Open,1,Open,07/30/2024,1,Regular public school district that is not a component of a supervisory union,No,NOTCHR,Not a charter district,No,Yes,Yes,Yes,Yes,Yes,Yes,Yes,Yes,Yes,Yes,Yes,Yes,Yes,Yes,No,No,No,PK,12,Other,As reported,10
2023-2024,04,ARIZONA,AZ,Joseph City Unified District (4388),01,,AZ-4388,0404010,PO BOX 8,,,JOSEPH CITY,AZ,86032,0008,8176 WESTOVER ST,,,JOSEPH CITY,AZ,86032,,(928)288-3307,http://schools.jcusd.org/,1,Open,1,Open,07/30/2024,1,Regular public school district that is not a component of a supervisory union,No,NOTCHR,Not a charter district,No,Yes,Yes,Yes,Yes,Yes,Yes,Yes,Yes,Yes,Yes,Yes,Yes,Yes,Yes,No,No,No,PK,12,Other,As reported,3
2023-2024,04,ARIZONA,AZ,Kayenta Unified School District #27 (4396),01,,AZ-4396,0404060,PO BOX 337,,,KAYENTA,AZ,86033,0337,N Hwy 163,,,Kayenta,AZ,86033,,(928)697-2001,http://www.kayenta.k12.az.us/,1,Open,1,Open,07/30/2024,1,Regular public school district that is not a component of a supervisory union,No,NOTCHR,Not a charter district,No,Yes,Yes,Yes,Yes,Yes,Yes,Yes,Yes,Yes,Yes,Yes,Yes,Yes,Yes,No,Yes,No,PK,12,Other,As reported,4
2023-2024,04,ARIZONA,AZ,Kirkland Elementary District (4480),01,,AZ-4480,0404170,PO BOX 120,,,KIRKLAND,AZ,86332,0120,150 Main Street,,,Kirkland,AZ,86332,,(928)442-3258,http://www.kirklandaz.org/,1,Open,1,Open,07/30/2024,1,Regular public school district that is not a component of a supervisory union,No,NOTCHR,Not a charter district,No,Yes,Yes,Yes,Yes,Yes,Yes,Yes,Yes,Yes,Yes,No,No,No,No,No,No,No,PK,08,Elementary,As reported,1
2023-2024,04,ARIZONA,AZ,Klondyke Elementary District (4223),01,,AZ-4223,0404200,921 W THATCHER BLVD,,,SAFFORD,AZ,85546,3133,921 W THATCHER BLVD,,,SAFFORD,AZ,85546,3133,(928)428-2880,,1,Open,1,Open,07/30/2024,1,Regular public school district that is not a component of a supervisory union,No,NOTCHR,Not a charter district,Yes,No,No,No,No,No,No,No,No,No,No,No,No,No,No,No,No,No,N,N,Not applicable,As reported,0
2023-2024,04,ARIZONA,AZ,Kyrene Elementary District (4267),01,,AZ-4267,0404230,8700 S KYRENE RD,,,TEMPE,AZ,85284,2108,8700 S KYRENE RD,,,TEMPE,AZ,85284,2108,(480)541-1000,http://www.kyrene.org,1,Open,1,Open,07/30/2024,1,Regular public school district that is not a component of a supervisory union,No,NOTCHR,Not a charter district,No,Yes,Yes,Yes,Yes,Yes,Yes,Yes,Yes,Yes,Yes,No,No,No,No,No,Yes,No,PK,08,Elementary,As reported,26
2023-2024,04,ARIZONA,AZ,Lake Havasu Unified District (4368),01,,AZ-4368,0404280,2200 HAVASUPAI BLVD,,,Lake Havasu City,AZ,86403,3122,2200 HAVASUPAI BLVD,,,Lake Havasu City,AZ,86403,3122,(928)505-6900,http://www.lhusd.org,1,Open,1,Open,07/30/2024,1,Regular public school district that is not a component of a supervisory union,No,NOTCHR,Not a charter district,No,Yes,Yes,Yes,Yes,Yes,Yes,Yes,Yes,Yes,Yes,Yes,Yes,Yes,Yes,No,No,No,PK,12,Other,As reported,9
2023-2024,04,ARIZONA,AZ,Laveen Elementary District (4276),01,,AZ-4276,0404290,5001 W DOBBINS RD,,,LAVEEN,AZ,85339,9733,5001 W DOBBINS RD,,,LAVEEN,AZ,85339,9733,(602)237-9100,http://www.laveeneld.org,1,Open,1,Open,07/30/2024,1,Regular public school district that is not a component of a supervisory union,No,NOTCHR,Not a charter district,No,Yes,Yes,Yes,Yes,Yes,Yes,Yes,Yes,Yes,Yes,No,No,No,No,No,Yes,No,PK,08,Elementary,As reported,10
2023-2024,04,ARIZONA,AZ,Liberty Elementary District (4266),01,,AZ-4266,0404320,19871 W FREMONT RD,,,BUCKEYE,AZ,85326,9512,19871 W FREMONT RD,,,BUCKEYE,AZ,85326,9512,(623)474-6600,http://www.liberty25.org,1,Open,1,Open,07/30/2024,1,Regular public school district that is not a component of a supervisory union,No,NOTCHR,Not a charter district,No,Yes,Yes,Yes,Yes,Yes,Yes,Yes,Yes,Yes,Yes,No,No,No,No,No,Yes,No,PK,08,Elementary,As reported,7
2023-2024,04,ARIZONA,AZ,Litchfield Elementary District (4281),01,,AZ-4281,0404380,272 E SAGEBRUSH ST,,,Litchfield Park,AZ,85340,4934,272 E SAGEBRUSH ST,,,Litchfield Park,AZ,85340,4934,(623)535-6000,http://lesd79.org,1,Open,1,Open,07/30/2024,1,Regular public school district that is not a component of a supervisory union,No,NOTCHR,Not a charter district,No,Yes,Yes,Yes,Yes,Yes,Yes,Yes,Yes,Yes,Yes,No,No,No,No,No,Yes,No,PK,08,Elementary,As reported,19
2023-2024,04,ARIZONA,AZ,Littlefield Unified District (4374),01,,AZ-4374,0404410,PO BOX 730,,,BEAVER DAM,AZ,86432,0730,3475 E RIO VIRGIN RD,,,BEAVER DAM,AZ,86432,,(928)418-2003,http://www.lusd9.com,1,Open,1,Open,07/30/2024,1,Regular public school district that is not a component of a supervisory union,No,NOTCHR,Not a charter district,No,Yes,Yes,Yes,Yes,Yes,Yes,Yes,Yes,Yes,Yes,Yes,Yes,Yes,Yes,No,Yes,No,PK,12,Other,As reported,2
2023-2024,04,ARIZONA,AZ,Littleton Elementary District (4278),01,,AZ-4278,0404440,PO BOX 280,,,CASHION,AZ,85329,0280,1600 S 107TH AVE,,,AVONDALE,AZ,85323,2209,(623)478-5600,http://www.littletonaz.org/,1,Open,1,Open,07/30/2024,1,Regular public school district that is not a component of a supervisory union,No,NOTCHR,Not a charter district,No,Yes,Yes,Yes,Yes,Yes,Yes,Yes,Yes,Yes,Yes,No,No,No,No,No,Yes,No,PK,08,Elementary,As reported,10
2023-2024,04,ARIZONA,AZ,Madison Elementary District (4270),01,,AZ-4270,0404500,5601 N 16TH ST,,,PHOENIX,AZ,85016,2903,5601 N 16TH ST,,,PHOENIX,AZ,85016,2903,(602)664-7900,http://madisonaz.org,1,Open,1,Open,07/30/2024,1,Regular public school district that is not a component of a supervisory union,No,NOTCHR,Not a charter district,No,Yes,Yes,Yes,Yes,Yes,Yes,Yes,Yes,Yes,Yes,No,No,No,No,No,Yes,No,PK,08,Elementary,As reported,8
2023-2024,04,ARIZONA,AZ,Maine Consolidated School District (4199),01,,AZ-4199,0404530,PO BOX 50010,,,PARKS,AZ,86018,0010,10 N. Spring Valley Rd.,,,Parks,AZ,86018,,(928)635-2115,http://mcsd10.org/,1,Open,1,Open,07/30/2024,1,Regular public school district that is not a component of a supervisory union,No,NOTCHR,Not a charter district,No,Yes,Yes,Yes,Yes,Yes,Yes,Yes,Yes,Yes,Yes,No,No,No,No,No,No,No,PK,08,Elementary,As reported,1
2023-2024,04,ARIZONA,AZ,Mammoth-San Manuel Unified District (4439),01,,AZ-4439,0404570,PO BOX 406,,,SAN MANUEL,AZ,85631,0406,711 S MCNAB PKWY,,,SAN MANUEL,AZ,85631,1337,(520)385-2336,http://www.msmusd.org,1,Open,1,Open,07/30/2024,1,Regular public school district that is not a component of a supervisory union,No,NOTCHR,Not a charter district,No,Yes,Yes,Yes,Yes,Yes,Yes,Yes,Yes,Yes,Yes,Yes,Yes,Yes,Yes,No,No,No,PK,12,Other,As reported,3
2023-2024,04,ARIZONA,AZ,Marana Unified District (4404),01,,AZ-4404,0404630,11279 W GRIER RD STE 115A,,,MARANA,AZ,85653,9609,11279 W GRIER RD STE 115A,,,MARANA,AZ,85653,9609,(520)682-3243,http://www.maranausd.org/,1,Open,1,Open,07/30/2024,1,Regular public school district that is not a component of a supervisory union,No,NOTCHR,Not a charter district,No,Yes,Yes,Yes,Yes,Yes,Yes,Yes,Yes,Yes,Yes,Yes,Yes,Yes,Yes,No,Yes,No,PK,12,Other,As reported,20
2023-2024,04,ARIZONA,AZ,Maricopa Unified School District (4441),01,,AZ-4441,0404720,44150 W MARICOPA CASA GRANDE H,,,MARICOPA,AZ,85138,5900,44150 W MARICOPA CASA GRANDE H,,,MARICOPA,AZ,85138,5900,(520)568-5100,http://www.musd20.org,1,Open,1,Open,07/30/2024,1,Regular public school district that is not a component of a supervisory union,No,NOTCHR,Not a charter district,No,Yes,Yes,Yes,Yes,Yes,Yes,Yes,Yes,Yes,Yes,Yes,Yes,Yes,Yes,No,Yes,No,PK,12,Other,As reported,13
2023-2024,04,ARIZONA,AZ,Altar Valley Elementary District (4418),01,,AZ-4418,0404770,HCR 1 Box 130,,,Tucson,AZ,85736,,10105 S SASABE RD,,,TUCSON,AZ,85736,1226,(520)822-1484,http://www.altarvalleyschools.org,1,Open,1,Open,07/30/2024,1,Regular public school district that is not a component of a supervisory union,No,NOTCHR,Not a charter district,No,Yes,Yes,Yes,Yes,Yes,Yes,Yes,Yes,Yes,Yes,No,No,No,No,No,No,No,PK,08,Elementary,As reported,2
2023-2024,04,ARIZONA,AZ,Mayer Unified School District (4473),01,,AZ-4473,0404820,PO BOX 1059,,,MAYER,AZ,86333,1059,12606 E MAIN ST,,,MAYER,AZ,86333,9539,(928)642-1000,http://www.mayerschools.org,1,Open,1,Open,07/30/2024,1,Regular public school district that is not a component of a supervisory union,No,NOTCHR,Not a charter district,No,Yes,Yes,Yes,Yes,Yes,Yes,Yes,Yes,Yes,Yes,Yes,Yes,Yes,Yes,No,No,No,PK,12,Other,As reported,2
2023-2024,04,ARIZONA,AZ,Mcnary Elementary District (4163),01,,AZ-4163,0404860,PO BOX 598,,,MCNARY,AZ,85930,0598,Corner of Spruce & Cooley,,,McNary,AZ,85930,,(928)334-2293,,1,Open,1,Open,07/30/2024,1,Regular public school district that is not a component of a supervisory union,No,NOTCHR,Not a charter district,No,Yes,Yes,Yes,Yes,Yes,Yes,Yes,Yes,Yes,Yes,No,No,No,No,No,No,No,PK,08,Elementary,As reported,1
2023-2024,04,ARIZONA,AZ,McNeal Elementary District (4181),01,,AZ-4181,0404920,PO BOX 8,,,McNeal,AZ,85617,0008,3979 McNeal St,,,McNeal,AZ,85617,,(520)642-3356,http://www.mcnealesd.org/,1,Open,1,Open,07/30/2024,1,Regular public school district that is not a component of a supervisory union,No,NOTCHR,Not a charter district,No,No,Yes,Yes,Yes,Yes,Yes,Yes,Yes,Yes,Yes,No,No,No,No,No,No,No,KG,08,Elementary,As reported,1
2023-2024,04,ARIZONA,AZ,Mesa Unified District (4235),01,,AZ-4235,0404970,63 E MAIN ST STE 101,,,MESA,AZ,85201,7422,63 E MAIN ST STE 101,,,MESA,AZ,85201,7422,(480)472-0200,http://www.mpsaz.org/,1,Open,1,Open,07/30/2024,1,Regular public school district that is not a component of a supervisory union,No,NOTCHR,Not a charter district,No,Yes,Yes,Yes,Yes,Yes,Yes,Yes,Yes,Yes,Yes,Yes,Yes,Yes,Yes,No,Yes,No,PK,12,Other,As reported,78
2023-2024,04,ARIZONA,AZ,Miami Unified District (4211),01,,AZ-4211,0405030,PO BOX 2070,,,MIAMI,AZ,85539,0951,4739 E RAGUS RD,,,MIAMI,AZ,85539,8504,(928)425-3271,http://www.miamiusd40.org,1,Open,1,Open,07/30/2024,1,Regular public school district that is not a component of a supervisory union,No,NOTCHR,Not a charter district,No,Yes,Yes,Yes,Yes,Yes,Yes,Yes,Yes,Yes,Yes,Yes,Yes,Yes,Yes,No,Yes,No,PK,12,Other,As reported,5
2023-2024,04,ARIZONA,AZ,Mingus Union High School District (4488),01,,AZ-4488,0405070,1801 E FIR ST,,,COTTONWOOD,AZ,86326,4556,1801 E FIR ST,,,COTTONWOOD,AZ,86326,4556,(928)634-8901,,1,Open,1,Open,07/30/2024,1,Regular public school district that is not a component of a supervisory union,No,NOTCHR,Not a charter district,No,No,No,No,No,No,No,No,No,No,Yes,Yes,Yes,Yes,Yes,No,No,No,08,12,High,As reported,2
2023-2024,04,ARIZONA,AZ,Mobile Elementary District (4253),01,,AZ-4253,0405100,42798 S 99TH AVE,,,MARICOPA,AZ,85139,2106,42798 S 99TH AVE,,,MARICOPA,AZ,85139,2106,(520)568-2280,http://www.mobileesd.org,1,Open,1,Open,07/30/2024,1,Regular public school district that is not a component of a supervisory union,No,NOTCHR,Not a charter district,No,No,Yes,Yes,Yes,Yes,Yes,Yes,Yes,Yes,Yes,No,No,No,No,No,No,No,KG,08,Elementary,As reported,1
2023-2024,04,ARIZONA,AZ,Mohave Valley Elementary District (4379),01,,AZ-4379,0405190,8450 S OLIVE AVE,,,MOHAVE VALLEY,AZ,86440,9214,8450 S OLIVE AVE,,,MOHAVE VALLEY,AZ,86440,9214,(928)768-2507,http://www.mvesd16.org,1,Open,1,Open,07/30/2024,1,Regular public school district that is not a component of a supervisory union,No,NOTCHR,Not a charter district,No,Yes,Yes,Yes,Yes,Yes,Yes,Yes,Yes,Yes,Yes,No,No,No,No,No,Yes,No,PK,08,Elementary,As reported,4
2023-2024,04,ARIZONA,AZ,Mohawk Valley Elementary District (4503),01,,AZ-4503,0405220,5151 S Ave 39E,,,Roll,AZ,85347,,5151 S Ave 39E,,,Roll,AZ,85347,,(928)785-4942,http://www.mohawkvalleyschool.org,1,Open,1,Open,07/30/2024,1,Regular public school district that is not a component of a supervisory union,No,NOTCHR,Not a charter district,No,Yes,Yes,Yes,Yes,Yes,Yes,Yes,Yes,Yes,Yes,No,No,No,No,No,Yes,No,PK,08,Elementary,As reported,1
2023-2024,04,ARIZONA,AZ,Morenci Unified District (4230),01,,AZ-4230,0405320,PO BOX 1060,,,MORENCI,AZ,85540,1060,1 STADIUM DR,,,MORENCI,AZ,85540,,(928)865-2081,http://www.morenci.org,1,Open,1,Open,07/30/2024,1,Regular public school district that is not a component of a supervisory union,No,NOTCHR,Not a charter district,No,Yes,Yes,Yes,Yes,Yes,Yes,Yes,Yes,Yes,Yes,Yes,Yes,Yes,Yes,No,No,No,PK,12,Other,As reported,3
2023-2024,04,ARIZONA,AZ,Morristown Elementary District (4251),01,,AZ-4251,0405340,PO BOX 98,,,MORRISTOWN,AZ,85342,0098,25950 Rockaway Hills Dr,,,Morristown,AZ,85342,,(623)546-5100,http://www.morristowneld75.org,1,Open,1,Open,07/30/2024,1,Regular public school district that is not a component of a supervisory union,No,NOTCHR,Not a charter district,No,Yes,Yes,Yes,Yes,Yes,Yes,Yes,Yes,Yes,Yes,No,No,No,No,No,No,No,PK,08,Elementary,As reported,1
2023-2024,04,ARIZONA,AZ,Pima County Accommodation School District (4401),01,,AZ-4401,0405360,130 W CONGRESS ST FL 4,,,TUCSON,AZ,85701,1317,130 W CONGRESS ST FL 4,,,TUCSON,AZ,85701,1317,(520)740-4704,,1,Open,1,Open,07/30/2024,1,Regular public school district that is not a component of a supervisory union,No,NOTCHR,Not a charter district,No,No,Yes,Yes,Yes,Yes,Yes,Yes,Yes,Yes,Yes,Yes,Yes,Yes,Yes,No,No,No,KG,12,Other,As reported,1
2023-2024,04,ARIZONA,AZ,Murphy Elementary District (4265),01,,AZ-4265,0405400,3140 W BUCKEYE RD,,,PHOENIX,AZ,85009,5637,3140 W BUCKEYE RD,,,PHOENIX,AZ,85009,5637,(602)353-5002,http://www.msdaz.org,1,Open,1,Open,07/30/2024,1,Regular public school district that is not a component of a supervisory union,No,NOTCHR,Not a charter district,No,Yes,Yes,Yes,Yes,Yes,Yes,Yes,Yes,Yes,Yes,No,No,No,No,No,No,No,PK,08,Elementary,As reported,3
2023-2024,04,ARIZONA,AZ,Naco Elementary District (4176),01,,AZ-4176,0405430,PO BOX 397,,,NACO,AZ,85620,0397,1911 West Valenzuela,,,Naco,AZ,85620,,(520)432-5060,http://naco.k12.az.us,1,Open,1,Open,07/30/2024,1,Regular public school district that is not a component of a supervisory union,No,NOTCHR,Not a charter district,No,Yes,Yes,Yes,Yes,Yes,Yes,Yes,Yes,Yes,Yes,No,No,No,No,No,No,No,PK,08,Elementary,As reported,1
2023-2024,04,ARIZONA,AZ,Nadaburg Unified School District (4252),01,,AZ-4252,0405460,32919 N CENTER ST,,,WITTMANN,AZ,85361,9433,32919 N CENTER ST,,,WITTMANN,AZ,85361,9433,(623)388-2100,http://www.nadaburgsd.org,1,Open,1,Open,07/30/2024,1,Regular public school district that is not a component of a supervisory union,No,NOTCHR,Not a charter district,No,Yes,Yes,Yes,Yes,Yes,Yes,Yes,Yes,Yes,Yes,Yes,Yes,Yes,Yes,No,No,No,PK,12,Other,As reported,4
2023-2024,04,ARIZONA,AZ,Navajo County Accommodation District #99 (4386),01,,AZ-4386,0405500,PO BOX 668,,,HOLBROOK,AZ,86025,0668,294 W CARLOS AVE,,,HOLBROOK,AZ,86025,1846,(928)524-1821,,1,Open,1,Open,07/30/2024,1,Regular public school district that is not a component of a supervisory union,No,NOTCHR,Not a charter district,No,No,No,No,No,No,No,No,No,Yes,Yes,Yes,Yes,Yes,Yes,No,No,No,07,12,High,As reported,1
2023-2024,04,ARIZONA,AZ,Nogales Unified District (4457),01,,AZ-4457,0405530,310 W PLUM ST,,,NOGALES,AZ,85621,2613,310 W PLUM ST,,,NOGALES,AZ,85621,2613,(520)287-0800,http://www.nusd.k12.az.us/home,1,Open,1,Open,07/30/2024,1,Regular public school district that is not a component of a supervisory union,No,NOTCHR,Not a charter district,No,Yes,Yes,Yes,Yes,Yes,Yes,Yes,Yes,Yes,Yes,Yes,Yes,Yes,Yes,No,Yes,No,PK,12,Other,As reported,11
2023-2024,04,ARIZONA,AZ,Oracle Elementary District (4444),01,,AZ-4444,0405640,725 N CARPENTER DR,,,ORACLE,AZ,85623,6190,725 N CARPENTER DR,,,ORACLE,AZ,85623,6190,(520)896-3071,http://www.osd2.org,1,Open,1,Open,07/30/2024,1,Regular public school district that is not a component of a supervisory union,No,NOTCHR,Not a charter district,No,Yes,Yes,Yes,Yes,Yes,Yes,Yes,Yes,Yes,Yes,No,No,No,No,No,No,No,PK,08,Elementary,As reported,1
2023-2024,04,ARIZONA,AZ,Osborn Elementary District (4262),01,,AZ-4262,0405670,1226 W OSBORN RD,,,PHOENIX,AZ,85013,3618,1226 W OSBORN RD,,,PHOENIX,AZ,85013,3618,(602)707-2000,http://www.osbornnet.org/,1,Open,1,Open,07/30/2024,1,Regular public school district that is not a component of a supervisory union,No,NOTCHR,Not a charter district,No,Yes,Yes,Yes,Yes,Yes,Yes,Yes,Yes,Yes,Yes,No,No,No,No,No,Yes,No,PK,08,Elementary,As reported,7
2023-2024,04,ARIZONA,AZ,Owens School District No.6 (4373),01,,AZ-4373,0405730,PO BOX 38,,,WIKIEUP,AZ,85360,0038,14109 E Chicken Springs Rd,,,Wikieup,AZ,85360,,(928)765-2311,,1,Open,1,Open,07/30/2024,1,Regular public school district that is not a component of a supervisory union,No,NOTCHR,Not a charter district,No,No,Yes,Yes,Yes,Yes,Yes,Yes,Yes,Yes,Yes,No,No,No,No,No,No,No,KG,08,Elementary,As reported,1
2023-2024,04,ARIZONA,AZ,Tonto Basin Elementary District (4215),01,,AZ-4215,0405760,PO BOX 337,,,TONTO BASIN,AZ,85553,0337,445 S. Old West Hwy 188,,,Tonto Basin,AZ,85553,,(928)479-2277,http://tontobasinschool.org,1,Open,1,Open,07/30/2024,1,Regular public school district that is not a component of a supervisory union,No,NOTCHR,Not a charter district,No,Yes,Yes,Yes,Yes,Yes,Yes,Yes,Yes,Yes,Yes,No,No,No,No,No,No,No,PK,08,Elementary,As reported,1
2023-2024,04,ARIZONA,AZ,Page Unified School District #8  (4196),01,,AZ-4196,0405820,PO BOX 1927,,,PAGE,AZ,86040,1927,500 S Navajo Dr,,,Page,AZ,86040,,(928)608-4101,http://www.pageud.org,1,Open,1,Open,07/30/2024,1,Regular public school district that is not a component of a supervisory union,No,NOTCHR,Not a charter district,No,Yes,Yes,Yes,Yes,Yes,Yes,Yes,Yes,Yes,Yes,Yes,Yes,Yes,Yes,No,Yes,No,PK,12,Other,As reported,6
2023-2024,04,ARIZONA,AZ,Palo Verde Elementary District (4275),01,,AZ-4275,0405850,PO BOX 108,,,PALO VERDE,AZ,85343,0108,10700 S Palo Verde Rd,,,Palo Verde,AZ,85343,,(623)327-3690,http://www.pvesd.org,1,Open,1,Open,07/30/2024,1,Regular public school district that is not a component of a supervisory union,No,NOTCHR,Not a charter district,No,Yes,Yes,Yes,Yes,Yes,Yes,Yes,Yes,Yes,Yes,No,No,No,No,No,Yes,No,PK,08,Elementary,As reported,1
2023-2024,04,ARIZONA,AZ,Palominas Elementary School District 49 (4180),01,,AZ-4180,0405880,PO BOX 38,,,HEREFORD,AZ,85615,0038,6849 Hwy  92,,,HEREFORD,AZ,85615,9284,(520)366-6204,http://www.psd49.net/,1,Open,1,Open,07/30/2024,1,Regular public school district that is not a component of a supervisory union,No,NOTCHR,Not a charter district,No,Yes,Yes,Yes,Yes,Yes,Yes,Yes,Yes,Yes,Yes,No,No,No,No,No,No,No,PK,08,Elementary,As reported,3
2023-2024,04,ARIZONA,AZ,Paradise Valley Unified District (4241),01,,AZ-4241,0405930,15002 N 32ND ST,,,PHOENIX,AZ,85032,4441,15002 N 32ND ST,,,PHOENIX,AZ,85032,4441,(602)449-2000,http://www.pvschools.net/,1,Open,1,Open,07/30/2024,1,Regular public school district that is not a component of a supervisory union,No,NOTCHR,Not a charter district,No,Yes,Yes,Yes,Yes,Yes,Yes,Yes,Yes,Yes,Yes,Yes,Yes,Yes,Yes,No,Yes,No,PK,12,Other,As reported,45
2023-2024,04,ARIZONA,AZ,Parker Unified School District (4510),01,,AZ-4510,0405980,PO BOX 1090,,,PARKER,AZ,85344,1090,1608 S LAGUNA AVE,,,PARKER,AZ,85344,6360,(928)669-9244,http://www.parkerusd.org,1,Open,1,Open,07/30/2024,1,Regular public school district that is not a component of a supervisory union,No,NOTCHR,Not a charter district,No,Yes,Yes,Yes,Yes,Yes,Yes,Yes,Yes,Yes,Yes,Yes,Yes,Yes,Yes,No,Yes,No,PK,12,Other,As reported,6
2023-2024,04,ARIZONA,AZ,Patagonia Elementary District (4460),01,,AZ-4460,0406000,PO BOX 254,,,PATAGONIA,AZ,85624,0254,100 School St,,,Patagonia,AZ,85624,,(520)394-3000,http://www.psd0620.org,1,Open,1,Open,07/30/2024,1,Regular public school district that is not a component of a supervisory union,No,NOTCHR,Not a charter district,No,Yes,Yes,Yes,Yes,Yes,Yes,Yes,Yes,Yes,Yes,No,No,No,No,No,No,No,PK,08,Elementary,As reported,1
2023-2024,04,ARIZONA,AZ,Patagonia Union High School District (4462),01,,AZ-4462,0406030,PO BOX 254,,,PATAGONIA,AZ,85624,0254,Hwy 82,,,Patagonia,AZ,85624,,(520)394-3000,http://www.patagonia.k12.az.us,1,Open,1,Open,07/30/2024,1,Regular public school district that is not a component of a supervisory union,No,NOTCHR,Not a charter district,No,No,No,No,No,No,No,No,No,No,No,Yes,Yes,Yes,Yes,No,No,No,09,12,High,As reported,1
2023-2024,04,ARIZONA,AZ,Payson Unified District (4209),01,,AZ-4209,0406070,PO BOX 919,,,PAYSON,AZ,85547,0919,902 W MAIN ST,,,PAYSON,AZ,85541,4887,(928)474-2070,http://www.pusd10.org,1,Open,1,Open,07/30/2024,1,Regular public school district that is not a component of a supervisory union,No,NOTCHR,Not a charter district,No,Yes,Yes,Yes,Yes,Yes,Yes,Yes,Yes,Yes,Yes,Yes,Yes,Yes,Yes,No,No,No,PK,12,Other,As reported,5
2023-2024,04,ARIZONA,AZ,Peach Springs Unified District (4369),01,,AZ-4369,0406120,PO BOX 360,,,PEACH SPRINGS,AZ,86434,0360,403 Diamond Creek Road,,,Peach Springs,AZ,86434,,(928)769-2202,http://www.psusd8.org/,1,Open,1,Open,07/30/2024,1,Regular public school district that is not a component of a supervisory union,No,NOTCHR,Not a charter district,No,Yes,Yes,Yes,Yes,Yes,Yes,Yes,Yes,Yes,Yes,Yes,Yes,Yes,Yes,No,Yes,No,PK,12,Other,As reported,3
2023-2024,04,ARIZONA,AZ,Pearce Elementary District (4186),01,,AZ-4186,0406150,1487 E SCHOOL RD,,,PEARCE,AZ,85625,6188,1 1/2 M. off Hwy 191 & Old Pea,,,Pearce,AZ,85625,,(520)826-3328,http://www.pearceschool.org,1,Open,1,Open,07/30/2024,1,Regular public school district that is not a component of a supervisory union,No,NOTCHR,Not a charter district,No,Yes,Yes,Yes,Yes,Yes,Yes,Yes,Yes,Yes,Yes,No,No,No,No,No,No,No,PK,08,Elementary,As reported,1
2023-2024,04,ARIZONA,AZ,Pendergast Elementary District (4283),01,,AZ-4283,0406210,3802 N 91ST AVE,,,PHOENIX,AZ,85037,2368,3802 N 91ST AVE,,,PHOENIX,AZ,85037,2368,(623)772-2200,http://www.pesd92.org,1,Open,1,Open,07/30/2024,1,Regular public school district that is not a component of a supervisory union,No,NOTCHR,Not a charter district,No,Yes,Yes,Yes,Yes,Yes,Yes,Yes,Yes,Yes,Yes,No,No,No,No,No,Yes,No,PK,08,Elementary,As reported,12
2023-2024,04,ARIZONA,AZ,Peoria Unified School District (4237),01,,AZ-4237,0406250,PO BOX 39,,,PEORIA,AZ,85380,0039,6330 W THUNDERBIRD RD,,,GLENDALE,AZ,85306,4002,(623)486-6000,http://www.peoriaunified.org,1,Open,1,Open,07/30/2024,1,Regular public school district that is not a component of a supervisory union,No,NOTCHR,Not a charter district,No,Yes,Yes,Yes,Yes,Yes,Yes,Yes,Yes,Yes,Yes,Yes,Yes,Yes,Yes,No,Yes,No,PK,12,Other,As reported,44
2023-2024,04,ARIZONA,AZ,Phoenix Elementary District (4256),01,,AZ-4256,0406300,1817 N 7TH ST,,,PHOENIX,AZ,85006,2133,1817 N 7TH ST,,,PHOENIX,AZ,85006,2133,(602)257-2912,http://www.phxschools.org,1,Open,1,Open,07/30/2024,1,Regular public school district that is not a component of a supervisory union,No,NOTCHR,Not a charter district,No,Yes,Yes,Yes,Yes,Yes,Yes,Yes,Yes,Yes,Yes,No,No,No,No,No,Yes,No,PK,08,Elementary,As reported,15
2023-2024,04,ARIZONA,AZ,Phoenix Union High School District (4286),01,,AZ-4286,0406330,4502 N CENTRAL AVE,,,PHOENIX,AZ,85012,1817,4502 N CENTRAL AVE,,,PHOENIX,AZ,85012,1817,(602)764-0860,http://www.phoenixunion.org/,1,Open,1,Open,07/30/2024,1,Regular public school district that is not a component of a supervisory union,No,NOTCHR,Not a charter district,No,No,No,No,No,No,No,No,No,No,No,Yes,Yes,Yes,Yes,No,No,No,09,12,High,As reported,20
2023-2024,04,ARIZONA,AZ,Picacho Elementary District (4452),01,,AZ-4452,0406360,P O Box 8,,,Picacho,AZ,85241,,17865 S VAIL RD,,,PICACHO,AZ,85141,4113,(520)466-7942,http://www.picacho.k12.az.us/home.html,1,Open,1,Open,07/30/2024,1,Regular public school district that is not a component of a supervisory union,No,NOTCHR,Not a charter district,No,No,Yes,Yes,Yes,Yes,Yes,Yes,Yes,Yes,Yes,No,No,No,No,No,No,No,KG,08,Elementary,As reported,1
2023-2024,04,ARIZONA,AZ,Pima Unified District (4220),01,,AZ-4220,0406440,PO BOX 429,,,PIMA,AZ,85543,0429,192 E. 200 S.,,,Pima,AZ,85543,,(928)387-8000,http://www.pimaschools.org,1,Open,1,Open,07/30/2024,1,Regular public school district that is not a component of a supervisory union,No,NOTCHR,Not a charter district,No,No,Yes,Yes,Yes,Yes,Yes,Yes,Yes,Yes,Yes,Yes,Yes,Yes,Yes,No,No,No,KG,12,Other,As reported,4
2023-2024,04,ARIZONA,AZ,Pine Strawberry Elementary District (4214),01,,AZ-4214,0406510,PO BOX 1150,,,PINE,AZ,85544,1150,3868 N PINE CREEK DR,,,PINE,AZ,85544,,(928)476-3283,http://www.pineesd.org,1,Open,1,Open,07/30/2024,1,Regular public school district that is not a component of a supervisory union,No,NOTCHR,Not a charter district,No,Yes,Yes,Yes,Yes,Yes,Yes,Yes,Yes,Yes,Yes,No,No,No,No,No,No,No,PK,08,Elementary,As reported,1
2023-2024,04,ARIZONA,AZ,Blue Ridge Unified School District No. 32 (4397),01,,AZ-4397,0406580,1200 W WHITE MOUNTAIN BLVD,,,LAKESIDE,AZ,85929,6532,1200 W WHITE MOUNTAIN BLVD,,,LAKESIDE,AZ,85929,6532,(928)368-6126,http://www.brusd.org,1,Open,1,Open,07/30/2024,1,Regular public school district that is not a component of a supervisory union,No,NOTCHR,Not a charter district,No,Yes,Yes,Yes,Yes,Yes,Yes,Yes,Yes,Yes,Yes,Yes,Yes,Yes,Yes,No,No,No,PK,12,Other,As reported,5
2023-2024,04,ARIZONA,AZ,Pomerene Elementary District (4188),01,,AZ-4188,0406630,PO BOX 7,,,POMERENE,AZ,85627,0007,1396 N. Old Pomerene Rd,,,Pomerene,AZ,85627,,(520)586-2407,http://www.pomereneschool.org,1,Open,1,Open,07/30/2024,1,Regular public school district that is not a component of a supervisory union,No,NOTCHR,Not a charter district,No,Yes,Yes,Yes,Yes,Yes,Yes,Yes,Yes,Yes,Yes,No,No,No,No,No,No,No,PK,08,Elementary,As reported,1
2023-2024,04,ARIZONA,AZ,Prescott Unified District (4466),01,,AZ-4466,0406730,300 E GURLEY ST,,,PRESCOTT,AZ,86301,3823,300 E GURLEY ST,,,PRESCOTT,AZ,86301,3823,(928)445-5400,http://www.prescottschools.com/,1,Open,1,Open,07/30/2024,1,Regular public school district that is not a component of a supervisory union,No,NOTCHR,Not a charter district,No,Yes,Yes,Yes,Yes,Yes,Yes,Yes,Yes,Yes,Yes,Yes,Yes,Yes,Yes,No,Yes,No,PK,12,Other,As reported,9
2023-2024,04,ARIZONA,AZ,Sanders Unified District (4156),01,,AZ-4156,0406740,PO BOX 250,,,SANDERS,AZ,86512,0250,I-40 Hwy 191,,,Sanders,AZ,86512,,(855)678-7873,http://www.sandersusd.net,1,Open,1,Open,07/30/2024,1,Regular public school district that is not a component of a supervisory union,No,NOTCHR,Not a charter district,No,Yes,Yes,Yes,Yes,Yes,Yes,Yes,Yes,Yes,Yes,Yes,Yes,Yes,Yes,No,No,No,PK,12,Other,As reported,4
2023-2024,04,ARIZONA,AZ,Quartzsite Elementary District (4511),01,,AZ-4511,0406780,PO BOX 130,,,EHRENBERG,AZ,85334,0130,49241 Ehrenberg-Parker Hwy,,,Ehrenberg,AZ,85334,,(928)923-7907,http://www.qsd4.org,1,Open,1,Open,07/30/2024,1,Regular public school district that is not a component of a supervisory union,No,NOTCHR,Not a charter district,No,Yes,Yes,Yes,Yes,Yes,Yes,Yes,Yes,Yes,Yes,No,No,No,No,No,No,No,PK,08,Elementary,As reported,2
2023-2024,04,ARIZONA,AZ,Queen Creek Unified District (4245),01,,AZ-4245,0406810,20217 E CHANDLER HEIGHTS RD,,,QUEEN CREEK,AZ,85142,9521,20217 E CHANDLER HEIGHTS RD,,,QUEEN CREEK,AZ,85142,9521,(480)987-5935,http://www.qcusd.org,1,Open,1,Open,07/30/2024,1,Regular public school district that is not a component of a supervisory union,No,NOTCHR,Not a charter district,No,Yes,Yes,Yes,Yes,Yes,Yes,Yes,Yes,Yes,Yes,Yes,Yes,Yes,Yes,No,Yes,No,PK,12,Other,As reported,15
2023-2024,04,ARIZONA,AZ,Ray Unified District (4438),01,,AZ-4438,0406850,PO BOX 427,,,KEARNY,AZ,85137,0427,Hwy 177,,,Kearny,AZ,85137,,(520)363-5515,http://www.rayusd.org,1,Open,1,Open,07/30/2024,1,Regular public school district that is not a component of a supervisory union,No,NOTCHR,Not a charter district,No,Yes,Yes,Yes,Yes,Yes,Yes,Yes,Yes,Yes,Yes,Yes,Yes,Yes,Yes,No,Yes,No,PK,12,Other,As reported,2
2023-2024,04,ARIZONA,AZ,Red Mesa Unified District (4159),01,,AZ-4159,0406870,HC 61 BOX 40,,,TEEC NOS POS,AZ,86514,9600,Hwy 160 - 22 miles W of 4 Corn,,,Teec Nos Pos,AZ,86514,,(928)656-4100,http://www.rmusd.net,1,Open,1,Open,07/30/2024,1,Regular public school district that is not a component of a supervisory union,No,NOTCHR,Not a charter district,No,Yes,Yes,Yes,Yes,Yes,Yes,Yes,Yes,Yes,Yes,Yes,Yes,Yes,Yes,No,No,No,PK,12,Other,As reported,5
2023-2024,04,ARIZONA,AZ,Red Rock Elementary District (4447),01,,AZ-4447,0406900,PO BOX 1010,,,RED ROCK,AZ,85145,1001,20854 East Homestead Drive,,,Red Rock,AZ,85145,,(520)682-3331,http://www.redrockschools.com,1,Open,1,Open,07/30/2024,1,Regular public school district that is not a component of a supervisory union,No,NOTCHR,Not a charter district,No,Yes,Yes,Yes,Yes,Yes,Yes,Yes,Yes,Yes,Yes,No,No,No,No,No,No,No,PK,08,Elementary,As reported,1
2023-2024,04,ARIZONA,AZ,Redington Elementary District (4417),01,,AZ-4417,0406930,130 W CONGRESS ST FL 4,,,TUCSON,AZ,85701,1317,130 W CONGRESS ST FL 4,,,TUCSON,AZ,85701,1317,(520)740-8997,,1,Open,1,Open,07/30/2024,1,Regular public school district that is not a component of a supervisory union,No,NOTCHR,Not a charter district,Yes,No,No,No,No,No,No,No,No,No,No,No,No,No,No,No,No,No,N,N,Not applicable,As reported,0
2023-2024,04,ARIZONA,AZ,San Carlos Unified District (4210),01,,AZ-4210,0406960,PO BOX 207,,,SAN CARLOS,AZ,85550,0207,San Carlos Ave,,,San Carlos,AZ,85550,,(928)475-2315,http://www.sancarlosbraves.org/,1,Open,1,Open,07/30/2024,1,Regular public school district that is not a component of a supervisory union,No,NOTCHR,Not a charter district,No,Yes,Yes,Yes,Yes,Yes,Yes,Yes,Yes,Yes,Yes,Yes,Yes,Yes,Yes,No,Yes,No,PK,12,Other,As reported,5
2023-2024,04,ARIZONA,AZ,Riverside Elementary District (4257),01,,AZ-4257,0407020,1414 S 51st Ave,,,Phoenix,AZ,85043,,1414 S 51st Ave,,,Phoenix,AZ,85043,,(602)477-8900,http://www.resdonline.org,1,Open,1,Open,07/30/2024,1,Regular public school district that is not a component of a supervisory union,No,NOTCHR,Not a charter district,No,Yes,Yes,Yes,Yes,Yes,Yes,Yes,Yes,Yes,Yes,No,No,No,No,No,No,No,PK,08,Elementary,As reported,4
2023-2024,04,ARIZONA,AZ,Roosevelt Elementary District (4279),01,,AZ-4279,0407080,6000 S 7TH ST,,,PHOENIX,AZ,85042,4294,6000 S 7TH ST,,,PHOENIX,AZ,85042,4294,(602)243-4800,http://www.rsd66.org,1,Open,1,Open,07/30/2024,1,Regular public school district that is not a component of a supervisory union,No,NOTCHR,Not a charter district,No,Yes,Yes,Yes,Yes,Yes,Yes,Yes,Yes,Yes,Yes,No,No,No,No,No,Yes,No,PK,08,Elementary,As reported,20
2023-2024,04,ARIZONA,AZ,Round Valley Unified District (4155),01,,AZ-4155,0407130,PO BOX 610,,,SPRINGERVILLE,AZ,85938,0610,940 E MARICOPA DR UNIT B,,,SPRINGERVILLE,AZ,85938,5362,(928)333-6580,http://www.elks.net,1,Open,1,Open,07/30/2024,1,Regular public school district that is not a component of a supervisory union,No,NOTCHR,Not a charter district,No,Yes,Yes,Yes,Yes,Yes,Yes,Yes,Yes,Yes,Yes,Yes,Yes,Yes,Yes,No,No,No,PK,12,Other,As reported,4
2023-2024,04,ARIZONA,AZ,Saddle Mountain Unified School District (4254),01,,AZ-4254,0407170,38201 W INDIAN SCHOOL RD,,,TONOPAH,AZ,85354,7301,38201 W INDIAN SCHOOL RD,,,TONOPAH,AZ,85354,7301,(623)474-5115,http://smusd90.org,1,Open,1,Open,07/30/2024,1,Regular public school district that is not a component of a supervisory union,No,NOTCHR,Not a charter district,No,Yes,Yes,Yes,Yes,Yes,Yes,Yes,Yes,Yes,Yes,Yes,Yes,Yes,Yes,No,Yes,No,PK,12,Other,As reported,6
2023-2024,04,ARIZONA,AZ,Sacaton Elementary District (4449),01,,AZ-4449,0407200,PO BOX 98,,,SACATON,AZ,85147,0001,92 Skill Center Rd,,,Sacaton,AZ,85147,,(520)562-8600,http://www.sacatonschools.org,1,Open,1,Open,07/30/2024,1,Regular public school district that is not a component of a supervisory union,No,NOTCHR,Not a charter district,No,Yes,Yes,Yes,Yes,Yes,Yes,Yes,Yes,Yes,Yes,No,No,No,No,No,Yes,No,PK,08,Elementary,As reported,2
2023-2024,04,ARIZONA,AZ,Safford Unified District (4218),01,,AZ-4218,0407240,734 W 11TH ST,,,SAFFORD,AZ,85546,2967,734 W 11TH ST,,,SAFFORD,AZ,85546,2967,(928)348-7000,http://www.saffordusd.com,1,Open,1,Open,07/30/2024,1,Regular public school district that is not a component of a supervisory union,No,NOTCHR,Not a charter district,No,Yes,Yes,Yes,Yes,Yes,Yes,Yes,Yes,Yes,Yes,Yes,Yes,Yes,Yes,No,Yes,No,PK,12,Other,As reported,6
2023-2024,04,ARIZONA,AZ,Sahuarita Unified District (4411),01,,AZ-4411,0407300,350 W SAHUARITA RD,,,SAHUARITA,AZ,85629,9000,350 W SAHUARITA RD,,,SAHUARITA,AZ,85629,9000,(520)625-3502,http://www.susd30.us,1,Open,1,Open,07/30/2024,1,Regular public school district that is not a component of a supervisory union,No,NOTCHR,Not a charter district,No,Yes,Yes,Yes,Yes,Yes,Yes,Yes,Yes,Yes,Yes,Yes,Yes,Yes,Yes,No,Yes,No,PK,12,Other,As reported,10
2023-2024,04,ARIZONA,AZ,San Fernando Elementary District (4414),01,,AZ-4414,0407380,PO BOX 80,,,SASABE,AZ,85633,0080,1 Schoolhouse Dr,,,Sasabe,AZ,85633,,(520)823-4243,,1,Open,1,Open,07/30/2024,1,Regular public school district that is not a component of a supervisory union,No,NOTCHR,Not a charter district,No,No,Yes,Yes,Yes,Yes,Yes,Yes,Yes,Yes,Yes,No,No,No,No,No,No,No,KG,08,Elementary,As reported,1
2023-2024,04,ARIZONA,AZ,San Simon Unified District (4172),01,,AZ-4172,0407430,PO BOX 38,,,SAN SIMON,AZ,85632,0038,I-10 Business Loop,,,San Simon,AZ,85632,,(520)845-2275,http://www.sansimon.org,1,Open,1,Open,07/30/2024,1,Regular public school district that is not a component of a supervisory union,No,NOTCHR,Not a charter district,No,No,Yes,Yes,Yes,Yes,Yes,Yes,Yes,Yes,Yes,Yes,Yes,Yes,Yes,No,Yes,No,KG,12,Other,As reported,1
2023-2024,04,ARIZONA,AZ,Santa Cruz Elementary District (4459),01,,AZ-4459,0407500,HC 2 BOX 50,,,NOGALES,AZ,85621,9716,7 DUQUESNE RD,,,NOGALES,AZ,85621,,(520)287-0737,http://www.sced28.com/,1,Open,1,Open,07/30/2024,1,Regular public school district that is not a component of a supervisory union,No,NOTCHR,Not a charter district,No,Yes,Yes,Yes,Yes,Yes,Yes,Yes,Yes,Yes,Yes,No,No,No,No,No,No,No,PK,08,Elementary,As reported,1
2023-2024,04,ARIZONA,AZ,Santa Cruz Valley Unified District (4458),01,,AZ-4458,0407520,1374 W FRONTAGE RD,,,RIO RICO,AZ,85648,6377,1374 W FRONTAGE RD,,,RIO RICO,AZ,85648,6377,(520)281-8282,http://www.scv35.org,1,Open,1,Open,07/30/2024,1,Regular public school district that is not a component of a supervisory union,No,NOTCHR,Not a charter district,No,Yes,Yes,Yes,Yes,Yes,Yes,Yes,Yes,Yes,Yes,Yes,Yes,Yes,Yes,No,No,No,PK,12,Other,As reported,6
2023-2024,04,ARIZONA,AZ,Santa Cruz Valley Union High School District (4454),01,,AZ-4454,0407530,900 N MAIN ST,,,ELOY,AZ,85131,2040,900 N MAIN ST,,,ELOY,AZ,85131,2040,(520)466-2220,http://www.scvuhs.org,1,Open,1,Open,07/30/2024,1,Regular public school district that is not a component of a supervisory union,No,NOTCHR,Not a charter district,No,No,No,No,No,No,No,No,No,No,No,Yes,Yes,Yes,Yes,No,No,No,09,12,High,As reported,2
2023-2024,04,ARIZONA,AZ,Scottsdale Unified District (4240),01,,AZ-4240,0407570,7575 E MAIN ST,,,SCOTTSDALE,AZ,85251,4522,7575 E MAIN ST,,,SCOTTSDALE,AZ,85251,4522,(480)484-6100,http://www.susd.org,1,Open,1,Open,07/30/2024,1,Regular public school district that is not a component of a supervisory union,No,NOTCHR,Not a charter district,No,Yes,Yes,Yes,Yes,Yes,Yes,Yes,Yes,Yes,Yes,Yes,Yes,Yes,Yes,No,Yes,No,PK,12,Other,As reported,30
2023-2024,04,ARIZONA,AZ,Seligman Unified District (4472),01,,AZ-4472,0407630,PO BOX 650,,,SELIGMAN,AZ,86337,0650,54255 N. Main,,,Seligman,AZ,86337,,(928)216-4123,http://www.seligmanschools.org,1,Open,1,Open,07/30/2024,1,Regular public school district that is not a component of a supervisory union,No,NOTCHR,Not a charter district,No,Yes,Yes,Yes,Yes,Yes,Yes,Yes,Yes,Yes,Yes,Yes,Yes,Yes,Yes,No,No,No,PK,12,Other,As reported,2
2023-2024,04,ARIZONA,AZ,Sentinel Elementary District (4250),01,,AZ-4250,0407680,HC-1 Box 57,,,Dateland,AZ,85333,,53802 W US Hwy 80,,,Dateland,AZ,85333,,(928)454-2474,,1,Open,1,Open,07/30/2024,1,Regular public school district that is not a component of a supervisory union,No,NOTCHR,Not a charter district,No,No,Yes,Yes,Yes,Yes,Yes,Yes,Yes,Yes,Yes,No,No,No,No,No,No,No,KG,08,Elementary,As reported,1
2023-2024,04,ARIZONA,AZ,Show Low Unified District  (4393),01,,AZ-4393,0407700,500 W OLD LINDEN RD,,,SHOW LOW,AZ,85901,4645,500 W OLD LINDEN RD,,,SHOW LOW,AZ,85901,4608,(928)537-6001,http://www.showlow.education,1,Open,1,Open,07/30/2024,1,Regular public school district that is not a component of a supervisory union,No,NOTCHR,Not a charter district,No,Yes,Yes,Yes,Yes,Yes,Yes,Yes,Yes,Yes,Yes,Yes,Yes,Yes,Yes,No,No,No,PK,12,Other,As reported,8
2023-2024,04,ARIZONA,AZ,Deer Valley Unified District (4246),01,,AZ-4246,0407750,20402 N 15TH AVE,,,PHOENIX,AZ,85027,3636,20402 N 15TH AVE,,,PHOENIX,AZ,85027,3636,(623)445-5000,http://dvusd.org,1,Open,1,Open,07/30/2024,1,Regular public school district that is not a component of a supervisory union,No,NOTCHR,Not a charter district,No,Yes,Yes,Yes,Yes,Yes,Yes,Yes,Yes,Yes,Yes,Yes,Yes,Yes,Yes,No,Yes,No,PK,12,Other,As reported,41
2023-2024,04,ARIZONA,AZ,Skull Valley Elementary District (4478),01,,AZ-4478,0407770,PO BOX 127,,,SKULL VALLEY,AZ,86338,0127,127 Skull Valley Rd S,,,Skull Valley,AZ,86338,,(928)442-3322,,1,Open,1,Open,07/30/2024,1,Regular public school district that is not a component of a supervisory union,No,NOTCHR,Not a charter district,No,Yes,Yes,Yes,Yes,Yes,Yes,Yes,Yes,Yes,Yes,No,No,No,No,No,No,No,PK,08,Elementary,As reported,1
2023-2024,04,ARIZONA,AZ,Snowflake Unified District (4391),01,,AZ-4391,0407820,682 W SCHOOL BUS LN,,,SNOWFLAKE,AZ,85937,5262,682 W SCHOOL BUS LN,,,SNOWFLAKE,AZ,85937,5262,(928)536-4156,http://www.susd5.org,1,Open,1,Open,07/30/2024,1,Regular public school district that is not a component of a supervisory union,No,NOTCHR,Not a charter district,No,Yes,Yes,Yes,Yes,Yes,Yes,Yes,Yes,Yes,Yes,Yes,Yes,Yes,Yes,No,No,No,PK,12,Other,As reported,7
2023-2024,04,ARIZONA,AZ,Solomon Elementary District (4222),01,,AZ-4222,0407860,PO BOX 167,,,SOLOMON,AZ,85551,0167,2250 S Stevens Ave,,,Solomon,AZ,85551,,(928)428-0477,,1,Open,1,Open,07/30/2024,1,Regular public school district that is not a component of a supervisory union,No,NOTCHR,Not a charter district,No,Yes,Yes,Yes,Yes,Yes,Yes,Yes,Yes,Yes,Yes,No,No,No,No,No,No,No,PK,08,Elementary,As reported,1
2023-2024,04,ARIZONA,AZ,Somerton Elementary District (4500),01,,AZ-4500,0407890,PO BOX 3200,,,SOMERTON,AZ,85350,3200,343 N Carlisle Ave,,,Somerton,AZ,85350,,(928)341-6000,http://www.ssd11.org,1,Open,1,Open,07/30/2024,1,Regular public school district that is not a component of a supervisory union,No,NOTCHR,Not a charter district,No,Yes,Yes,Yes,Yes,Yes,Yes,Yes,Yes,Yes,Yes,No,No,No,No,No,Yes,No,PK,08,Elementary,As reported,8
2023-2024,04,ARIZONA,AZ,Sonoita Elementary District (4461),01,,AZ-4461,0407920,23 ELGIN RD,,,ELGIN,AZ,85611,7312,23 ELGIN RD,,,ELGIN,AZ,85611,7312,(520)455-5514,http://www.elgink12.com,1,Open,1,Open,07/30/2024,1,Regular public school district that is not a component of a supervisory union,No,NOTCHR,Not a charter district,No,Yes,Yes,Yes,Yes,Yes,Yes,Yes,Yes,Yes,Yes,No,No,No,No,No,No,No,PK,08,Elementary,As reported,1
2023-2024,04,ARIZONA,AZ,St David Unified District (4173),01,,AZ-4173,0408020,PO BOX 70,,,SAINT DAVID,AZ,85630,0070,70 E PATTON ST,,,SAINT DAVID,AZ,85630,6207,(520)720-4781,http://www.stdavidschools.org/,1,Open,1,Open,07/30/2024,1,Regular public school district that is not a component of a supervisory union,No,NOTCHR,Not a charter district,No,Yes,Yes,Yes,Yes,Yes,Yes,Yes,Yes,Yes,Yes,Yes,Yes,Yes,Yes,No,No,No,PK,12,Other,As reported,2
2023-2024,04,ARIZONA,AZ,St Johns Unified District (4153),01,,AZ-4153,0408080,PO BOX 3030,,,SAINT JOHNS,AZ,85936,3030,450 S 13th W,,,St Johns,AZ,85936,,(928)337-2255,http://www.sjusd.net,1,Open,1,Open,07/30/2024,1,Regular public school district that is not a component of a supervisory union,No,NOTCHR,Not a charter district,No,Yes,Yes,Yes,Yes,Yes,Yes,Yes,Yes,Yes,Yes,Yes,Yes,Yes,Yes,No,Yes,No,PK,12,Other,As reported,4
2023-2024,04,ARIZONA,AZ,Stanfield Elementary District (4451),01,,AZ-4451,0408130,515 S STANFIELD RD,,,STANFIELD,AZ,85172,9687,515 S STANFIELD RD,,,STANFIELD,AZ,85172,9687,(520)424-0221,http://www.roadrunners24.net,1,Open,1,Open,07/30/2024,1,Regular public school district that is not a component of a supervisory union,No,NOTCHR,Not a charter district,No,Yes,Yes,Yes,Yes,Yes,Yes,Yes,Yes,Yes,Yes,No,No,No,No,No,No,No,PK,08,Elementary,As reported,1
2023-2024,04,ARIZONA,AZ,Sunnyside Unified District (4407),01,,AZ-4407,0408170,2238 E GINTER RD,,,TUCSON,AZ,85706,5806,2238 E GINTER RD,,,TUCSON,AZ,85706,5806,(520)545-2000,http://www.susd12.org,1,Open,1,Open,07/30/2024,1,Regular public school district that is not a component of a supervisory union,No,NOTCHR,Not a charter district,No,Yes,Yes,Yes,Yes,Yes,Yes,Yes,Yes,Yes,Yes,Yes,Yes,Yes,Yes,No,Yes,No,PK,12,Other,As reported,22
2023-2024,04,ARIZONA,AZ,Superior Unified School District (4440),01,,AZ-4440,0408230,1500 W PANTHER DR STE 101,,,SUPERIOR,AZ,85173,4538,1500 W PANTHER DR STE 101,,,SUPERIOR,AZ,85173,4538,(520)689-3000,http://www.superiorusd.org,1,Open,1,Open,07/30/2024,1,Regular public school district that is not a component of a supervisory union,No,NOTCHR,Not a charter district,No,Yes,Yes,Yes,Yes,Yes,Yes,Yes,Yes,Yes,Yes,Yes,Yes,Yes,Yes,No,No,No,PK,12,Other,As reported,2
2023-2024,04,ARIZONA,AZ,Tanque Verde Unified District (4408),01,,AZ-4408,0408280,2300 N TANQUE VERDE LOOP RD BL,,,TUCSON,AZ,85749,9786,2300 N TANQUE VERDE LOOP RD BL,,,TUCSON,AZ,85749,9786,(520)749-5751,http://www.tanq.org,1,Open,1,Open,07/30/2024,1,Regular public school district that is not a component of a supervisory union,No,NOTCHR,Not a charter district,No,Yes,Yes,Yes,Yes,Yes,Yes,Yes,Yes,Yes,Yes,Yes,Yes,Yes,Yes,No,Yes,No,PK,12,Other,As reported,4
2023-2024,04,ARIZONA,AZ,Tempe School District (4258),01,,AZ-4258,0408310,PO BOX 27708,,,TEMPE,AZ,85285,7708,3205 S RURAL RD,,,TEMPE,AZ,85282,3853,(480)730-7100,http://www.tempeschools.org/,1,Open,1,Open,07/30/2024,1,Regular public school district that is not a component of a supervisory union,No,NOTCHR,Not a charter district,No,Yes,Yes,Yes,Yes,Yes,Yes,Yes,Yes,Yes,Yes,No,No,No,No,No,Yes,No,PK,08,Elementary,As reported,23
2023-2024,04,ARIZONA,AZ,Tempe Union High School District (4287),01,,AZ-4287,0408340,500 W GUADALUPE RD,,,TEMPE,AZ,85283,3599,500 W GUADALUPE RD,,,TEMPE,AZ,85283,3599,(480)839-0292,http://www.tempeunion.org,1,Open,1,Open,07/30/2024,1,Regular public school district that is not a component of a supervisory union,No,NOTCHR,Not a charter district,No,No,No,No,No,No,No,No,No,No,No,Yes,Yes,Yes,Yes,No,No,No,09,12,High,As reported,8
2023-2024,04,ARIZONA,AZ,Thatcher Unified District (4219),01,,AZ-4219,0408410,PO BOX 610,,,THATCHER,AZ,85552,0610,3490 W MAIN ST,,,THATCHER,AZ,85552,5713,(928)348-7200,http://www.thatcherud.org,1,Open,1,Open,07/30/2024,1,Regular public school district that is not a component of a supervisory union,No,NOTCHR,Not a charter district,No,Yes,Yes,Yes,Yes,Yes,Yes,Yes,Yes,Yes,Yes,Yes,Yes,Yes,Yes,No,Yes,No,PK,12,Other,As reported,5
2023-2024,04,ARIZONA,AZ,Paloma School District (4255),01,,AZ-4255,0408430,38739 W I 8,,,GILA BEND,AZ,85337,3022,38739 W I 8,,,GILA BEND,AZ,85337,3022,(928)683-2588,http://www.palomaesd.org,1,Open,1,Open,07/30/2024,1,Regular public school district that is not a component of a supervisory union,No,NOTCHR,Not a charter district,No,Yes,Yes,Yes,Yes,Yes,Yes,Yes,Yes,Yes,Yes,No,No,No,No,No,No,No,PK,08,Elementary,As reported,1
2023-2024,04,ARIZONA,AZ,Hillside Elementary District (4482),01,,AZ-4482,0408460,HC 1 BOX 3056,,,BAGDAD,AZ,86321,9705,Main Street,,,Hillside,AZ,86321,,(928)442-3416,http://hillsideesd.com/,1,Open,1,Open,07/30/2024,1,Regular public school district that is not a component of a supervisory union,No,NOTCHR,Not a charter district,No,Yes,Yes,Yes,Yes,Yes,Yes,Yes,Yes,Yes,Yes,No,No,No,No,No,No,No,PK,08,Elementary,As reported,1
2023-2024,04,ARIZONA,AZ,Tolleson Elementary District (4264),01,,AZ-4264,0408490,9261 W VAN BUREN ST,,,TOLLESON,AZ,85353,2941,9401 W GARFIELD ST,,,TOLLESON,AZ,85353,1606,(623)533-3900,http://www.tollesonschools.com/,1,Open,1,Open,07/30/2024,1,Regular public school district that is not a component of a supervisory union,No,NOTCHR,Not a charter district,No,Yes,Yes,Yes,Yes,Yes,Yes,Yes,Yes,Yes,Yes,No,No,No,No,No,Yes,No,PK,08,Elementary,As reported,5
2023-2024,04,ARIZONA,AZ,Tolleson Union High School District (4288),01,,AZ-4288,0408520,9801 W VAN BUREN ST,,,TOLLESON,AZ,85353,2833,9801 W VAN BUREN ST,,,TOLLESON,AZ,85353,2833,(623)478-4000,http://www.tuhsd.org,1,Open,1,Open,07/30/2024,1,Regular public school district that is not a component of a supervisory union,No,NOTCHR,Not a charter district,No,No,No,No,No,No,No,No,No,No,No,Yes,Yes,Yes,Yes,No,No,No,09,12,High,As reported,8
2023-2024,04,ARIZONA,AZ,Toltec School District (4450),01,,AZ-4450,0408550,3315 N TOLTEC RD,,,ELOY,AZ,85131,9680,3315 N TOLTEC RD,,,ELOY,AZ,85131,9680,(520)466-2360,http://www.toltec.k12.az.us/Page/1,1,Open,1,Open,07/30/2024,1,Regular public school district that is not a component of a supervisory union,No,NOTCHR,Not a charter district,No,Yes,Yes,Yes,Yes,Yes,Yes,Yes,Yes,Yes,Yes,Yes,Yes,Yes,Yes,No,Yes,No,PK,12,Other,As reported,3
2023-2024,04,ARIZONA,AZ,Tombstone Unified District (4168),01,,AZ-4168,0408600,PO BOX 1000,,,TOMBSTONE,AZ,85638,1000,805 Fremont,,,Tombstone,AZ,85638,,(520)457-2217,http://www.tombstoneschools.org,1,Open,1,Open,07/30/2024,1,Regular public school district that is not a component of a supervisory union,No,NOTCHR,Not a charter district,No,Yes,Yes,Yes,Yes,Yes,Yes,Yes,Yes,Yes,Yes,Yes,Yes,Yes,Yes,No,No,No,PK,12,Other,As reported,3
2023-2024,04,ARIZONA,AZ,Topock Elementary District (4376),01,,AZ-4376,0408640,PO BOX 370,,,TOPOCK,AZ,86436,0370,5083 Tule Dr,,,Topock,AZ,86436,,(928)768-3344,http://www.topockazschool.com,1,Open,1,Open,07/30/2024,1,Regular public school district that is not a component of a supervisory union,No,NOTCHR,Not a charter district,No,Yes,Yes,Yes,Yes,Yes,Yes,Yes,Yes,Yes,Yes,No,No,No,No,No,No,No,PK,08,Elementary,As reported,1
2023-2024,04,ARIZONA,AZ,Tuba City Unified School District #15 (4197),01,,AZ-4197,0408680,PO BOX 67,,,TUBA CITY,AZ,86045,0067,E Fir St,,,Tuba City,AZ,86045,,(928)283-1001,http://www.tcusd.org/,1,Open,1,Open,07/30/2024,1,Regular public school district that is not a component of a supervisory union,No,NOTCHR,Not a charter district,No,Yes,Yes,Yes,Yes,Yes,Yes,Yes,Yes,Yes,Yes,Yes,Yes,Yes,Yes,No,Yes,No,PK,12,Other,As reported,6
2023-2024,04,ARIZONA,AZ,Tucson Unified District (4403),01,,AZ-4403,0408800,1010 E 10TH ST,,,TUCSON,AZ,85719,5813,1010 E 10TH ST,,,TUCSON,AZ,85719,5813,(520)225-6060,http://www.tusd1.org,1,Open,1,Open,07/30/2024,1,Regular public school district that is not a component of a supervisory union,No,NOTCHR,Not a charter district,No,Yes,Yes,Yes,Yes,Yes,Yes,Yes,Yes,Yes,Yes,Yes,Yes,Yes,Yes,No,Yes,No,PK,12,Other,As reported,90
2023-2024,04,ARIZONA,AZ,Union Elementary District (4277),01,,AZ-4277,0408820,3834 S 91ST AVE,,,TOLLESON,AZ,85353,9394,3834 S 91ST AVE,,,TOLLESON,AZ,85353,9394,(623)478-5005,http://www.unionesd.org,1,Open,1,Open,07/30/2024,1,Regular public school district that is not a component of a supervisory union,No,NOTCHR,Not a charter district,No,Yes,Yes,Yes,Yes,Yes,Yes,Yes,Yes,Yes,Yes,No,No,No,No,No,Yes,No,PK,08,Elementary,As reported,3
2023-2024,04,ARIZONA,AZ,Vail Unified District (4413),01,,AZ-4413,0408850,PO BOX 800,,,VAIL,AZ,85641,0800,13801 E. Benson Highway,,,Vail,AZ,85641,,(520)879-2000,http://www.vailschooldistrict.org,1,Open,1,Open,07/30/2024,1,Regular public school district that is not a component of a supervisory union,No,NOTCHR,Not a charter district,No,Yes,Yes,Yes,Yes,Yes,Yes,Yes,Yes,Yes,Yes,Yes,Yes,Yes,Yes,No,Yes,No,PK,12,Other,As reported,23
2023-2024,04,ARIZONA,AZ,Valentine Elementary District (4380),01,,AZ-4380,0408880,HC 35 BOX 50,,,PEACH SPRINGS,AZ,86434,9650,12491 N Byers,,,Truxton,AZ,86434,,(928)769-2310,http://www.valentineaz.net,1,Open,1,Open,07/30/2024,1,Regular public school district that is not a component of a supervisory union,No,NOTCHR,Not a charter district,No,Yes,Yes,Yes,Yes,Yes,Yes,Yes,Yes,Yes,Yes,No,No,No,No,No,No,No,PK,08,Elementary,As reported,1
2023-2024,04,ARIZONA,AZ,Valley Union High School District (4190),01,,AZ-4190,0408910,PO BOX 158,,,ELFRIDA,AZ,85610,0158,4088 W JEFFERSON RD,,,ELFRIDA,AZ,85610,9125,(520)642-3492,http://www.vuhs.net,1,Open,1,Open,07/30/2024,1,Regular public school district that is not a component of a supervisory union,No,NOTCHR,Not a charter district,No,No,No,No,No,No,No,No,No,No,No,Yes,Yes,Yes,Yes,No,No,No,09,12,High,As reported,1
2023-2024,04,ARIZONA,AZ,Washington Elementary School District (4260),01,,AZ-4260,0409060,4650 W SWEETWATER AVE,,,GLENDALE,AZ,85304,1505,4650 W SWEETWATER AVE,,,GLENDALE,AZ,85304,1505,(602)347-2600,http://www.wesdschools.org/,1,Open,1,Open,07/30/2024,1,Regular public school district that is not a component of a supervisory union,No,NOTCHR,Not a charter district,No,Yes,Yes,Yes,Yes,Yes,Yes,Yes,Yes,Yes,Yes,No,No,No,No,No,Yes,No,PK,08,Elementary,As reported,33
2023-2024,04,ARIZONA,AZ,Wellton Elementary District (4504),01,,AZ-4504,0409090,PO BOX 517,,,WELLTON,AZ,85356,0517,29126 E SAN JOSE AVE,,,WELLTON,AZ,85356,6722,(928)785-3311,http://www.welltonschool.org,1,Open,1,Open,07/30/2024,1,Regular public school district that is not a component of a supervisory union,No,NOTCHR,Not a charter district,No,Yes,Yes,Yes,Yes,Yes,Yes,Yes,Yes,Yes,Yes,No,No,No,No,No,No,No,PK,08,Elementary,As reported,1
2023-2024,04,ARIZONA,AZ,Wenden Elementary District (4512),01,,AZ-4512,0409120,PO BOX 8,,,WENDEN,AZ,85357,0008,71001 Santa Fe Ave,,,Wenden,AZ,85357,,(928)859-3806,,1,Open,1,Open,07/30/2024,1,Regular public school district that is not a component of a supervisory union,No,NOTCHR,Not a charter district,No,Yes,Yes,Yes,Yes,Yes,Yes,Yes,Yes,Yes,Yes,No,No,No,No,No,No,No,PK,08,Elementary,As reported,1
2023-2024,04,ARIZONA,AZ,Whiteriver Unified District (4394),01,,AZ-4394,0409160,PO BOX 190,,,WHITERIVER,AZ,85941,0190,963 Chief Avenue,,,Whiteriver,AZ,85941,,(928)358-5800,http://www.wusd.us,1,Open,1,Open,07/30/2024,1,Regular public school district that is not a component of a supervisory union,No,NOTCHR,Not a charter district,No,Yes,Yes,Yes,Yes,Yes,Yes,Yes,Yes,Yes,Yes,Yes,Yes,Yes,Yes,No,Yes,No,PK,12,Other,As reported,5
2023-2024,04,ARIZONA,AZ,Wickenburg Unified District (4236),01,,AZ-4236,0409190,101 COCONINO ST,,,WICKENBURG,AZ,85390,3334,101 COCONINO ST,,,WICKENBURG,AZ,85390,3334,(928)668-5350,http://www.wickenburgschools.org/,1,Open,1,Open,07/30/2024,1,Regular public school district that is not a component of a supervisory union,No,NOTCHR,Not a charter district,No,Yes,Yes,Yes,Yes,Yes,Yes,Yes,Yes,Yes,Yes,Yes,Yes,Yes,Yes,No,No,No,PK,12,Other,As reported,5
2023-2024,04,ARIZONA,AZ,Willcox Unified District (4170),01,,AZ-4170,0409250,480 N BISBEE AVE,,,WILLCOX,AZ,85643,1509,480 N BISBEE AVE,,,WILLCOX,AZ,85643,1509,(520)384-8600,http://www.wusd13.org,1,Open,1,Open,07/30/2024,1,Regular public school district that is not a component of a supervisory union,No,NOTCHR,Not a charter district,No,Yes,Yes,Yes,Yes,Yes,Yes,Yes,Yes,Yes,Yes,Yes,Yes,Yes,Yes,No,Yes,No,PK,12,Other,As reported,3
2023-2024,04,ARIZONA,AZ,Williams Unified District (4193),01,,AZ-4193,0409310,PO BOX 427,,,WILLIAMS,AZ,86046,0427,636 S 7TH ST,,,WILLIAMS,AZ,86046,2331,(928)635-4473,http://www.wusd2.org,1,Open,1,Open,07/30/2024,1,Regular public school district that is not a component of a supervisory union,No,NOTCHR,Not a charter district,No,Yes,Yes,Yes,Yes,Yes,Yes,Yes,Yes,Yes,Yes,Yes,Yes,Yes,Yes,No,No,No,PK,12,Other,As reported,2
2023-2024,04,ARIZONA,AZ,Williamson Valley Elementary School District (4475),01,,AZ-4475,0409360,7295 N BRIDLE PATH,,,PRESCOTT,AZ,86305,8910,7295 N BRIDLE PATH,,,PRESCOTT,AZ,86305,8910,(928)925-9193,,1,Open,1,Open,07/30/2024,1,Regular public school district that is not a component of a supervisory union,No,NOTCHR,Not a charter district,Yes,No,No,No,No,No,No,No,No,No,No,No,No,No,No,No,No,No,N,N,Not applicable,As reported,0
2023-2024,04,ARIZONA,AZ,Wilson Elementary District (4261),01,,AZ-4261,0409390,3025 E FILLMORE ST,,,PHOENIX,AZ,85008,6120,3025 E FILLMORE ST,,,PHOENIX,AZ,85008,6120,(602)681-2200,http://www.wsd.k12.az.us,1,Open,1,Open,07/30/2024,1,Regular public school district that is not a component of a supervisory union,No,NOTCHR,Not a charter district,No,Yes,Yes,Yes,Yes,Yes,Yes,Yes,Yes,Yes,Yes,No,No,No,No,No,No,No,PK,08,Elementary,As reported,2
2023-2024,04,ARIZONA,AZ,Window Rock Unified District (4154),01,,AZ-4154,0409430,PO BOX 559,,,FORT DEFIANCE,AZ,86504,0559,Navajo Rte 12,,,Fort Defiance,AZ,86504,,(928)729-6706,http://www.wrschool.net/,1,Open,1,Open,07/30/2024,1,Regular public school district that is not a component of a supervisory union,No,NOTCHR,Not a charter district,No,Yes,Yes,Yes,Yes,Yes,Yes,Yes,Yes,Yes,Yes,Yes,Yes,Yes,Yes,No,Yes,No,PK,12,Other,As reported,6
2023-2024,04,ARIZONA,AZ,Winslow Unified District (4387),01,,AZ-4387,0409460,PO BOX 580,,,WINSLOW,AZ,86047,0580,800 N APACHE AVE,,,WINSLOW,AZ,86047,3819,(928)288-8101,http://www.wusd1.org/,1,Open,1,Open,07/30/2024,1,Regular public school district that is not a component of a supervisory union,No,NOTCHR,Not a charter district,No,Yes,Yes,Yes,Yes,Yes,Yes,Yes,Yes,Yes,Yes,Yes,Yes,Yes,Yes,No,Yes,No,PK,12,Other,As reported,5
2023-2024,04,ARIZONA,AZ,Yarnell Elementary District (4485),01,,AZ-4485,0409510,18912 W HAYS RANCH RD,,,Peeples Valley,AZ,86332,8712,18912 W HAYS RANCH RD,,,Peeples Valley,AZ,86332,8712,(928)427-3347,http://www.modelcreekschool.org,1,Open,1,Open,07/30/2024,1,Regular public school district that is not a component of a supervisory union,No,NOTCHR,Not a charter district,No,Yes,Yes,Yes,Yes,Yes,Yes,Yes,Yes,Yes,Yes,No,No,No,No,No,No,No,PK,08,Elementary,As reported,1
2023-2024,04,ARIZONA,AZ,Young Elementary District (4213),01,,AZ-4213,0409540,PO BOX 390,,,YOUNG,AZ,85554,0390,Hwy 288/Baker Ranch Rd,,,Young,AZ,85554,,(928)462-3244,http://www.youngschool.org,1,Open,1,Open,07/30/2024,1,Regular public school district that is not a component of a supervisory union,No,NOTCHR,Not a charter district,No,Yes,Yes,Yes,Yes,Yes,Yes,Yes,Yes,Yes,Yes,Yes,Yes,Yes,Yes,No,No,No,PK,12,Other,As reported,2
2023-2024,04,ARIZONA,AZ,Yucca Elementary District (4377),01,,AZ-4377,0409570,PO BOX 128,,,YUCCA,AZ,86438,0128,12261 3rd St,,,Yucca,AZ,86438,,(928)766-2581,http://www.yuccaschool.com,1,Open,1,Open,07/30/2024,1,Regular public school district that is not a component of a supervisory union,No,NOTCHR,Not a charter district,No,Yes,Yes,Yes,Yes,Yes,Yes,Yes,Yes,Yes,Yes,No,No,No,No,No,No,No,PK,08,Elementary,As reported,1
2023-2024,04,ARIZONA,AZ,Yuma Elementary District (4499),01,,AZ-4499,0409600,450 W 6TH ST,,,YUMA,AZ,85364,2973,4th Ave and 6th St,,,Yuma,AZ,85364,,(928)502-4300,http://www.yuma.org/,1,Open,1,Open,07/30/2024,1,Regular public school district that is not a component of a supervisory union,No,NOTCHR,Not a charter district,No,Yes,Yes,Yes,Yes,Yes,Yes,Yes,Yes,Yes,Yes,No,No,No,No,No,Yes,No,PK,08,Elementary,As reported,19
2023-2024,04,ARIZONA,AZ,Yuma Union High School District (4507),01,,AZ-4507,0409630,1250 W 11TH ST,,,YUMA,AZ,85364,3624,3150 S AVENUE A,,,YUMA,AZ,85364,7928,(928)502-4600,http://www.yumaunion.org,1,Open,1,Open,07/30/2024,1,Regular public school district that is not a component of a supervisory union,No,NOTCHR,Not a charter district,No,No,No,No,No,No,No,No,No,No,No,Yes,Yes,Yes,Yes,No,No,No,09,12,High,As reported,8
2023-2024,04,ARIZONA,AZ,East Valley Institute of Technology (4516),01,,AZ-4516,0409731,1601 W MAIN ST,,,MESA,AZ,85201,6910,1601 W MAIN ST,,,MESA,AZ,85201,6910,(480)461-4000,http://www.evit.com,1,Open,1,Open,07/30/2024,9,Specialized public school district,No,NOTCHR,Not a charter district,No,No,No,No,No,No,No,No,No,No,No,Yes,Yes,Yes,Yes,No,No,No,09,12,High,As reported,50
2023-2024,04,ARIZONA,AZ,Sedona-Oak Creek JUSD #9 (4467),01,,AZ-4467,0409733,221 BREWER RD STE 100,,,SEDONA,AZ,86336,6010,221 BREWER RD STE 100,,,SEDONA,AZ,86336,6010,(928)204-6800,http://www.sedona.k12.az.us,1,Open,1,Open,07/30/2024,1,Regular public school district that is not a component of a supervisory union,No,NOTCHR,Not a charter district,No,Yes,Yes,Yes,Yes,Yes,Yes,Yes,Yes,Yes,Yes,Yes,Yes,Yes,Yes,No,Yes,No,PK,12,Other,As reported,3
2023-2024,04,ARIZONA,AZ,Arizona Department of Juvenile Corrections (8326),01,,AZ-8326,0409734,1624 W ADAMS ST,,,PHOENIX,AZ,85007,2606,1624 W ADAMS ST,,,PHOENIX,AZ,85007,2606,(602)542-4302,http://adjc.az.gov/,1,Open,1,Open,07/30/2024,5,State operated agency,No,NOTCHR,Not a charter district,No,Yes,Yes,Yes,Yes,Yes,Yes,Yes,Yes,Yes,Yes,Yes,Yes,Yes,Yes,No,Yes,No,PK,12,Other,As reported,0
2023-2024,04,ARIZONA,AZ,Desert Sage School (1001917),01,,AZ-1001917,0409735,PO BOX 44008,,,TUCSON,AZ,85733,4008,3434 E BROADWAY BLVD,,,TUCSON,AZ,85716,5406,(520)365-3766,http://www.desertsageschool.org,1,Open,1,Open,07/30/2024,7,Independent charter district,No,CHRTIDEAESEA,LEA for federal programs,No,No,No,No,No,No,No,No,No,No,No,Yes,Yes,Yes,No,No,No,No,09,11,Secondary,As reported,1
2023-2024,04,ARIZONA,AZ,Legacy Traditional School-San Tan (1001927),01,,AZ-1001927,0409736,3125 S GILBERT RD,,,CHANDLER,AZ,85286,5194,1679 W. Empire Blvd,,,San Tan Valley,AZ,85143,,(480)576-4600,http://santan.legacytraditional.org,1,Open,1,Open,07/30/2024,7,Independent charter district,No,CHRTIDEAESEA,LEA for federal programs,No,No,Yes,Yes,Yes,Yes,Yes,Yes,Yes,Yes,Yes,No,No,No,No,No,No,No,KG,08,Elementary,As reported,1
2023-2024,04,ARIZONA,AZ,Archway Classical Academy Trivium West (1001937),01,,AZ-1001937,0409737,4801 E WASHINGTON ST STE 250,,,PHOENIX,AZ,85034,2025,4801 E WASHINGTON ST STE 250,,,PHOENIX,AZ,85034,2025,(602)438-7045,http://greatheartsonline.org/,1,Open,1,Open,07/30/2024,7,Independent charter district,No,CHRTIDEAESEA,LEA for federal programs,No,No,Yes,Yes,Yes,Yes,Yes,Yes,Yes,Yes,Yes,Yes,Yes,Yes,Yes,No,No,No,KG,12,Other,As reported,1
2023-2024,04,ARIZONA,AZ,Arizona Goodwill Education Services (1001949),01,,AZ-1001949,0409738,2626 W BERYL AVE,,,PHOENIX,AZ,85021,1668,4837 E MCDOWELL RD,,,PHOENIX,AZ,85008,4225,(602)535-4401,http://www.excelcenteraz.org,1,Open,1,Open,07/30/2024,7,Independent charter district,No,CHRTIDEAESEA,LEA for federal programs,No,No,No,No,No,No,No,No,No,No,No,Yes,Yes,Yes,Yes,No,No,No,09,12,High,As reported,1
2023-2024,04,ARIZONA,AZ,Explore Academy - Peoria (1002006),01,,AZ-1002006,0409739,5215 E KAREN DR,,,SCOTTSDALE,AZ,85254,2340,5215 E KAREN DR,,,SCOTTSDALE,AZ,85254,2340,(505)710-3214,,7,Future,7,Future,07/30/2024,7,Independent charter district,No,CHRTIDEAESEA,LEA for federal programs,Not reported,Not reported,Not reported,Not reported,Not reported,Not reported,Not reported,Not reported,Not reported,Not reported,Not reported,Not reported,Not reported,Not reported,Not reported,Not reported,Not reported,Not reported,M,M,Not reported,As reported,0
2023-2024,04,ARIZONA,AZ,Sun Valley Academy - Glendale Inc. (1002008),01,,AZ-1002008,0409740,2675 W Baseline Rd,,,Phoenix,AZ,85041,,Proposed Location Near 83rd Av,,,Glendale,AZ,85305,,(602)692-4914,,7,Future,7,Future,07/30/2024,7,Independent charter district,No,CHRTIDEAESEA,LEA for federal programs,Not reported,Not reported,Not reported,Not reported,Not reported,Not reported,Not reported,Not reported,Not reported,Not reported,Not reported,Not reported,Not reported,Not reported,Not reported,Not reported,Not reported,Not reported,M,M,Not reported,As reported,0
2023-2024,04,ARIZONA,AZ,Heartwood AZ (1002010),01,,AZ-1002010,0409741,207 N MESA DR,,,MESA,AZ,85201,6723,207 N MESA DR,,,MESA,AZ,85201,6723,(480)599-0137,,3,New,3,New,07/30/2024,7,Independent charter district,No,CHRTIDEAESEA,LEA for federal programs,No,No,Yes,Yes,Yes,Yes,Yes,Yes,Yes,Yes,Yes,Yes,Yes,No,No,No,No,No,KG,10,Other,As reported,1
2023-2024,04,ARIZONA,AZ,BASIS Charter Schools Inc. (1002012),01,,AZ-1002012,0409742,7975 N. Hayden Rd. Suite B202,,,Scottsdale,AZ,85258,,7975 N. Hayden Rd. Suite B202,,,Scottsdale,AZ,85258,,(480)289-2088,,7,Future,7,Future,07/30/2024,7,Independent charter district,No,CHRTIDEAESEA,LEA for federal programs,Not reported,Not reported,Not reported,Not reported,Not reported,Not reported,Not reported,Not reported,Not reported,Not reported,Not reported,Not reported,Not reported,Not reported,Not reported,Not reported,Not reported,Not reported,M,M,Not reported,As reported,0
2023-2024,04,ARIZONA,AZ,Paul Revere Academy Inc. (1002013),01,,AZ-1002013,0409743,1601 W MAIN ST,,,MESA,AZ,85201,6910,1601 W MAIN ST,,,MESA,AZ,85201,6910,(480)461-4475,,3,New,3,New,07/30/2024,7,Independent charter district,No,CHRTIDEAESEA,LEA for federal programs,No,No,No,No,No,No,No,No,No,No,No,Yes,Yes,Yes,Yes,No,No,No,09,12,High,As reported,1
2023-2024,04,ARIZONA,AZ,Premier Prep Online Academy (1002029),01,,AZ-1002029,0409744,459 N Gilbert Rd Suite A-213,,,Gilbert,AZ,85234,,459 N Gilbert Rd Suite A-213,,,Gilbert,AZ,85234,,(480)896-7200,http://www.premierPrepOnline.com,3,New,3,New,07/30/2024,7,Independent charter district,No,CHRTIDEAESEA,LEA for federal programs,No,No,No,No,No,No,No,No,No,Yes,Yes,Yes,Yes,Yes,Yes,No,No,No,07,12,High,As reported,1
2023-2024,04,ARIZONA,AZ,Arizona Collaborative Learning Partners Inc. (1002079),01,,AZ-1002079,0409745,433 N HALL,,,MESA,AZ,85203,7407,433 N HALL,,,MESA,AZ,85203,7407,(480)833-0068,http://www.arizona.virtualpreparatoryacademy.com,3,New,3,New,07/30/2024,7,Independent charter district,No,CHRTIDEAESEA,LEA for federal programs,No,No,Yes,Yes,Yes,Yes,Yes,Yes,Yes,Yes,Yes,No,No,No,No,No,No,No,KG,08,Elementary,As reported,1
2023-2024,04,ARIZONA,AZ,Heritage Academy Maricopa Inc. (1002080),01,,AZ-1002080,0409746,32 S CENTER ST,,,MESA,AZ,85210,1306,41000 W HEROES WAY,,,MARICOPA,AZ,85138,4639,(520)367-3800,http://www.hamaricopa.com,3,New,3,New,07/30/2024,7,Independent charter district,No,CHRTIDEAESEA,LEA for federal programs,No,No,No,No,No,No,No,No,Yes,Yes,Yes,Yes,Yes,Yes,Yes,No,No,No,06,12,High,As reported,1
2023-2024,04,ARIZONA,AZ,Heritage Academy Pointe Inc. (1002101),01,,AZ-1002101,0409747,32 S CENTER ST,,,MESA,AZ,85210,1306,10215 N 43RD AVE,,,PHOENIX,AZ,85051,1025,(623)209-0017,http://www.hapointe.com,3,New,3,New,07/30/2024,7,Independent charter district,No,CHRTIDEAESEA,LEA for federal programs,No,No,No,No,No,No,No,No,No,Yes,Yes,Yes,Yes,Yes,Yes,No,No,No,07,12,High,As reported,1
2023-2024,04,ARIZONA,AZ,Albert Einstein Academy of Arizona (1002310),01,,AZ-1002310,0409748,8250 E ROSE LN,,,SCOTTSDALE,AZ,85250,5849,8250 E ROSE LN,,,SCOTTSDALE,AZ,85250,5849,(602)721-6610,http://www.aeaz.org/,7,Future,7,Future,07/30/2024,7,Independent charter district,No,CHRTIDEAESEA,LEA for federal programs,Not reported,Not reported,Not reported,Not reported,Not reported,Not reported,Not reported,Not reported,Not reported,Not reported,Not reported,Not reported,Not reported,Not reported,Not reported,Not reported,Not reported,Not reported,M,M,Not reported,As reported,0
2023-2024,05,ARKANSAS,AR,DEWITT SCHOOL DISTRICT,01,,AR-0101000,0500001,422 W FIRST,,,DEWITT,AR,72042,,422 W FIRST,,,DEWITT,AR,72042,,(870)946-3576,http://dewittschooldistrict.net,1,Open,1,Open,07/31/2024,1,Regular public school district that is not a component of a supervisory union,No,NOTCHR,Not a charter district,No,No,Yes,Yes,Yes,Yes,Yes,Yes,Yes,Yes,Yes,Yes,Yes,Yes,Yes,No,No,No,KG,12,Other,As reported,3
2023-2024,05,ARKANSAS,AR,SAU-TECH CAREER CENTER,01,,AR-5222000,0500002,327 STEWART ST SW,,,CAMDEN,AR,71701,,327 STEWART ST SW,,,CAMDEN,AR,71701,,(870)836-9367,http://www.sautech.edu,1,Open,1,Open,07/31/2024,8,Other local education agency,No,NOTCHR,Not a charter district,No,No,No,No,No,No,No,No,No,No,No,Yes,Yes,Yes,Yes,No,No,No,09,12,High,As reported,1
2023-2024,05,ARKANSAS,AR,OZARKS UNLITD. RESOURCE COOP,01,,AR-0520000,0500005,P O BOX 610,,,VALLEY SPRINGS,AR,72682,,5823 RESOURCE DR,,,VALLEY SPRINGS,AR,72682,,(870)743-9100,http://www.oursc.k12.ar.us,1,Open,1,Open,07/31/2024,4,Service agency,No,NOTCHR,Not a charter district,Yes,No,No,No,No,No,No,No,No,No,No,No,No,No,No,No,No,No,N,N,Not applicable,As reported,0
2023-2024,05,ARKANSAS,AR,WARREN SCHOOL DISTRICT,01,,AR-0602000,0500006,P O BOX 1210,,,WARREN,AR,71671,,408 CHERRY,,,WARREN,AR,71671,,(870)226-6738,http://se.sesc.k12.ar.us/warren/,1,Open,1,Open,07/31/2024,1,Regular public school district that is not a component of a supervisory union,No,NOTCHR,Not a charter district,No,No,Yes,Yes,Yes,Yes,Yes,Yes,Yes,Yes,Yes,Yes,Yes,Yes,Yes,No,No,No,KG,12,Other,As reported,5
2023-2024,05,ARKANSAS,AR,DAWSON EDUCATION SERVICE COOP,01,,AR-1020000,0500008,711 CLINTON,,,ARKADELPHIA,AR,71923,,711 CLINTON,,,ARKADELPHIA,AR,71923,,(870)246-3077,http://www.dawson.dsc.k12.ar.us,1,Open,1,Open,07/31/2024,4,Service agency,No,NOTCHR,Not a charter district,Yes,No,No,No,No,No,No,No,No,No,No,No,No,No,No,No,No,No,N,N,Not applicable,As reported,0
2023-2024,05,ARKANSAS,AR,CORNING SCHOOL DISTRICT,01,,AR-1101000,0500009,P O BOX 479,,,CORNING,AR,72422,,479 BOBCAT LN,,,CORNING,AR,72422,,(870)857-6818,http://www.corningschools.k12.ar.us,1,Open,1,Open,07/31/2024,1,Regular public school district that is not a component of a supervisory union,No,NOTCHR,Not a charter district,No,No,Yes,Yes,Yes,Yes,Yes,Yes,Yes,Yes,Yes,Yes,Yes,Yes,Yes,No,No,No,KG,12,Other,As reported,3
2023-2024,05,ARKANSAS,AR,ARCH FORD EDUC. SERVICE COOP,01,,AR-1520000,0500011,101 BULLDOG DR,,,PLUMERVILLE,AR,72127,,101 BULLDOG DR,,,PLUMERVILLE,AR,72127,,(501)354-2269,http://www.afsc.k12.ar.us,1,Open,1,Open,07/31/2024,4,Service agency,No,NOTCHR,Not a charter district,Yes,No,No,No,No,No,No,No,No,No,No,No,No,No,No,No,No,No,N,N,Not applicable,As reported,0
2023-2024,05,ARKANSAS,AR,RIVERSIDE SCHOOL DISTRICT,01,,AR-1613000,0500012,P O BOX 178,,,LAKE CITY,AR,72437,,601 CATFISH DR,,,LAKE CITY,AR,72437,,(870)237-4329,http://riverside.crsc.k12.ar.us,1,Open,1,Open,07/31/2024,1,Regular public school district that is not a component of a supervisory union,No,NOTCHR,Not a charter district,No,No,Yes,Yes,Yes,Yes,Yes,Yes,Yes,Yes,Yes,Yes,Yes,Yes,Yes,No,No,No,KG,12,Other,As reported,3
2023-2024,05,ARKANSAS,AR,SOUTHEAST ARK. EDUC. COOP,01,,AR-2220000,0500013,1022 SCOGIN,,,MONTICELLO,AR,71655,,1022 SCOGIN DR,,,MONTICELLO,AR,71655,,(870)367-6848,http://se.sesc.k12.ar.us,1,Open,1,Open,07/31/2024,4,Service agency,No,NOTCHR,Not a charter district,Yes,No,No,No,No,No,No,No,No,No,No,No,No,No,No,No,No,No,N,N,Not applicable,As reported,0
2023-2024,05,ARKANSAS,AR,WESTERN ARKANSAS COOP,01,,AR-2420000,0500014,3010 E HWY 22,,,BRANCH,AR,72928,,3010 E HWY 22,,,BRANCH,AR,72928,,(479)965-2191,http://www.wsc.k12.ar.us,1,Open,1,Open,07/31/2024,4,Service agency,No,NOTCHR,Not a charter district,Yes,No,No,No,No,No,No,No,No,No,No,No,No,No,No,No,No,No,N,N,Not applicable,As reported,0
2023-2024,05,ARKANSAS,AR,SHERIDAN SCHOOL DISTRICT,01,,AR-2705000,0500015,400 N ROCK,,,SHERIDAN,AR,72150,,400 N ROCK,,,SHERIDAN,AR,72150,,(870)942-3135,http://www.sheridanschools.org,1,Open,1,Open,07/31/2024,1,Regular public school district that is not a component of a supervisory union,No,NOTCHR,Not a charter district,No,Yes,Yes,Yes,Yes,Yes,Yes,Yes,Yes,Yes,Yes,Yes,Yes,Yes,Yes,No,No,No,PK,12,Other,As reported,7
2023-2024,05,ARKANSAS,AR,MARMADUKE SCHOOL DISTRICT,01,,AR-2803000,0500016,1010 GREYHOUND DR,,,MARMADUKE,AR,72443,,1010 GREYHOUND DR,,,MARMADUKE,AR,72443,,(870)597-2723,http://marmaduke.nesc.k12.ar.us,1,Open,1,Open,07/31/2024,1,Regular public school district that is not a component of a supervisory union,No,NOTCHR,Not a charter district,No,No,Yes,Yes,Yes,Yes,Yes,Yes,Yes,Yes,Yes,Yes,Yes,Yes,Yes,No,No,No,KG,12,Other,As reported,2
2023-2024,05,ARKANSAS,AR,PARAGOULD SCHOOL DISTRICT,01,,AR-2808000,0500017,1501 W COURT ST,,,PARAGOULD,AR,72450,,1501 W COURT ST,,,PARAGOULD,AR,72450,,(870)239-2105,http://paragould.k12.ar.us,1,Open,1,Open,07/31/2024,1,Regular public school district that is not a component of a supervisory union,No,NOTCHR,Not a charter district,No,Yes,Yes,Yes,Yes,Yes,Yes,Yes,Yes,Yes,Yes,Yes,Yes,Yes,Yes,No,No,No,PK,12,Other,As reported,7
2023-2024,05,ARKANSAS,AR,SOUTHWEST ARK. COOP,01,,AR-2920000,0500018,2502 S Main Street,,,HOPE,AR,71801,,2502 S Main Street,,,HOPE,AR,71801,,(870)777-3076,http://etsp.k12.ar.us,1,Open,1,Open,07/31/2024,4,Service agency,No,NOTCHR,Not a charter district,Yes,No,No,No,No,No,No,No,No,No,No,No,No,No,No,No,No,No,N,N,Not applicable,As reported,0
2023-2024,05,ARKANSAS,AR,BATESVILLE SCHOOL DISTRICT,01,,AR-3201000,0500019,955 WATER ST,,,BATESVILLE,AR,72501,,955 WATER ST,,,BATESVILLE,AR,72501,,(870)793-6831,http://www.batesvilleschools.com,1,Open,1,Open,07/31/2024,1,Regular public school district that is not a component of a supervisory union,No,NOTCHR,Not a charter district,No,Yes,Yes,Yes,Yes,Yes,Yes,Yes,Yes,Yes,Yes,Yes,Yes,Yes,Yes,No,No,No,PK,12,Other,As reported,5
2023-2024,05,ARKANSAS,AR,MIDLAND SCHOOL DISTRICT,01,,AR-3211000,0500020,P O BOX 630,,,PLEASANT PLAINS,AR,72568,,7249 BATESVILLE BLVD,,,PLEASANT PLAINS,AR,72568,,(501)345-8844,http://midland.k12.ar.us,1,Open,1,Open,07/31/2024,1,Regular public school district that is not a component of a supervisory union,No,NOTCHR,Not a charter district,No,No,Yes,Yes,Yes,Yes,Yes,Yes,Yes,Yes,Yes,Yes,Yes,Yes,Yes,No,No,No,KG,12,Other,As reported,2
2023-2024,05,ARKANSAS,AR,IZARD COUNTY CONSOLIDATED SCHOOL DISTRICT,01,,AR-3306000,0500021,P O BOX 115,,,BROCKWELL,AR,72517,,5068 N AR 9,,,BROCKWELL,AR,72517,,(870)258-7700,http://www.icc.k12.ar.us,1,Open,1,Open,07/31/2024,1,Regular public school district that is not a component of a supervisory union,No,NOTCHR,Not a charter district,No,No,Yes,Yes,Yes,Yes,Yes,Yes,Yes,Yes,Yes,Yes,Yes,Yes,Yes,No,No,No,KG,12,Other,As reported,3
2023-2024,05,ARKANSAS,AR,NORTH CENTRAL ARK. EDUC COOP,01,,AR-3320000,0500022,P O BOX 739,,,MELBOURNE,AR,72556,,1013 HALEY ST,,,MELBOURNE,AR,72556,,(870)368-7955,http://naesc.k12.ar.us,1,Open,1,Open,07/31/2024,4,Service agency,No,NOTCHR,Not a charter district,Yes,No,No,No,No,No,No,No,No,No,No,No,No,No,No,No,No,No,N,N,Not applicable,As reported,0
2023-2024,05,ARKANSAS,AR,NEWPORT SCHOOL DISTRICT,01,,AR-3403000,0500023,406 WILKERSON DR,,,NEWPORT,AR,72112,,406 WILKERSON DR,,,NEWPORT,AR,72112,,(870)523-1312,http://greyhounds.k12.ar.us,1,Open,1,Open,07/31/2024,1,Regular public school district that is not a component of a supervisory union,No,NOTCHR,Not a charter district,No,Yes,Yes,Yes,Yes,Yes,Yes,Yes,Yes,Yes,Yes,Yes,Yes,Yes,Yes,No,No,No,PK,12,Other,As reported,2
2023-2024,05,ARKANSAS,AR,ARK. RIVER EDUC  SERVICE COOP,01,,AR-3520000,0500024,912 W SIXTH AVE,,,PINE BLUFF,AR,71601,,912 W SIXTH AVE,,,PINE BLUFF,AR,71601,,(870)534-6129,http://genie.arsc.k12.ar.us/,1,Open,1,Open,07/31/2024,4,Service agency,No,NOTCHR,Not a charter district,Yes,No,No,No,No,No,No,No,No,No,No,No,No,No,No,No,No,No,N,N,Not applicable,As reported,0
2023-2024,05,ARKANSAS,AR,ARKANSAS CORRECTIONAL SCHOOLS,01,,AR-3599000,0500025,8000 CORRECTION CIR,,,PINE BLUFF,AR,71603,,8000 CORRECTION CIR,,,PINE BLUFF,AR,71603,,(870)267-6725,http://www.arkcs.arkansas.gov,1,Open,1,Open,07/31/2024,5,State operated agency,No,NOTCHR,Not a charter district,No,No,No,No,No,No,No,No,No,No,No,Yes,Yes,Yes,Yes,No,No,No,09,12,High,As reported,0
2023-2024,05,ARKANSAS,AR,PINE BLUFF SCHOOL DISTRICT,01,,AR-3505000,0500026,512 S PINE ST,,,PINE BLUFF,AR,71601,,512 S PINE ST,,,PINE BLUFF,AR,71601,,(870)543-4200,http://www.pinebluffschools.k12.ar.us,1,Open,1,Open,07/31/2024,1,Regular public school district that is not a component of a supervisory union,No,NOTCHR,Not a charter district,No,Yes,Yes,Yes,Yes,Yes,Yes,Yes,Yes,Yes,Yes,Yes,Yes,Yes,Yes,No,No,No,PK,12,Other,As reported,7
2023-2024,05,ARKANSAS,AR,NORTHEAST ARK. EDUC. COOP,01,,AR-3820000,0500027,211 W HICKORY,,,WALNUT RIDGE,AR,72476,,211 W HICKORY,,,WALNUT RIDGE,AR,72476,,(870)886-7717,http://thor.nesc.k12.ar.us,1,Open,1,Open,07/31/2024,4,Service agency,No,NOTCHR,Not a charter district,Yes,No,No,No,No,No,No,No,No,No,No,No,No,No,No,No,No,No,N,N,Not applicable,As reported,0
2023-2024,05,ARKANSAS,AR,STAR CITY SCHOOL DISTRICT,01,,AR-4003000,0500028,206 CLEVELAND ST,,,STAR CITY,AR,71667,,206 CLEVELAND ST,,,STAR CITY,AR,71667,,(870)628-4237,http://www.starcityschools.com,1,Open,1,Open,07/31/2024,1,Regular public school district that is not a component of a supervisory union,No,NOTCHR,Not a charter district,No,No,Yes,Yes,Yes,Yes,Yes,Yes,Yes,Yes,Yes,Yes,Yes,Yes,Yes,No,Yes,No,KG,12,Other,As reported,3
2023-2024,05,ARKANSAS,AR,GOSNELL SCHOOL DISTRICT,01,,AR-4708000,0500029,600 HWY 181 N,,,GOSNELL,AR,72315,,600 HWY 181,,,GOSNELL,AR,72315,,(870)532-4000,http://pirates.crsc.k12.ar.us,1,Open,1,Open,07/31/2024,1,Regular public school district that is not a component of a supervisory union,No,NOTCHR,Not a charter district,No,No,Yes,Yes,Yes,Yes,Yes,Yes,Yes,Yes,Yes,Yes,Yes,Yes,Yes,No,No,No,KG,12,Other,As reported,2
2023-2024,05,ARKANSAS,AR,NEVADA SCHOOL DISTRICT,01,,AR-5008000,0500030,P O BOX 50,,,ROSSTON,AR,71858,,6580 US HWY 278,,,ROSSTON,AR,71858,,(870)871-2418,http://www.nevadaschooldistrict.net,1,Open,1,Open,07/31/2024,1,Regular public school district that is not a component of a supervisory union,No,NOTCHR,Not a charter district,No,No,Yes,Yes,Yes,Yes,Yes,Yes,Yes,Yes,Yes,Yes,Yes,Yes,Yes,No,No,No,KG,12,Other,As reported,2
2023-2024,05,ARKANSAS,AR,SOUTH CENTRAL SERVICE COOP,01,,AR-5220000,0500031,400 MAUL RD,,,CAMDEN,AR,71701,,400 MAUL RD,,,CAMDEN,AR,71701,,(870)836-2213,http://www.scsc.k12.ar.us,1,Open,1,Open,07/31/2024,4,Service agency,No,NOTCHR,Not a charter district,Yes,No,No,No,No,No,No,No,No,No,No,No,No,No,No,No,No,No,N,N,Not applicable,As reported,0
2023-2024,05,ARKANSAS,AR,BEARDEN SCHOOL DISTRICT,01,,AR-5201000,0500032,P O BOX 195,,,BEARDEN,AR,71720,,100 OAK AVE,,,BEARDEN,AR,71720,,(870)687-2236,http://bearden.k12.ar.us,1,Open,1,Open,07/31/2024,1,Regular public school district that is not a component of a supervisory union,No,NOTCHR,Not a charter district,No,No,Yes,Yes,Yes,Yes,Yes,Yes,Yes,Yes,Yes,Yes,Yes,Yes,Yes,No,No,No,KG,12,Other,As reported,2
2023-2024,05,ARKANSAS,AR,GREAT RIVERS EDUC. SERV. COOP,01,,AR-5420000,0500033,P O BOX 2837,,,WEST HELENA,AR,72390,,100 CAMPUS DR,,,HELENA,AR,72342,,(870)338-6461,http://grsc.k12.ar.us,1,Open,1,Open,07/31/2024,4,Service agency,No,NOTCHR,Not a charter district,Yes,No,No,No,No,No,No,No,No,No,No,No,No,No,No,No,No,No,N,N,Not applicable,As reported,0
2023-2024,05,ARKANSAS,AR,CROWLEY'S RIDGE EDUCATION COOP,01,,AR-5620000,0500034,1606 PINE GROVE LN,,,HARRISBURG,AR,72432,,1606 PINE GROVE LN,,,HARRISBURG,AR,72432,,(870)578-5426,http://www.crowleys.crsc.k12.ar.us,1,Open,1,Open,07/31/2024,4,Service agency,No,NOTCHR,Not a charter district,Yes,No,No,No,No,No,No,No,No,No,No,No,No,No,No,No,No,No,N,N,Not applicable,As reported,0
2023-2024,05,ARKANSAS,AR,ARK. SCHOOL FOR THE BLIND,01,,AR-6091000,0500035,2600 W MARKHAM ST,,,LITTLE ROCK,AR,72203,,2600 W MARKHAM ST,,,LITTLE ROCK,AR,72203,,(501)296-1810,http://arkansasschoolfortheblind.org,1,Open,1,Open,07/31/2024,5,State operated agency,No,NOTCHR,Not a charter district,No,No,Yes,Yes,Yes,Yes,Yes,Yes,Yes,Yes,Yes,Yes,Yes,Yes,Yes,No,No,No,KG,12,Other,As reported,2
2023-2024,05,ARKANSAS,AR,ARK. SCHOOL FOR THE DEAF,01,,AR-6092000,0500036,P O BOX 3811,,,LITTLE ROCK,AR,72203,,2400 W MARKHAM ST,,,LITTLE ROCK,AR,72205,,(501)324-9506,http://www.arkansas.gov/asd,1,Open,1,Open,07/31/2024,5,State operated agency,No,NOTCHR,Not a charter district,No,No,Yes,Yes,Yes,Yes,Yes,Yes,Yes,Yes,Yes,Yes,Yes,Yes,Yes,No,No,No,KG,12,Other,As reported,1
2023-2024,05,ARKANSAS,AR,DEQUEEN/MENA EDUC. COOP,01,,AR-6720000,0500037,P O BOX 110,,,GILLHAM,AR,71841,,305 S HORNBERG AVE,,,GILLHAM,AR,71841,,(870)386-2251,http://nexus.dmsc.k12.ar.us/,1,Open,1,Open,07/31/2024,4,Service agency,No,NOTCHR,Not a charter district,Yes,No,No,No,No,No,No,No,No,No,No,No,No,No,No,No,No,No,N,N,Not applicable,As reported,0
2023-2024,05,ARKANSAS,AR,NORTHWEST ARK. EDUCATION COOP,01,,AR-7221000,0500039,4 N DOUBLE SPRINGS RD,,,FARMINGTON,AR,72730,,4 N DOUBLE SPRINGS RD,,,FARMINGTON,AR,72730,,(479)267-7450,http://starfish.nwsc.k12.ar.us,1,Open,1,Open,07/31/2024,4,Service agency,No,NOTCHR,Not a charter district,Yes,No,No,No,No,No,No,No,No,No,No,No,No,No,No,No,No,No,N,N,Not applicable,As reported,0
2023-2024,05,ARKANSAS,AR,WILBUR D. MILLS EDUC. COOP,01,,AR-7320000,0500040,P O BOX 850,,,BEEBE,AR,72012,,210 N MAIN,,,BEEBE,AR,72012,,(501)882-5467,http://wdmweb.wmsc.k12.ar.us,1,Open,1,Open,07/31/2024,4,Service agency,No,NOTCHR,Not a charter district,Yes,No,No,No,No,No,No,No,No,No,No,No,No,No,No,No,No,No,N,N,Not applicable,As reported,0
2023-2024,05,ARKANSAS,AR,WESTERN YELL CO. SCHOOL DIST.,01,,AR-7509000,0500041,P O BOX 214,,,HAVANA,AR,72842,,1 WOLVERINE DR,,,HAVANA,AR,72842,,(479)476-4116,http://wolverines.k12.ar.us,1,Open,1,Open,07/31/2024,1,Regular public school district that is not a component of a supervisory union,No,NOTCHR,Not a charter district,No,No,Yes,Yes,Yes,Yes,Yes,Yes,Yes,Yes,Yes,Yes,Yes,Yes,Yes,No,No,No,KG,12,Other,As reported,2
2023-2024,05,ARKANSAS,AR,HAMBURG SCHOOL DISTRICT,01,,AR-0203000,0500042,202 E PARKER ST,,,HAMBURG,AR,71646,,202 E PARKER ST,,,HAMBURG,AR,71646,,(870)853-9851,http://hsdlions.org,1,Open,1,Open,07/31/2024,1,Regular public school district that is not a component of a supervisory union,No,NOTCHR,Not a charter district,No,Yes,Yes,Yes,Yes,Yes,Yes,Yes,Yes,Yes,Yes,Yes,Yes,Yes,Yes,No,No,No,PK,12,Other,As reported,5
2023-2024,05,ARKANSAS,AR,MOUNTAIN HOME SCHOOL DISTRICT,01,,AR-0303000,0500043,2465 RODEO DR,,,MOUNTAIN HOME,AR,72653,,2465 RODEO DR,,,MOUNTAIN HOME,AR,72653,,(870)425-1201,http://bombers.k12.ar.us,1,Open,1,Open,07/31/2024,1,Regular public school district that is not a component of a supervisory union,No,NOTCHR,Not a charter district,No,No,Yes,Yes,Yes,Yes,Yes,Yes,Yes,Yes,Yes,Yes,Yes,Yes,Yes,No,No,No,KG,12,Other,As reported,6
2023-2024,05,ARKANSAS,AR,MAGNOLIA SCHOOL DISTRICT,01,,AR-1402000,0500044,P O BOX 649,,,MAGNOLIA,AR,71754,,1400 HIGH SCHOOL DR,,,MAGNOLIA,AR,71753,,(870)234-4933,http://www.magnliaschools.net,1,Open,1,Open,07/31/2024,1,Regular public school district that is not a component of a supervisory union,No,NOTCHR,Not a charter district,No,Yes,Yes,Yes,Yes,Yes,Yes,Yes,Yes,Yes,Yes,Yes,Yes,Yes,Yes,No,No,No,PK,12,Other,As reported,5
2023-2024,05,ARKANSAS,AR,RIVERCREST SCHOOL DISTRICT,01,,AR-4706000,0500045,22 JEFFERSON,,,WILSON,AR,72395,,22 JEFFERSON,,,WILSON,AR,72395,,(870)655-8633,http://www.smccolts.com,1,Open,1,Open,07/31/2024,1,Regular public school district that is not a component of a supervisory union,No,NOTCHR,Not a charter district,No,Yes,Yes,Yes,Yes,Yes,Yes,Yes,Yes,Yes,Yes,Yes,Yes,Yes,Yes,No,No,No,PK,12,Other,As reported,3
2023-2024,05,ARKANSAS,AR,MANILA SCHOOL DISTRICT,01,,AR-4712000,0500046,P O BOX 670,,,MANILA,AR,72442,,419 E OLYMPIA ST,,,MANILA,AR,72442,,(870)561-4419,http://mps.crsc.k12.ar.us,1,Open,1,Open,07/31/2024,1,Regular public school district that is not a component of a supervisory union,No,NOTCHR,Not a charter district,No,Yes,Yes,Yes,Yes,Yes,Yes,Yes,Yes,Yes,Yes,Yes,Yes,Yes,Yes,No,No,No,PK,12,Other,As reported,2
2023-2024,05,ARKANSAS,AR,TRUMANN SCHOOL DISTRICT,01,,AR-5605000,0500047,221 PINE AVE,,,TRUMANN,AR,72472,,221 PINE AVE,,,TRUMANN,AR,72472,,(870)483-6444,http://wildcat.crsc.k12.ar.us,1,Open,1,Open,07/31/2024,1,Regular public school district that is not a component of a supervisory union,No,NOTCHR,Not a charter district,No,Yes,Yes,Yes,Yes,Yes,Yes,Yes,Yes,Yes,Yes,Yes,Yes,Yes,Yes,No,Yes,No,PK,12,Other,As reported,4
2023-2024,05,ARKANSAS,AR,EAST POINSETT CO. SCHOOL DIST.,01,,AR-5608000,0500048,502 MCCLELLAN ST,,,LEPANTO,AR,72354,,502 MCCLELLAN ST,,,LEPANTO,AR,72354,,(870)475-2472,http://epc.k12.ar.us,1,Open,1,Open,07/31/2024,1,Regular public school district that is not a component of a supervisory union,No,NOTCHR,Not a charter district,No,No,Yes,Yes,Yes,Yes,Yes,Yes,Yes,Yes,Yes,Yes,Yes,Yes,Yes,No,No,No,KG,12,Other,As reported,3
2023-2024,05,ARKANSAS,AR,DEQUEEN SCHOOL DISTRICT,01,,AR-6701000,0500049,P O BOX 950,,,DE QUEEN,AR,71832,,101 N NINTH ST,,,DE QUEEN,AR,71832,,(870)584-4312,http://dequeen.k12.ar.us,1,Open,1,Open,07/31/2024,1,Regular public school district that is not a component of a supervisory union,No,NOTCHR,Not a charter district,No,No,Yes,Yes,Yes,Yes,Yes,Yes,Yes,Yes,Yes,Yes,Yes,Yes,Yes,No,Yes,No,KG,12,Other,As reported,5
2023-2024,05,ARKANSAS,AR,PALESTINE-WHEATLEY SCH. DIST.,01,,AR-6205000,0500051,P O BOX 790,,,PALESTINE,AR,72372,,7950 HWY 70 W,,,PALESTINE,AR,72372,,(870)581-2646,http://www.pwsd.k12.ar.us,1,Open,1,Open,07/31/2024,1,Regular public school district that is not a component of a supervisory union,No,NOTCHR,Not a charter district,No,Yes,Yes,Yes,Yes,Yes,Yes,Yes,Yes,Yes,Yes,Yes,Yes,Yes,Yes,No,No,No,PK,12,Other,As reported,2
2023-2024,05,ARKANSAS,AR,SOUTH ARK CAREER CENTER,01,,AR-7022000,0500052,P O BOX 7010,,,EL DORADO,AR,71730,,3696 E MAIN RD,,,EL DORADO,AR,71730,,(870)864-7110,http://www.southark.edu/programs/career.htm,1,Open,1,Open,07/31/2024,8,Other local education agency,No,NOTCHR,Not a charter district,No,No,No,No,No,No,No,No,No,No,No,Yes,Yes,Yes,Yes,No,No,No,09,12,High,As reported,1
2023-2024,05,ARKANSAS,AR,WESTARK TECHNICAL CENTER,01,,AR-6622000,0500053,P O BOX 3649,,,FORT SMITH,AR,72913,,5210 GRAND AVE,,,FORT SMITH,AR,72913,,(479)788-7720,http://www.uafortsmith.edu/,1,Open,1,Open,07/31/2024,8,Other local education agency,No,NOTCHR,Not a charter district,No,No,No,No,No,No,No,No,No,No,No,Yes,Yes,Yes,Yes,No,No,No,09,12,High,As reported,1
2023-2024,05,ARKANSAS,AR,ASU THREE RIVERS CAREER CENTER,01,,AR-3022000,0500054,P O BOX 816,,,MALVERN,AR,72104,,1 COLLEGE CIR,,,MALVERN,AR,72104,,(501)332-3658,http://asutr.edu/,1,Open,1,Open,07/31/2024,8,Other local education agency,No,NOTCHR,Not a charter district,No,No,No,No,No,No,No,No,No,No,No,Yes,Yes,Yes,Yes,No,No,No,09,12,High,As reported,1
2023-2024,05,ARKANSAS,AR,ARKANSAS ARTS ACADEMY,01,,AR-0440700,0500055,8 HALSTED CIR STE 5,,,ROGERS,AR,72756,,8 HALSTED CIR STE 5,,,ROGERS,AR,72756,,(479)636-2272,http://www.bcsa.k12.ar.us,1,Open,1,Open,07/31/2024,7,Independent charter district,No,CHRTIDEAESEA,LEA for federal programs,No,No,Yes,Yes,Yes,Yes,Yes,Yes,Yes,Yes,Yes,Yes,Yes,Yes,Yes,No,No,No,KG,12,Other,As reported,2
2023-2024,05,ARKANSAS,AR,ASU BEEBE REGIONAL CAREER CENTER - SEARCY,01,,AR-7322000,0500056,P O BOX 909,,,SEARCY,AR,72145,,1800 E MOORE,,,SEARCY,AR,72145,,(501)724-3614,http://www.foothills.tec.ar.us,1,Open,1,Open,07/31/2024,8,Other local education agency,No,NOTCHR,Not a charter district,No,No,No,No,No,No,No,No,No,No,No,Yes,Yes,Yes,Yes,No,No,No,09,12,High,As reported,1
2023-2024,05,ARKANSAS,AR,NATIONAL PARK TECHNOLOGY CENTER,01,,AR-2622000,0500057,P O BOX 3950,,,HOT SPRINGS,AR,71914,,101 COLLEGE DR,,,HOT SPRINGS,AR,71913,,(501)767-9314,http://www.npcc.edu,1,Open,1,Open,07/31/2024,8,Other local education agency,No,NOTCHR,Not a charter district,No,No,No,No,No,No,No,No,No,No,No,Yes,Yes,Yes,Yes,No,No,No,09,12,High,As reported,1
2023-2024,05,ARKANSAS,AR,UA-PTC TECHNICAL CENTER,01,,AR-6322000,0500058,16936 Interstate 30 North,,,Benton,AR,72019,,16936 Interstate 30 North,,,Benton,AR,72019,,(501)812-2200,http://uaptc.edu/,1,Open,1,Open,07/31/2024,8,Other local education agency,No,NOTCHR,Not a charter district,No,No,No,No,No,No,No,No,No,No,No,Yes,Yes,Yes,Yes,No,No,No,09,12,High,As reported,1
2023-2024,05,ARKANSAS,AR,ACADEMICS PLUS PUBLIC CHARTER SCHOOLS,01,,AR-6040700,0500059,900 EDGEWOOD DR,,,MAUMELLE,AR,72113,,900 EDGEWOOD DR,,,MAUMELLE,AR,72113,,(501)851-3333,http://www.academicsplus.us/news.php,1,Open,1,Open,07/31/2024,7,Independent charter district,No,CHRTIDEAESEA,LEA for federal programs,No,No,Yes,Yes,Yes,Yes,Yes,Yes,Yes,Yes,Yes,Yes,Yes,Yes,Yes,No,No,No,KG,12,Other,As reported,4
2023-2024,05,ARKANSAS,AR,NORTH ARKANSAS COLLEGE SECONDARY CENTER,01,,AR-0522000,0500060,1515 PIONEER DR,,,HARRISON,AR,72675,,1515 PIONEER DR,,,HARRISON,AR,72601,,(870)391-3513,http://www.northark.cc.ar.us,1,Open,1,Open,07/31/2024,8,Other local education agency,No,NOTCHR,Not a charter district,No,No,No,No,No,No,No,No,No,No,No,Yes,Yes,Yes,Yes,No,No,No,09,12,High,As reported,1
2023-2024,05,ARKANSAS,AR,IMBODEN CHARTER SCHOOL DISTRICT,01,,AR-3840700,0500061,P O BOX 297,,,IMBODEN,AR,72434,,605 W 3RD ST,,,IMBODEN,AR,72434,,(870)869-3015,http://www.imbodencharter.com,1,Open,1,Open,07/31/2024,7,Independent charter district,No,CHRTIDEAESEA,LEA for federal programs,No,No,Yes,Yes,Yes,Yes,Yes,Yes,Yes,Yes,Yes,No,No,No,No,No,No,No,KG,08,Elementary,As reported,1
2023-2024,05,ARKANSAS,AR,KIPP DELTA PUBLIC SCHOOLS,01,,AR-5440700,0500062,415 OHIO ST,,,HELENA,AR,72342,,415 OHIO ST,,,HELENA,AR,72342,,(870)753-9444,http://www.deltacollegeprep.org,1,Open,1,Open,07/31/2024,7,Independent charter district,No,CHRTIDEAESEA,LEA for federal programs,No,Yes,Yes,Yes,Yes,Yes,Yes,Yes,Yes,Yes,Yes,Yes,Yes,Yes,Yes,No,No,No,PK,12,Other,As reported,5
2023-2024,05,ARKANSAS,AR,LAFAYETTE COUNTY SCHOOL DISTRICT,01,,AR-3704000,0500065,P O BOX 950,,,LEWISVILLE,AR,71845,,712 CHESTNUT ST,,,LEWISVILLE,AR,71845,,(870)921-5500,http://lafayette.k12.ar.us/,1,Open,1,Open,07/31/2024,1,Regular public school district that is not a component of a supervisory union,No,NOTCHR,Not a charter district,No,No,Yes,Yes,Yes,Yes,Yes,Yes,Yes,Yes,Yes,Yes,Yes,Yes,Yes,No,No,No,KG,12,Other,As reported,2
2023-2024,05,ARKANSAS,AR,PHILLIPS COMMUNITY COLLEGE CAREER & TECHNICAL CENTER,01,,AR-0122000,0500066,2807 HWY 165 S,,,STUTTGART,AR,72160,,2807 HWY 165 S,,,STUTTGART,AR,72160,,(870)673-4201,http://www.pccua.edu,1,Open,1,Open,07/31/2024,8,Other local education agency,No,NOTCHR,Not a charter district,No,No,No,No,No,No,No,No,No,No,No,Yes,Yes,Yes,Yes,No,No,No,09,12,High,As reported,1
2023-2024,05,ARKANSAS,AR,CLEVELAND COUNTY SCHOOL DISTRICT,01,,AR-1305000,0500067,P O BOX 600,,,RISON,AR,71665,,700 MAIN ST,,,RISON,AR,71665,,(870)325-6344,http://rison.k12.ar.us,1,Open,1,Open,07/31/2024,1,Regular public school district that is not a component of a supervisory union,No,NOTCHR,Not a charter district,No,No,Yes,Yes,Yes,Yes,Yes,Yes,Yes,Yes,Yes,Yes,Yes,Yes,Yes,No,No,No,KG,12,Other,As reported,2
2023-2024,05,ARKANSAS,AR,EMERSON-TAYLOR-BRADLEY SCHOOL DISTRICT,01,,AR-1408000,0500068,P O BOX 129,,,EMERSON,AR,71740,,508 W MAIN,,,Emerson,AR,71740,,(870)547-2218,http://emersontaylor.k12.ar.us,1,Open,1,Open,07/31/2024,1,Regular public school district that is not a component of a supervisory union,No,NOTCHR,Not a charter district,No,No,Yes,Yes,Yes,Yes,Yes,Yes,Yes,Yes,Yes,Yes,Yes,Yes,Yes,No,No,No,KG,12,Other,As reported,6
2023-2024,05,ARKANSAS,AR,CEDAR RIDGE SCHOOL DISTRICT,01,,AR-3212000,0500070,1502 N HILL ST,,,NEWARK,AR,72562,,1502 N HILL ST,,,NEWARK,AR,72562,,(870)799-8691,http://www.crsd.k12.ar.us,1,Open,1,Open,07/31/2024,1,Regular public school district that is not a component of a supervisory union,No,NOTCHR,Not a charter district,No,No,Yes,Yes,Yes,Yes,Yes,Yes,Yes,Yes,Yes,Yes,Yes,Yes,Yes,No,No,No,KG,12,Other,As reported,2
2023-2024,05,ARKANSAS,AR,HILLCREST SCHOOL DISTRICT,01,,AR-3809000,0500071,P O BOX 50,,,STRAWBERRY,AR,72469,,146 S MAIN ST,,,STRAWBERRY,AR,72469,,(870)528-3856,http://hillcrest.k12.ar.us,1,Open,1,Open,07/31/2024,1,Regular public school district that is not a component of a supervisory union,No,NOTCHR,Not a charter district,No,No,Yes,Yes,Yes,Yes,Yes,Yes,Yes,Yes,Yes,Yes,Yes,Yes,Yes,No,No,No,KG,12,Other,As reported,2
2023-2024,05,ARKANSAS,AR,DEER/MT. JUDEA SCHOOL DISTRICT,01,,AR-5106000,0500072,P O BOX 56,,,DEER,AR,72628,,HWY 61 PARKER RIDGE RD,,,DEER,AR,72628,,(870)428-5433,http://deermtjudea.k12.ar.us,1,Open,1,Open,07/31/2024,1,Regular public school district that is not a component of a supervisory union,No,NOTCHR,Not a charter district,No,No,Yes,Yes,Yes,Yes,Yes,Yes,Yes,Yes,Yes,Yes,Yes,Yes,Yes,No,No,No,KG,12,Other,As reported,2
2023-2024,05,ARKANSAS,AR,OUACHITA RIVER SCHOOL DISTRICT,01,,AR-5706000,0500073,143 POLK RD 96,,,MENA,AR,71953,,143 POLK RD 96,,,MENA,AR,71953,,(479)394-2348,http://acorn.dmsc.k12.ar.us/,1,Open,1,Open,07/31/2024,1,Regular public school district that is not a component of a supervisory union,No,NOTCHR,Not a charter district,No,Yes,Yes,Yes,Yes,Yes,Yes,Yes,Yes,Yes,Yes,Yes,Yes,Yes,Yes,No,No,No,PK,12,Other,As reported,3
2023-2024,05,ARKANSAS,AR,LISA ACADEMY,01,,AR-6041700,0500074,21 CORPORATE HILL DR,,,LITTLE ROCK,AR,72205,,21 CORPORATE HILL DR,,,Little Rock,AR,72205,,(501)227-4942,http://www.lisaacademy.org,1,Open,1,Open,07/31/2024,7,Independent charter district,No,CHRTIDEAESEA,LEA for federal programs,No,No,Yes,Yes,Yes,Yes,Yes,Yes,Yes,Yes,Yes,Yes,Yes,Yes,Yes,No,No,No,KG,12,Other,As reported,11
