LEAID,NAME,OPSTFIPS,STREET,CITY,STATE,ZIP,STFIP,CNTY,NMCNTY,LAT,LON,CBSA,NMCBSA,CBSATYPE,CSA,NMCSA,CD,SLDL,SLDU,SCHOOLYEAR,LOCALE,PCT_CITY11,PCT_CITY12,PCT_CITY13,PCT_SUB21,PCT_SUB22,PCT_SUB23,PCT_TOWN31,PCT_TOWN32,PCT_TOWN33,PCT_RURAL41,PCT_RURAL42,PCT_RURAL43
100002,Alabama Youth Services,1,1000 Industrial School Road,Mt Meigs,AL,36057,1,1101,Montgomery County,32.376397000000004,-86.084642,33860,"Montgomery, AL",1,388,"Montgomery-Selma, AL",102,01075,01025,2024-2025,41,-2.0,-2.0,-2.0,-2.0,-2.0,-2.0,-2.0,-2.0,-2.0,-2.0,-2.0,-2.0
100005,Albertville City,1,8379 US Highway 431,Albertville,AL,35950,1,1095,Marshall County,34.282186,-86.22362700000001,10700,"Albertville, AL",2,290,"Huntsville-Decatur-Albertville, AL-TN",104,01026,01009,2024-2025,32,0.0,0.0,0.0,0.0,0.0,0.0,0.0,100.0,0.0,0.0,0.0,0.0
100006,Marshall County,1,12380 US Highway 431 S,Guntersville,AL,35976,1,1095,Marshall County,34.30577,-86.286958,10700,"Albertville, AL",2,290,"Huntsville-Decatur-Albertville, AL-TN",104,01026,01009,2024-2025,42,0.0,0.0,0.0,0.0,0.0,0.0,0.0,0.03,0.0,5.51,94.46,0.0
100007,Hoover City,1,2810 Metropolitan Way,Hoover,AL,35243,1,1073,Jefferson County,33.407169,-86.766082,13820,"Birmingham, AL",1,142,"Birmingham-Cullman-Talladega, AL",106,01047,01016,2024-2025,21,0.0,0.0,0.0,100.0,0.0,0.0,0.0,0.0,0.0,0.0,0.0,0.0
100008,Madison City,1,211 Celtic Drive,Madison,AL,35758,1,1089,Madison County,34.686721,-86.74574100000001,26620,"Huntsville, AL",1,290,"Huntsville-Decatur-Albertville, AL-TN",105,01004,01002,2024-2025,21,0.0,0.0,0.0,100.0,0.0,0.0,0.0,0.0,0.0,0.0,0.0,0.0
100009,Al Inst Deaf And Blind,1,205 E South Street,Talladega,AL,35160,1,1121,Talladega County,33.431960000000004,-86.098534,45180,"Talladega-Sylacauga, AL",2,142,"Birmingham-Cullman-Talladega, AL",103,01035,01011,2024-2025,32,0.0,20.0,0.0,0.0,0.0,0.0,0.0,80.0,0.0,0.0,0.0,0.0
100010,Al Sch Of Math And Science,1,1255 Dauphin Street,Mobile,AL,36604,1,1097,Mobile County,30.686571,-88.065476,33660,"Mobile, AL",1,380,"Mobile-Daphne-Fairhope, AL",102,01097,01033,2024-2025,12,-2.0,-2.0,-2.0,-2.0,-2.0,-2.0,-2.0,-2.0,-2.0,-2.0,-2.0,-2.0
100011,Leeds City,1,1517 Hurst Avenue,Leeds,AL,35094,1,1073,Jefferson County,33.549781,-86.535914,13820,"Birmingham, AL",1,142,"Birmingham-Cullman-Talladega, AL",106,01045,01015,2024-2025,21,0.0,0.0,0.0,100.0,0.0,0.0,0.0,0.0,0.0,0.0,0.0,0.0
100012,Boaz City,1,126 Newt Parker Dr,Boaz,AL,35957,1,1095,Marshall County,34.213187,-86.160456,10700,"Albertville, AL",2,290,"Huntsville-Decatur-Albertville, AL-TN",104,01026,01009,2024-2025,32,0.0,0.0,0.0,0.0,0.0,0.0,0.0,100.0,0.0,0.0,0.0,0.0
100013,Trussville City,1,476 Main Street,Trussville,AL,35173,1,1073,Jefferson County,33.616974,-86.619249,13820,"Birmingham, AL",1,142,"Birmingham-Cullman-Talladega, AL",106,01044,01017,2024-2025,21,0.0,0.0,0.0,68.61,0.0,0.0,0.0,0.0,0.0,31.39,0.0,0.0
100018,Alabama School of Fine Arts,1,1800 Rev Abraham Woods Jr Blvd,Birmingham,AL,35203,1,1073,Jefferson County,33.520933,-86.81293600000001,13820,"Birmingham, AL",1,142,"Birmingham-Cullman-Talladega, AL",107,01054,01018,2024-2025,12,-2.0,-2.0,-2.0,-2.0,-2.0,-2.0,-2.0,-2.0,-2.0,-2.0,-2.0,-2.0
100030,Alexander City,1,375 Lee Street,Alexander City,AL,35010,1,1123,Tallapoosa County,32.940361,-85.957909,10760,"Alexander City, AL",2,194,"Columbus-Auburn-Opelika, GA-AL",103,01081,01030,2024-2025,32,0.0,0.0,0.0,0.0,0.0,0.0,0.0,85.4,0.0,14.6,0.0,0.0
100060,Andalusia City,1,1201 C C Baker Avenue,Andalusia,AL,36421,1,1039,Covington County,31.327923000000002,-86.482833,N,N,0,N,N,101,01092,01031,2024-2025,41,0.0,0.0,0.0,0.0,0.0,0.0,0.0,0.0,40.65,59.35,0.0,0.0
100090,Anniston City,1,4804 McClellan Boulevard,Anniston,AL,36206,1,1015,Calhoun County,33.708165,-85.822863,11500,"Anniston-Oxford, AL",1,N,N,103,01032,01012,2024-2025,13,0.0,0.0,100.0,0.0,0.0,0.0,0.0,0.0,0.0,0.0,0.0,0.0
100100,Arab City,1,750 Arabian Dr NE,Arab,AL,35016,1,1095,Marshall County,34.312835,-86.495242,10700,"Albertville, AL",2,290,"Huntsville-Decatur-Albertville, AL-TN",104,01027,01009,2024-2025,32,0.0,0.0,0.0,0.0,0.0,0.0,0.0,100.0,0.0,0.0,0.0,0.0
100120,Athens City,1,455 US Highway 31 North,Athens,AL,35611,1,1083,Limestone County,34.809200000000004,-86.949816,26620,"Huntsville, AL",1,290,"Huntsville-Decatur-Albertville, AL-TN",105,01005,01006,2024-2025,31,0.0,0.0,0.0,0.0,0.0,0.0,100.0,0.0,0.0,0.0,0.0,0.0
100176,JF Ingram State Technical College,1,5375 Ingram Rd,Deatsville,AL,36022,1,1051,Elmore County,32.582667,-86.391816,33860,"Montgomery, AL",1,388,"Montgomery-Selma, AL",106,01031,01030,2024-2025,41,0.0,0.0,0.0,12.5,0.0,0.0,12.5,0.0,0.0,62.5,12.5,0.0
100180,Attalla City,1,101 Case Avenue SE,Attalla,AL,35954,1,1055,Etowah County,33.998996,-86.108597,23460,"Gadsden, AL",1,N,N,103,01028,01010,2024-2025,23,0.0,0.0,0.0,0.0,0.0,100.0,0.0,0.0,0.0,0.0,0.0,0.0
100185,Saraland City,1,4010 Lil Spartan Drive,Saraland,AL,36571,1,1097,Mobile County,30.862118000000002,-88.126675,33660,"Mobile, AL",1,380,"Mobile-Daphne-Fairhope, AL",101,01098,01034,2024-2025,21,0.0,0.0,0.0,84.15,0.0,0.0,0.0,0.0,0.0,15.85,0.0,0.0
100188,Chickasaw City,1,201 N Craft HWY,Chickasaw,AL,36611,1,1097,Mobile County,30.763732,-88.075055,33660,"Mobile, AL",1,380,"Mobile-Daphne-Fairhope, AL",102,01097,01022,2024-2025,21,0.0,0.0,0.0,100.0,0.0,0.0,0.0,0.0,0.0,0.0,0.0,0.0
100189,Satsuma City,1,220 Baker Road,Satsuma,AL,36572,1,1097,Mobile County,30.849239,-88.06779900000001,33660,"Mobile, AL",1,380,"Mobile-Daphne-Fairhope, AL",101,01098,01022,2024-2025,21,0.0,0.0,0.0,100.0,0.0,0.0,0.0,0.0,0.0,0.0,0.0,0.0
100190,Alabaster City,1,10111 Highway 119,Alabaster,AL,35007,1,1117,Shelby County,33.226138,-86.824059,13820,"Birmingham, AL",1,142,"Birmingham-Cullman-Talladega, AL",106,01073,01014,2024-2025,21,0.0,0.0,0.0,100.0,0.0,0.0,0.0,0.0,0.0,0.0,0.0,0.0
100194,Pelham City,1,3160 Pelham Parkway,Pelham,AL,35124,1,1117,Shelby County,33.287785,-86.811329,13820,"Birmingham, AL",1,142,"Birmingham-Cullman-Talladega, AL",106,01073,01014,2024-2025,21,0.0,0.0,0.0,100.0,0.0,0.0,0.0,0.0,0.0,0.0,0.0,0.0
100195,Pike Road City,1,9045 Vaughn Road,Montgomery,AL,36117,1,1101,Montgomery County,32.367124000000004,-86.12607200000001,33860,"Montgomery, AL",1,388,"Montgomery-Selma, AL",102,01075,01025,2024-2025,41,0.0,0.0,0.0,45.43,0.0,0.0,0.0,0.0,0.0,54.57,0.0,0.0
100197,MAEF Public Charter Schools,1,3725 AIRPORT BLVD,MOBILE,AL,36608,1,1097,Mobile County,30.672421,-88.13860700000001,33660,"Mobile, AL",1,380,"Mobile-Daphne-Fairhope, AL",102,01103,01034,2024-2025,12,0.0,100.0,0.0,0.0,0.0,0.0,0.0,0.0,0.0,0.0,0.0,0.0
100199,University Charter School,1,134 University Drive,Livingston,AL,35470,1,1119,Sumter County,32.601648000000004,-88.186266,N,N,0,N,N,107,01071,01024,2024-2025,43,0.0,0.0,0.0,0.0,0.0,0.0,0.0,0.0,0.0,0.0,0.0,100.0
100201,Legacy Prep,1,1500 Daniel Payne Drive,Birmingham,AL,35214,1,1073,Jefferson County,33.553991,-86.872386,13820,"Birmingham, AL",1,142,"Birmingham-Cullman-Talladega, AL",107,01060,01020,2024-2025,12,0.0,100.0,0.0,0.0,0.0,0.0,0.0,0.0,0.0,0.0,0.0,0.0
100202,Gulf Shores City,1,300 East 16th Ave,Gulf Shores,AL,36542,1,1003,Baldwin County,30.269665,-87.682647,19300,"Daphne-Fairhope-Foley, AL",1,380,"Mobile-Daphne-Fairhope, AL",101,01095,01032,2024-2025,41,0.0,0.0,0.0,0.0,0.0,0.0,0.0,0.0,0.0,100.0,0.0,0.0
100203,LEAD Academy,1,2897 Eastern Blvd,Montgomery,AL,36116,1,1101,Montgomery County,32.341405,-86.223619,33860,"Montgomery, AL",1,388,"Montgomery-Selma, AL",102,01076,01026,2024-2025,12,0.0,100.0,0.0,0.0,0.0,0.0,0.0,0.0,0.0,0.0,0.0,0.0
100204,i3 Academy,1,1 55th Place South,Birmingham,AL,35212,1,1073,Jefferson County,33.540173,-86.751554,13820,"Birmingham, AL",1,142,"Birmingham-Cullman-Talladega, AL",107,01054,01018,2024-2025,12,0.0,100.0,0.0,0.0,0.0,0.0,0.0,0.0,0.0,0.0,0.0,0.0
100207,LIFE Academy,1,2048 West Fairview Avenue,Montgomery,AL,36108,1,1101,Montgomery County,32.352192,-86.328259,33860,"Montgomery, AL",1,388,"Montgomery-Selma, AL",102,01077,01026,2024-2025,12,0.0,100.0,0.0,0.0,0.0,0.0,0.0,0.0,0.0,0.0,0.0,0.0
100208,Breakthrough Charter School,1,1820 Prier Drive,Marion,AL,35756,1,1105,Perry County,32.607571,-87.335131,N,N,0,N,N,107,01067,01023,2024-2025,43,0.0,0.0,0.0,0.0,0.0,0.0,0.0,0.0,0.0,0.0,0.0,100.0
100210,Auburn City,1,855 E Samford Ave,Auburn,AL,36830,1,1081,Lee County,32.599209,-85.464096,12220,"Auburn-Opelika, AL",1,194,"Columbus-Auburn-Opelika, GA-AL",103,01079,01027,2024-2025,13,0.0,0.0,90.82,0.0,0.0,0.0,0.0,0.0,0.0,9.18,0.0,0.0
100211,Magic City Acceptance Academy,1,75 Bagby Drive,Homewood,AL,35209,1,1073,Jefferson County,33.470676000000005,-86.829899,13820,"Birmingham, AL",1,142,"Birmingham-Cullman-Talladega, AL",107,01052,01018,2024-2025,21,0.0,0.0,0.0,100.0,0.0,0.0,0.0,0.0,0.0,0.0,0.0,0.0
100212,Alabama School of Cyber Technology and Engineering,1,229 Wynn Drive NW,Huntsville,AL,35805,1,1089,Madison County,34.725714,-86.655826,26620,"Huntsville, AL",1,290,"Huntsville-Decatur-Albertville, AL-TN",105,01053,01002,2024-2025,12,-2.0,-2.0,-2.0,-2.0,-2.0,-2.0,-2.0,-2.0,-2.0,-2.0,-2.0,-2.0
100213,Alabama Aerospace and Aviation,1,1414 2nd Avenue North,Bessemer,AL,35020,1,1073,Jefferson County,33.397344000000004,-86.956911,13820,"Birmingham, AL",1,142,"Birmingham-Cullman-Talladega, AL",107,01056,01019,2024-2025,21,0.0,0.0,0.0,100.0,0.0,0.0,0.0,0.0,0.0,0.0,0.0,0.0
100240,Autauga County,1,153 W 4th St,Prattville,AL,36067,1,1001,Autauga County,32.462807,-86.474304,33860,"Montgomery, AL",1,388,"Montgomery-Selma, AL",106,01069,01030,2024-2025,42,0.0,0.0,0.0,47.33,0.0,0.0,0.0,0.0,0.0,20.75,31.92,0.0
100270,Baldwin County,1,2600 North Hand Ave,Bay Minette,AL,36507,1,1003,Baldwin County,30.912515000000003,-87.787491,19300,"Daphne-Fairhope-Foley, AL",1,380,"Mobile-Daphne-Fairhope, AL",101,01065,01022,2024-2025,13,0.0,0.0,28.23,0.0,0.0,8.86,26.64,5.49,0.0,26.09,4.69,0.0
100300,Barbour County,1,168 Western Bypass,Clayton,AL,36016,1,1005,Barbour County,31.881958,-85.46116500000001,21640,"Eufaula, AL-GA",2,N,N,102,01084,01028,2024-2025,43,0.0,0.0,0.0,0.0,0.0,0.0,0.0,0.0,0.0,0.0,0.0,100.0
100330,Bessemer City,1,1621 5th Ave N,Bessemer,AL,35020,1,1073,Jefferson County,33.401041,-86.957423,13820,"Birmingham, AL",1,142,"Birmingham-Cullman-Talladega, AL",107,01056,01019,2024-2025,21,0.0,0.0,0.0,100.0,0.0,0.0,0.0,0.0,0.0,0.0,0.0,0.0
100360,Bibb County,1,721 Walnut Street,Centreville,AL,35042,1,1007,Bibb County,32.9455,-87.143074,13820,"Birmingham, AL",1,142,"Birmingham-Cullman-Talladega, AL",106,01072,01014,2024-2025,42,0.0,0.0,0.0,0.0,0.0,0.0,0.0,0.0,0.0,0.0,100.0,0.0
100390,Birmingham City,1,2015 Park Place North,Birmingham,AL,35203,1,1073,Jefferson County,33.519899,-86.808778,13820,"Birmingham, AL",1,142,"Birmingham-Cullman-Talladega, AL",107,01054,01018,2024-2025,12,0.0,100.0,0.0,0.0,0.0,0.0,0.0,0.0,0.0,0.0,0.0,0.0
100420,Blount County,1,415 5th Avenue East,Oneonta,AL,35121,1,1009,Blount County,33.949577,-86.475111,13820,"Birmingham, AL",1,142,"Birmingham-Cullman-Talladega, AL",104,01034,01017,2024-2025,42,0.0,0.0,0.0,0.0,0.0,0.0,0.0,0.01,0.0,0.0,99.99,0.0
100450,Brewton City,1,811 Belleville Ave,Brewton,AL,36426,1,1053,Escambia County,31.118078,-87.073117,N,N,0,N,N,101,01066,01022,2024-2025,32,0.0,0.0,0.0,0.0,0.0,0.0,0.0,72.69,0.0,27.31,0.0,0.0
100480,Bullock County,1,108 Hardaway Avenue,Union Springs,AL,36089,1,1011,Bullock County,32.144752000000004,-85.716937,N,N,0,N,N,102,01084,01028,2024-2025,42,0.0,0.0,0.0,0.0,0.0,0.0,0.0,0.0,0.0,0.0,100.0,0.0
100510,Butler County,1,211 School Highlands Road,Greenville,AL,36037,1,1013,Butler County,31.815031,-86.626547,N,N,0,N,N,102,01090,01023,2024-2025,32,0.0,0.0,0.0,0.0,0.0,0.0,0.0,68.0,0.0,0.0,0.0,32.0
100540,Calhoun County,1,4400 McClellan Blvd,Anniston,AL,36206,1,1015,Calhoun County,33.697485,-85.824338,11500,"Anniston-Oxford, AL",1,N,N,103,01032,01012,2024-2025,41,0.0,0.0,0.0,0.0,0.0,40.97,0.0,0.0,0.0,36.78,22.25,0.0
100600,Chambers County,1,1298  AVC Drive,Lafayette,AL,36862,1,1017,Chambers County,32.890345,-85.382695,29300,"LaGrange, GA-AL",2,122,"Atlanta--Athens-Clarke County--Sandy Springs, GA-AL",103,01037,01013,2024-2025,32,0.0,0.0,0.0,0.0,0.0,0.0,0.0,79.31,0.0,0.0,20.69,0.0
100630,Cherokee County,1,130 E Main St,Centre,AL,35960,1,1019,Cherokee County,34.151676,-85.678793,N,N,0,N,N,103,01039,01010,2024-2025,42,0.0,0.0,0.0,0.0,0.0,0.0,0.0,0.0,0.0,0.0,100.0,0.0
100660,Chilton County,1,1705 Lay Dam Rd,Clanton,AL,35045,1,1021,Chilton County,32.868878,-86.622212,13820,"Birmingham, AL",1,142,"Birmingham-Cullman-Talladega, AL",106,01042,01014,2024-2025,42,0.0,0.0,0.0,0.0,0.0,0.0,0.0,35.43,0.0,0.01,64.56,0.0
100690,Choctaw County,1,107 Tom Orr Dr,Butler,AL,36904,1,1023,Choctaw County,32.084838,-88.2326,N,N,0,N,N,107,01065,01024,2024-2025,43,0.0,0.0,0.0,0.0,0.0,0.0,0.0,0.0,0.0,0.0,0.0,100.0
100720,Clarke County,1,155 W Cobb St,Grove Hill,AL,36451,1,1025,Clarke County,31.709669,-87.780118,N,N,0,N,N,107,01065,01023,2024-2025,43,0.0,0.0,0.0,0.0,0.0,0.0,0.0,0.0,0.0,0.0,0.0,100.0
100750,Clay County,1,62 Court Square,Ashland,AL,36251,1,1027,Clay County,33.257532000000005,-85.844193,N,N,0,N,N,103,01035,01013,2024-2025,42,0.0,0.0,0.0,0.0,0.0,0.0,0.0,0.0,0.0,0.0,100.0,0.0
100780,Cleburne County,1,141 Davenport Drive,Heflin,AL,36264,1,1029,Cleburne County,33.677552,-85.55264600000001,N,N,0,N,N,103,01040,01013,2024-2025,42,0.0,0.0,0.0,0.0,0.0,0.0,0.0,0.0,0.0,0.0,100.0,0.0
100810,Coffee County,1,400 Reddoch Hill Rd,Elba,AL,36323,1,1031,Coffee County,31.410122,-86.056394,21460,"Enterprise, AL",2,222,"Dothan-Enterprise-Ozark, AL",101,01091,01031,2024-2025,42,0.0,0.0,0.0,0.0,0.0,0.0,0.0,0.0,0.0,0.0,69.96,30.04
100840,Colbert County,1,425 Highway 72 West,Tuscumbia,AL,35674,1,1033,Colbert County,34.714351,-87.702389,22520,"Florence-Muscle Shoals, AL",1,250,"Florence-Muscle Shoals-Russellville, AL",104,01003,01006,2024-2025,41,0.0,0.0,0.0,0.0,0.0,0.0,0.0,0.0,0.0,67.86,32.14,0.0
100870,Conecuh County,1,1455 Ted Bates Road,Evergreen,AL,36401,1,1035,Conecuh County,31.455421,-86.969959,N,N,0,N,N,102,01068,01023,2024-2025,43,0.0,0.0,0.0,0.0,0.0,0.0,0.0,0.0,0.0,0.0,9.58,90.42
100900,Coosa County,1,73 Nixburg Road,Rockford,AL,35136,1,1037,Coosa County,32.887557,-86.222306,45180,"Talladega-Sylacauga, AL",2,142,"Birmingham-Cullman-Talladega, AL",106,01033,01030,2024-2025,43,0.0,0.0,0.0,0.0,0.0,0.0,0.0,0.0,0.0,0.0,0.0,100.0
100930,Covington County,1,807 C C Baker Ave,Andalusia,AL,36421,1,1039,Covington County,31.321586,-86.48297600000001,N,N,0,N,N,101,01092,01031,2024-2025,42,0.0,0.0,0.0,0.0,0.0,0.0,0.0,0.0,0.0,5.61,60.24,34.15
100960,Crenshaw County,1,183 Votec Drive,Luverne,AL,36049,1,1041,Crenshaw County,31.7051,-86.2677,N,N,0,N,N,102,01090,01025,2024-2025,43,0.0,0.0,0.0,0.0,0.0,0.0,0.0,0.0,0.0,0.0,36.14,63.86
100990,Cullman City,1,301 1st St N E,Cullman,AL,35055,1,1043,Cullman County,34.1792,-86.8405,18980,"Cullman, AL",2,142,"Birmingham-Cullman-Talladega, AL",104,01012,01004,2024-2025,32,0.0,0.0,0.0,0.0,0.0,0.0,0.0,100.0,0.0,0.0,0.0,0.0
101020,Cullman County,1,402 Arnold St NE,Cullman,AL,35055,1,1043,Cullman County,34.180941000000004,-86.84041,18980,"Cullman, AL",2,142,"Birmingham-Cullman-Talladega, AL",104,01012,01004,2024-2025,42,0.0,0.0,0.0,0.0,0.0,0.0,0.0,12.43,0.0,16.73,67.43,3.4
101050,Dale County,1,202 S Hwy 123 Suite E,Ozark,AL,36360,1,1045,Dale County,31.425172,-85.619826,37120,"Ozark, AL",2,222,"Dothan-Enterprise-Ozark, AL",101,01093,01029,2024-2025,42,0.0,0.0,0.0,0.0,0.0,0.0,0.0,0.06,0.0,39.28,60.66,0.0
101080,Daleville City,1,626 N Daleville Ave,Daleville,AL,36322,1,1045,Dale County,31.316204000000003,-85.709728,37120,"Ozark, AL",2,222,"Dothan-Enterprise-Ozark, AL",101,01093,01029,2024-2025,32,0.0,0.0,0.0,0.0,0.0,0.0,0.0,100.0,0.0,0.0,0.0,0.0
101110,Dallas County,1,429 Lauderdale St,Selma,AL,36701,1,1047,Dallas County,32.41171,-87.023871,42820,"Selma, AL",2,388,"Montgomery-Selma, AL",107,01067,01023,2024-2025,42,0.0,0.0,0.0,0.0,0.0,0.0,0.0,20.8,0.0,8.93,35.81,34.46
101140,DeKalb County,1,306 Main St W,Rainsville,AL,35986,1,1049,DeKalb County,34.497227,-85.85123300000001,22840,"Fort Payne, AL",2,290,"Huntsville-Decatur-Albertville, AL-TN",104,01024,01008,2024-2025,42,0.0,0.0,0.0,0.0,0.0,0.0,0.0,0.01,0.0,0.0,97.01,2.98
101170,Decatur City,1,212 4th Ave SE,Decatur,AL,35601,1,1103,Morgan County,34.602206,-86.981891,19460,"Decatur, AL",1,290,"Huntsville-Decatur-Albertville, AL-TN",105,01004,01003,2024-2025,13,0.0,0.0,100.0,0.0,0.0,0.0,0.0,0.0,0.0,0.0,0.0,0.0
101200,Demopolis City,1,609 South Cedar Avenue,Demopolis,AL,36732,1,1091,Marengo County,32.510583000000004,-87.834922,N,N,0,N,N,107,01071,01024,2024-2025,33,0.0,0.0,0.0,0.0,0.0,0.0,0.0,0.0,69.03,30.97,0.0,0.0
101230,Dothan City,1,1665 Honeysuckle Road,DOTHAN,AL,36301,1,1069,Houston County,31.205412000000003,-85.434158,20020,"Dothan, AL",1,222,"Dothan-Enterprise-Ozark, AL",101,01086,01029,2024-2025,13,0.0,0.0,74.4,0.0,0.0,0.0,0.0,0.0,0.0,25.6,0.0,0.0
101260,Elba City,1,131 Tiger Dr,Elba,AL,36323,1,1031,Coffee County,31.423669,-86.105062,21460,"Enterprise, AL",2,222,"Dothan-Enterprise-Ozark, AL",101,01091,01031,2024-2025,43,0.0,0.0,0.0,0.0,0.0,0.0,0.0,0.0,0.0,0.0,0.0,100.0
101290,Elmore County,1,100 H H Robison Drive,Wetumpka,AL,36092,1,1051,Elmore County,32.55016,-86.21974300000001,33860,"Montgomery, AL",1,388,"Montgomery-Selma, AL",106,01031,01025,2024-2025,42,0.0,0.0,0.0,23.25,0.0,0.0,27.18,0.0,0.0,6.79,42.79,0.0
101320,Enterprise City,1,220 Hutchinson St,Enterprise,AL,36330,1,1031,Coffee County,31.324232000000002,-85.852006,21460,"Enterprise, AL",2,222,"Dothan-Enterprise-Ozark, AL",101,01091,01031,2024-2025,32,0.0,0.0,0.0,0.0,0.0,0.0,0.0,81.43,0.0,18.57,0.0,0.0
101350,Escambia County,1,301 Belleville Ave,Brewton,AL,36426,1,1053,Escambia County,31.106169,-87.071849,N,N,0,N,N,101,01066,01022,2024-2025,32,0.0,0.0,0.0,0.0,0.0,0.0,0.0,58.2,0.0,6.85,28.18,6.77
101380,Etowah County,1,401 Broad Street,Gadsden,AL,35901,1,1055,Etowah County,34.013157,-86.003129,23460,"Gadsden, AL",1,N,N,103,01028,01010,2024-2025,41,0.0,0.0,0.01,0.0,0.0,27.24,0.0,10.61,0.0,46.24,15.9,0.0
101410,Eufaula City,1,333 State Docks Road,Eufaula,AL,36027,1,1005,Barbour County,31.867992,-85.151572,21640,"Eufaula, AL-GA",2,N,N,102,01084,01028,2024-2025,32,0.0,0.0,0.0,0.0,0.0,0.0,0.0,83.95,0.0,16.05,0.0,0.0
101440,Fairfield City,1,6405 Ave D,Fairfield,AL,35064,1,1073,Jefferson County,33.474518,-86.915058,13820,"Birmingham, AL",1,142,"Birmingham-Cullman-Talladega, AL",107,01052,01019,2024-2025,21,0.0,0.0,0.0,100.0,0.0,0.0,0.0,0.0,0.0,0.0,0.0,0.0
101470,Fayette County,1,103 First Ave NW,Fayette,AL,35555,1,1057,Fayette County,33.684904,-87.832177,N,N,0,N,N,104,01016,01005,2024-2025,43,0.0,0.0,0.0,0.0,0.0,0.0,0.0,0.0,0.0,0.0,26.68,73.32
101530,Florence City,1,102 S Court Street,Florence,AL,35630,1,1077,Lauderdale County,34.793586000000005,-87.67972,22520,"Florence-Muscle Shoals, AL",1,250,"Florence-Muscle Shoals-Russellville, AL",104,01003,01001,2024-2025,13,0.0,0.0,100.0,0.0,0.0,0.0,0.0,0.0,0.0,0.0,0.0,0.0
101560,Fort Payne City,1,205 45th St NE,Fort Payne,AL,35967,1,1049,DeKalb County,34.486206,-85.673755,22840,"Fort Payne, AL",2,290,"Huntsville-Decatur-Albertville, AL-TN",104,01024,01008,2024-2025,32,0.0,0.0,0.0,0.0,0.0,0.0,0.0,77.42,0.0,22.58,0.0,0.0
101590,Franklin County,1,500 Coffee Ave NE,Russellville,AL,35653,1,1059,Franklin County,34.508299,-87.727046,40770,"Russellville, AL",2,250,"Florence-Muscle Shoals-Russellville, AL",104,01018,01006,2024-2025,42,0.0,0.0,0.0,0.0,0.0,0.0,0.0,0.0,0.0,0.0,72.25,27.75
101620,Gadsden City,1,1026 Chestnut St,Gadsden,AL,35901,1,1055,Etowah County,34.013852,-86.01809800000001,23460,"Gadsden, AL",1,N,N,103,01028,01010,2024-2025,13,0.0,0.0,100.0,0.0,0.0,0.0,0.0,0.0,0.0,0.0,0.0,0.0
101640,Geneva City,1,511 Panther Drive,Geneva,AL,36340,1,1061,Geneva County,31.045519000000002,-85.881578,20020,"Dothan, AL",1,222,"Dothan-Enterprise-Ozark, AL",101,01087,01029,2024-2025,42,0.0,0.0,0.0,0.0,0.0,0.0,0.0,0.0,0.0,0.0,100.0,0.0
101660,Geneva County,1,606 S Academy St,Geneva,AL,36340,1,1061,Geneva County,31.031117000000002,-85.86647500000001,20020,"Dothan, AL",1,222,"Dothan-Enterprise-Ozark, AL",101,01087,01029,2024-2025,42,0.0,0.0,0.0,0.0,0.0,0.0,0.0,0.0,0.0,0.0,75.13,24.87
101680,Greene County,1,220 Main St,Eutaw,AL,35462,1,1063,Greene County,32.841464,-87.889358,46220,"Tuscaloosa, AL",1,N,N,107,01072,01024,2024-2025,42,0.0,0.0,0.0,0.0,0.0,0.0,0.0,0.0,0.0,0.0,100.0,0.0
101690,Guntersville City,1,4200 Highway 79 South,Guntersville,AL,35976,1,1095,Marshall County,34.308812,-86.339579,10700,"Albertville, AL",2,290,"Huntsville-Decatur-Albertville, AL-TN",104,01027,01009,2024-2025,32,0.0,0.0,0.0,0.0,0.0,0.0,0.0,100.0,0.0,0.0,0.0,0.0
101710,Hale County,1,1115 Powers St,Greensboro,AL,36744,1,1065,Hale County,32.70705,-87.593647,46220,"Tuscaloosa, AL",1,N,N,107,01072,01024,2024-2025,41,0.0,0.0,0.0,0.0,0.0,0.0,0.0,0.0,0.0,53.92,46.08,0.0
101720,Haleyville City,1,2011 20th St,Haleyville,AL,35565,1,1133,Winston County,34.225543,-87.60498,N,N,0,N,N,104,01017,01004,2024-2025,43,0.0,0.0,0.0,0.0,0.0,0.0,0.0,0.0,0.0,0.0,0.0,100.0
101730,Hartselle City,1,305 College St NE,Hartselle,AL,35640,1,1103,Morgan County,34.44704,-86.931461,19460,"Decatur, AL",1,290,"Huntsville-Decatur-Albertville, AL-TN",105,01009,01003,2024-2025,41,0.0,0.0,0.0,0.0,0.0,0.0,48.47,0.0,0.0,51.53,0.0,0.0
101740,Henry County,1,300 N Trawick Street,Abbeville,AL,36310,1,1067,Henry County,31.566851,-85.252131,20020,"Dothan, AL",1,222,"Dothan-Enterprise-Ozark, AL",101,01085,01028,2024-2025,42,0.0,0.0,0.0,0.0,0.0,0.0,0.0,0.0,0.0,0.0,100.0,0.0
101760,Homewood City,1,450 Dale Avenue,Homewood,AL,35209,1,1073,Jefferson County,33.477464,-86.80551,13820,"Birmingham, AL",1,142,"Birmingham-Cullman-Talladega, AL",107,01052,01018,2024-2025,21,0.0,0.0,0.0,100.0,0.0,0.0,0.0,0.0,0.0,0.0,0.0,0.0
101770,Houston County,1,404 West Washington St,Dothan,AL,36302,1,1069,Houston County,31.220962,-85.396924,20020,"Dothan, AL",1,222,"Dothan-Enterprise-Ozark, AL",101,01085,01028,2024-2025,42,0.0,0.0,3.59,0.0,0.0,0.0,0.0,0.0,0.0,42.9,53.51,0.0
101800,Huntsville City,1,714 Bob Wallace Avenue,Huntsville,AL,35801,1,1089,Madison County,34.712323,-86.586335,26620,"Huntsville, AL",1,290,"Huntsville-Decatur-Albertville, AL-TN",105,01053,01007,2024-2025,12,0.0,89.96,0.0,0.0,0.0,0.0,10.04,0.0,0.0,0.0,0.0,0.0
101830,Jackson County,1,29727 Us Hwy 72 Suite A,Hollywood,AL,35752,1,1071,Jackson County,34.720918000000005,-85.95232800000001,42460,"Scottsboro, AL",2,174,"Chattanooga-Cleveland-Dalton, TN-GA-AL",105,01023,01008,2024-2025,42,0.0,0.0,0.0,0.0,0.0,0.0,0.0,7.13,0.0,3.57,85.95,3.35
101860,Jacksonville City,1,320 Branscomb Drive SW,Jacksonville,AL,36265,1,1015,Calhoun County,33.786983,-85.768305,11500,"Anniston-Oxford, AL",1,N,N,103,01040,01012,2024-2025,23,0.0,0.0,0.0,0.0,0.0,55.13,0.0,0.0,0.0,44.87,0.0,0.0
101890,Jasper City,1,110 W 17th St,Jasper,AL,35501,1,1127,Walker County,33.835022,-87.27662600000001,13820,"Birmingham, AL",1,142,"Birmingham-Cullman-Talladega, AL",104,01013,01005,2024-2025,32,0.0,0.0,0.0,0.0,0.0,0.0,0.0,100.0,0.0,0.0,0.0,0.0
101920,Jefferson County,1,2100 18th Street S,Birmingham,AL,35209,1,1073,Jefferson County,33.487610000000004,-86.793791,13820,"Birmingham, AL",1,142,"Birmingham-Cullman-Talladega, AL",107,01052,01018,2024-2025,21,0.0,0.0,0.0,68.25,0.0,0.0,0.0,0.0,0.0,19.54,12.22,0.0
101950,Lamar County,1,150 Butler Cir,Vernon,AL,35592,1,1075,Lamar County,33.753595000000004,-88.11515800000001,N,N,0,N,N,104,01017,01005,2024-2025,43,0.0,0.0,0.0,0.0,0.0,0.0,0.0,0.0,0.0,0.0,0.0,100.0
101980,Lanett City,1,105 North Lanier Ave,Lanett,AL,36863,1,1017,Chambers County,32.86831,-85.191371,29300,"LaGrange, GA-AL",2,122,"Atlanta--Athens-Clarke County--Sandy Springs, GA-AL",103,01038,01013,2024-2025,32,0.0,0.0,0.0,0.0,0.0,0.0,0.0,100.0,0.0,0.0,0.0,0.0
102010,Lauderdale County,1,355 County Road 61,Florence,AL,35634,1,1077,Lauderdale County,34.832753000000004,-87.622315,22520,"Florence-Muscle Shoals, AL",1,250,"Florence-Muscle Shoals-Russellville, AL",104,01002,01001,2024-2025,42,0.0,0.0,0.0,0.0,0.0,4.31,0.0,0.0,0.0,34.45,61.23,0.0
102040,Lawrence County,1,14131 Market St,Moulton,AL,35650,1,1079,Lawrence County,34.475532,-87.29308900000001,19460,"Decatur, AL",1,290,"Huntsville-Decatur-Albertville, AL-TN",105,01007,01006,2024-2025,42,0.0,0.0,0.0,0.0,0.0,0.0,0.0,0.0,0.0,30.23,69.77,0.0
102070,Lee County,1,2410 Society Hill Road,Opelika,AL,36804,1,1081,Lee County,32.620993,-85.39166,12220,"Auburn-Opelika, AL",1,194,"Columbus-Auburn-Opelika, GA-AL",103,01083,01027,2024-2025,21,0.0,0.0,0.0,52.77,0.0,0.0,0.0,0.0,0.0,33.58,13.65,0.0
102100,Limestone County,1,300 S Jefferson St,Athens,AL,35611,1,1083,Limestone County,34.800964,-86.97255100000001,26620,"Huntsville, AL",1,290,"Huntsville-Decatur-Albertville, AL-TN",105,01005,01006,2024-2025,41,0.0,0.0,0.0,0.0,0.0,0.0,0.01,0.0,0.0,68.56,31.43,0.0
102130,Linden City,1,209 N Main St,Linden,AL,36748,1,1091,Marengo County,32.307675,-87.797743,N,N,0,N,N,107,01068,01024,2024-2025,43,0.0,0.0,0.0,0.0,0.0,0.0,0.0,0.0,0.0,0.0,0.0,100.0
102160,Lowndes County,1,80 Commerce Street S,Hayneville,AL,36040,1,1085,Lowndes County,32.181682,-86.58103700000001,33860,"Montgomery, AL",1,388,"Montgomery-Selma, AL",107,01069,01023,2024-2025,42,0.0,0.0,0.0,0.0,0.0,0.0,0.0,0.0,0.0,0.0,100.0,0.0
102190,Macon County,1,303 Union Springs Road,Tuskegee,AL,36083,1,1087,Macon County,32.407393,-85.670017,12220,"Auburn-Opelika, AL",1,194,"Columbus-Auburn-Opelika, GA-AL",102,01082,01028,2024-2025,41,0.0,0.0,0.0,0.0,0.0,0.0,0.0,15.53,0.0,62.69,21.78,0.0
102220,Madison County,1,1275F Jordan Rd Bldg B,Huntsville,AL,35811,1,1089,Madison County,34.785482,-86.523002,26620,"Huntsville, AL",1,290,"Huntsville-Decatur-Albertville, AL-TN",105,01021,01008,2024-2025,41,0.0,0.0,0.0,41.64,0.0,0.0,0.0,0.0,0.0,51.42,6.93,0.0
102250,Marengo County,1,101 North Shiloh,Linden,AL,36748,1,1091,Marengo County,32.306496,-87.796738,N,N,0,N,N,107,01068,01024,2024-2025,43,0.0,0.0,0.0,0.0,0.0,0.0,0.0,0.0,0.0,0.0,0.0,100.0
102310,Marion County,1,188 Winchester Dr,Hamilton,AL,35570,1,1093,Marion County,34.116154,-87.996594,N,N,0,N,N,104,01017,01004,2024-2025,43,0.0,0.0,0.0,0.0,0.0,0.0,0.0,0.0,0.0,0.0,0.0,100.0
102350,Midfield City,1,417 Parkwood St,Midfield,AL,35228,1,1073,Jefferson County,33.459214,-86.911176,13820,"Birmingham, AL",1,142,"Birmingham-Cullman-Talladega, AL",107,01057,01019,2024-2025,21,0.0,0.0,0.0,100.0,0.0,0.0,0.0,0.0,0.0,0.0,0.0,0.0
102370,Mobile County,1,1 Magnum Pass,Mobile,AL,36618,1,1097,Mobile County,30.718638000000002,-88.219762,33660,"Mobile, AL",1,380,"Mobile-Daphne-Fairhope, AL",102,01099,01034,2024-2025,12,0.0,47.41,0.0,18.49,0.0,0.0,0.0,0.0,0.0,26.28,7.82,0.0
102400,Monroe County,1,109 Rosenwald Drive,Monroeville,AL,36460,1,1099,Monroe County,31.518487,-87.316688,N,N,0,N,N,102,01068,01023,2024-2025,42,0.0,0.0,0.0,0.0,0.0,0.0,0.0,0.0,22.6,10.25,34.06,33.09
102430,Montgomery County,1,632 S Union Street Building C,Montgomery,AL,36104,1,1101,Montgomery County,32.369858,-86.300138,33860,"Montgomery, AL",1,388,"Montgomery-Selma, AL",102,01077,01026,2024-2025,12,0.0,88.37,0.0,0.0,0.0,0.0,0.0,0.0,0.0,10.99,0.64,0.0
102480,Morgan County,1,235 Highway 67 South,Decatur,AL,35603,1,1103,Morgan County,34.52823,-86.90049,19460,"Decatur, AL",1,290,"Huntsville-Decatur-Albertville, AL-TN",105,01004,01003,2024-2025,42,0.0,0.0,0.0,0.0,0.0,15.18,11.13,0.0,0.0,30.61,43.08,0.0
102490,Mountain Brook City,1,32 Vine Street,Mountain Brook,AL,35213,1,1073,Jefferson County,33.501803,-86.753896,13820,"Birmingham, AL",1,142,"Birmingham-Cullman-Talladega, AL",106,01046,01015,2024-2025,21,0.0,0.0,0.0,100.0,0.0,0.0,0.0,0.0,0.0,0.0,0.0,0.0
102520,Muscle Shoals City,1,3200 S Wilson Dam Rd,Muscle Shoals,AL,35661,1,1033,Colbert County,34.733611,-87.63556,22520,"Florence-Muscle Shoals, AL",1,250,"Florence-Muscle Shoals-Russellville, AL",104,01003,01006,2024-2025,13,0.0,0.0,100.0,0.0,0.0,0.0,0.0,0.0,0.0,0.0,0.0,0.0
102550,Oneonta City,1,28370 State Highway 75,Oneonta,AL,35121,1,1009,Blount County,33.940281,-86.485434,13820,"Birmingham, AL",1,142,"Birmingham-Cullman-Talladega, AL",104,01034,01017,2024-2025,41,0.0,0.0,0.0,0.0,0.0,0.0,0.0,0.0,0.0,100.0,0.0,0.0
102580,Opelika City,1,300 Simmons Street,Opelika,AL,36801,1,1081,Lee County,32.64427,-85.391232,12220,"Auburn-Opelika, AL",1,194,"Columbus-Auburn-Opelika, GA-AL",103,01083,01027,2024-2025,13,0.0,0.0,92.62,0.0,0.0,0.0,0.0,0.0,0.0,7.38,0.0,0.0
102610,Opp City,1,113 East Hart,Opp,AL,36467,1,1039,Covington County,31.282821000000002,-86.25426,N,N,0,N,N,101,01092,01031,2024-2025,41,0.0,0.0,0.0,0.0,0.0,0.0,0.0,0.0,28.67,71.33,0.0,0.0
102635,Oxford City,1,402 Main Street,Oxford,AL,36203,1,1015,Calhoun County,33.615916,-85.835125,11500,"Anniston-Oxford, AL",1,N,N,103,01032,01012,2024-2025,13,0.0,0.0,65.77,0.0,0.0,13.06,0.0,0.0,0.0,21.17,0.0,0.0
102640,Ozark City,1,860 N US HWY 231,Ozark,AL,36360,1,1045,Dale County,31.468386000000002,-85.674847,37120,"Ozark, AL",2,222,"Dothan-Enterprise-Ozark, AL",101,01093,01031,2024-2025,32,0.0,0.0,0.0,0.0,0.0,0.0,0.0,100.0,0.0,0.0,0.0,0.0
102650,Pell City,1,3105 15th Avenue N,Pell City,AL,35125,1,1115,St. Clair County,33.605865,-86.27397400000001,13820,"Birmingham, AL",1,142,"Birmingham-Cullman-Talladega, AL",103,01036,01011,2024-2025,32,0.0,0.0,0.0,0.0,0.0,0.0,0.0,60.7,0.0,39.3,0.0,0.0
102670,Perry County,1,200 Monroe St,Marion,AL,36756,1,1105,Perry County,32.634091,-87.320651,N,N,0,N,N,107,01067,01023,2024-2025,43,0.0,0.0,0.0,0.0,0.0,0.0,0.0,0.0,0.0,0.0,0.0,100.0
102700,Phenix City,1,1212 Ninth Ave,Phenix City,AL,36867,1,1113,Russell County,32.469809,-85.00436400000001,17980,"Columbus, GA-AL",1,194,"Columbus-Auburn-Opelika, GA-AL",102,01083,01028,2024-2025,21,0.0,0.0,0.0,100.0,0.0,0.0,0.0,0.0,0.0,0.0,0.0,0.0
102730,Pickens County,1,377 Ladow Center Circle,Carrollton,AL,35447,1,1107,Pickens County,33.255347,-88.168439,46220,"Tuscaloosa, AL",1,N,N,107,01061,01021,2024-2025,42,0.0,0.0,0.0,0.0,0.0,0.0,0.0,0.0,0.0,0.0,65.9,34.1
102760,Piedmont City,1,502 Hood St W,Piedmont,AL,36272,1,1015,Calhoun County,33.927086,-85.615744,11500,"Anniston-Oxford, AL",1,N,N,103,01029,01012,2024-2025,42,0.0,0.0,0.0,0.0,0.0,0.0,0.0,0.0,0.0,0.0,100.0,0.0
102790,Pike County,1,101 W Love Street,Troy,AL,36081,1,1109,Pike County,31.806302000000002,-85.97290600000001,45980,"Troy, AL",2,N,N,102,01089,01031,2024-2025,42,0.0,0.0,0.0,0.0,0.0,0.0,0.0,0.0,0.05,0.05,99.91,0.0
102820,Randolph County,1,182 Circle Drive,Wedowee,AL,36278,1,1111,Randolph County,33.31213,-85.476798,N,N,0,N,N,103,01037,01013,2024-2025,42,0.0,0.0,0.0,0.0,0.0,0.0,0.0,0.0,0.0,0.0,73.73,26.27
102850,Roanoke City,1,557 Main St,Roanoke,AL,36274,1,1111,Randolph County,33.150495,-85.369258,N,N,0,N,N,103,01037,01013,2024-2025,43,0.0,0.0,0.0,0.0,0.0,0.0,0.0,0.0,0.0,0.0,0.07,99.93
102880,Russell County,1,506 14th St,Phenix City,AL,36867,1,1113,Russell County,32.473060000000004,-84.999981,17980,"Columbus, GA-AL",1,194,"Columbus-Auburn-Opelika, GA-AL",102,01083,01028,2024-2025,42,0.0,0.0,0.0,11.97,0.0,0.0,0.0,0.0,0.0,19.97,68.06,0.0
102910,Russellville City,1,1945 Waterloo Rd,Russellville,AL,35653,1,1059,Franklin County,34.52606,-87.737623,40770,"Russellville, AL",2,250,"Florence-Muscle Shoals-Russellville, AL",104,01018,01006,2024-2025,32,0.0,0.0,0.0,0.0,0.0,0.0,0.0,100.0,0.0,0.0,0.0,0.0
102940,Scottsboro City,1,305 S Scott Street,Scottsboro,AL,35768,1,1071,Jackson County,34.670394,-86.03058300000001,42460,"Scottsboro, AL",2,174,"Chattanooga-Cleveland-Dalton, TN-GA-AL",105,01023,01008,2024-2025,32,0.0,0.0,0.0,0.0,0.0,0.0,0.0,100.0,0.0,0.0,0.0,0.0
102970,Selma City,1,2194 Broad Street,Selma,AL,36701,1,1047,Dallas County,32.428942,-87.023827,42820,"Selma, AL",2,388,"Montgomery-Selma, AL",107,01067,01023,2024-2025,32,0.0,0.0,0.0,0.0,0.0,0.0,0.0,100.0,0.0,0.0,0.0,0.0
103000,Sheffield City,1,300 W 6th St,Sheffield,AL,35660,1,1033,Colbert County,34.764328,-87.701477,22520,"Florence-Muscle Shoals, AL",1,250,"Florence-Muscle Shoals-Russellville, AL",104,01003,01006,2024-2025,23,0.0,0.0,0.0,0.0,0.0,100.0,0.0,0.0,0.0,0.0,0.0,0.0
103030,Shelby County,1,410 E College St,Columbiana,AL,35051,1,1117,Shelby County,33.180301,-86.602213,13820,"Birmingham, AL",1,142,"Birmingham-Cullman-Talladega, AL",106,01041,01011,2024-2025,21,0.0,0.0,0.0,43.77,0.0,0.0,7.7,0.0,0.0,34.74,13.8,0.0
103062,St Clair County,1,410 Roy Drive,Ashville,AL,35953,1,1115,St. Clair County,33.820168,-86.268905,13820,"Birmingham, AL",1,142,"Birmingham-Cullman-Talladega, AL",103,01030,01017,2024-2025,42,0.0,0.0,0.0,20.33,0.0,0.0,0.0,0.0,0.0,32.29,47.38,0.0
103090,Sumter County,1,Hwy 28 To Country Club Dr,Livingston,AL,35470,1,1119,Sumter County,32.619641,-88.1949,N,N,0,N,N,107,01071,01024,2024-2025,43,0.0,0.0,0.0,0.0,0.0,0.0,0.0,0.0,0.0,0.0,0.0,100.0
103120,Sylacauga City,1,43 N Broadway Avenue,Sylacauga,AL,35150,1,1121,Talladega County,33.169101,-86.25110500000001,45180,"Talladega-Sylacauga, AL",2,142,"Birmingham-Cullman-Talladega, AL",103,01033,01012,2024-2025,32,0.0,0.0,0.0,0.0,0.0,0.0,0.0,100.0,0.0,0.0,0.0,0.0
103150,Talladega City,1,501 South Street East,Talladega,AL,35160,1,1121,Talladega County,33.433698,-86.093432,45180,"Talladega-Sylacauga, AL",2,142,"Birmingham-Cullman-Talladega, AL",103,01035,01011,2024-2025,41,0.0,0.0,0.0,0.0,0.0,0.0,0.0,11.95,0.0,88.05,0.0,0.0
103180,Talladega County,1,106 W South St,Talladega,AL,35160,1,1121,Talladega County,33.432428,-86.102472,45180,"Talladega-Sylacauga, AL",2,142,"Birmingham-Cullman-Talladega, AL",103,01035,01011,2024-2025,42,0.0,0.0,0.0,0.0,0.0,0.0,0.0,29.28,0.0,20.38,50.35,0.0
103210,Tallapoosa County,1,679 East Columbus Street,Dadeville,AL,36853,1,1123,Tallapoosa County,32.831365,-85.754453,10760,"Alexander City, AL",2,194,"Columbus-Auburn-Opelika, GA-AL",103,01081,01027,2024-2025,42,0.0,0.0,0.0,0.0,0.0,0.0,0.0,0.0,0.0,0.0,100.0,0.0
103240,Tallassee City,1,308 King St,Tallassee,AL,36078,1,1051,Elmore County,32.537135,-85.893247,33860,"Montgomery, AL",1,388,"Montgomery-Selma, AL",106,01031,01025,2024-2025,42,0.0,0.0,0.0,0.0,0.0,0.0,0.0,0.0,0.0,0.0,100.0,0.0
103270,Tarrant City,1,1318 Alabama St,Tarrant,AL,35217,1,1073,Jefferson County,33.572610000000005,-86.779999,13820,"Birmingham, AL",1,142,"Birmingham-Cullman-Talladega, AL",107,01059,01020,2024-2025,21,0.0,0.0,0.0,100.0,0.0,0.0,0.0,0.0,0.0,0.0,0.0,0.0
103300,Thomasville City,1,750 Gates Drive,Thomasville,AL,36784,1,1025,Clarke County,31.886732000000002,-87.735232,N,N,0,N,N,107,01068,01023,2024-2025,43,0.0,0.0,0.0,0.0,0.0,0.0,0.0,0.0,0.0,0.0,0.0,100.0
103330,Troy City,1,358 Elba Hwy,Troy,AL,36079,1,1109,Pike County,31.781294000000003,-85.96352900000001,45980,"Troy, AL",2,N,N,102,01089,01031,2024-2025,41,0.0,0.0,0.0,0.0,0.0,0.0,0.0,0.0,29.91,70.09,0.0,0.0
103360,Tuscaloosa City,1,1210 Almon Avenue,Tuscaloosa,AL,35401,1,1125,Tuscaloosa County,33.203731,-87.56195100000001,46220,"Tuscaloosa, AL",1,N,N,107,01063,01021,2024-2025,12,0.0,94.27,0.0,0.0,0.0,0.0,0.0,0.0,0.0,5.73,0.0,0.0
103390,Tuscaloosa County,1,2314 9th St,Tuscaloosa,AL,35403,1,1125,Tuscaloosa County,33.203636,-87.566298,46220,"Tuscaloosa, AL",1,N,N,107,01063,01021,2024-2025,22,0.0,0.01,0.0,0.0,52.6,0.0,0.0,0.0,0.0,11.62,35.77,0.0
103420,Tuscumbia City,1,303 North Commons Street East,Tuscumbia,AL,35674,1,1033,Colbert County,34.738251,-87.70035200000001,22520,"Florence-Muscle Shoals, AL",1,250,"Florence-Muscle Shoals-Russellville, AL",104,01003,01006,2024-2025,23,0.0,0.0,0.0,0.0,0.0,100.0,0.0,0.0,0.0,0.0,0.0,0.0
103430,Vestavia Hills City,1,1204 Montgomery Hwy,Vestavia Hills,AL,35216,1,1073,Jefferson County,33.432917,-86.789108,13820,"Birmingham, AL",1,142,"Birmingham-Cullman-Talladega, AL",106,01047,01016,2024-2025,21,0.0,0.0,0.0,100.0,0.0,0.0,0.0,0.0,0.0,0.0,0.0,0.0
103450,Walker County,1,1710 Alabama Av,Jasper,AL,35501,1,1127,Walker County,33.834179,-87.27495900000001,13820,"Birmingham, AL",1,142,"Birmingham-Cullman-Talladega, AL",104,01013,01005,2024-2025,42,0.0,0.0,0.0,0.0,0.0,0.0,0.0,0.03,0.0,8.49,79.87,11.62
103480,Washington County,1,229 Granade St,Chatom,AL,36518,1,1129,Washington County,31.465862,-88.25798900000001,N,N,0,N,N,102,01065,01022,2024-2025,43,0.0,0.0,0.0,0.0,0.0,0.0,0.0,0.0,0.0,0.0,7.32,92.68
103510,Wilcox County,1,75 Camden Bypass,Camden,AL,36726,1,1131,Wilcox County,32.003296,-87.290119,N,N,0,N,N,107,01069,01023,2024-2025,43,0.0,0.0,0.0,0.0,0.0,0.0,0.0,0.0,0.0,0.0,0.0,100.0
103540,Winfield City,1,481 Apple Ave,Winfield,AL,35594,1,1093,Marion County,33.933197,-87.811801,N,N,0,N,N,104,01017,01004,2024-2025,43,0.0,0.0,0.0,0.0,0.0,0.0,0.0,0.0,0.0,0.0,0.0,100.0
103580,Winston County,1,25101 Highway 195,Double Springs,AL,35553,1,1133,Winston County,34.146071,-87.402788,N,N,0,N,N,104,01014,01004,2024-2025,43,0.0,0.0,0.0,0.0,0.0,0.0,0.0,0.0,0.0,0.0,25.02,74.98
103581,Orange Beach City,1,4544 Orange Beach Blvd,Orange Beach,AL,36561,1,1003,Baldwin County,30.290796,-87.580765,19300,"Daphne-Fairhope-Foley, AL",1,380,"Mobile-Daphne-Fairhope, AL",101,01095,01032,2024-2025,21,0.0,0.0,0.0,100.0,0.0,0.0,0.0,0.0,0.0,0.0,0.0,0.0
103582,Empower Schools of Alabama,1,751A Academy Drive,Bessemer,AL,35020,1,1073,Jefferson County,33.360956,-86.997007,13820,"Birmingham, AL",1,142,"Birmingham-Cullman-Talladega, AL",107,01056,01019,2024-2025,21,0.0,0.0,0.0,100.0,0.0,0.0,0.0,0.0,0.0,0.0,0.0,0.0
103583,Covenant Academy of Mobile,1,4568 Halls Mill Road,Mobile,AL,36693,1,1097,Mobile County,30.616988000000003,-88.148875,33660,"Mobile, AL",1,380,"Mobile-Daphne-Fairhope, AL",102,01103,01035,2024-2025,12,0.0,100.0,0.0,0.0,0.0,0.0,0.0,0.0,0.0,0.0,0.0,0.0
103584,Barnabas School of Leadership,1,280 Headland Ave,Dothan,AL,36303,1,1069,Houston County,31.211745,-85.37573900000001,20020,"Dothan, AL",1,222,"Dothan-Enterprise-Ozark, AL",101,01085,01028,2024-2025,13,0.0,0.0,100.0,0.0,0.0,0.0,0.0,0.0,0.0,0.0,0.0,0.0
103585,Freedom Prep Academy,1,630 1st Avenue S,Birmingham,AL,35205,1,1073,Jefferson County,33.492687000000004,-86.827742,13820,"Birmingham, AL",1,142,"Birmingham-Cullman-Talladega, AL",107,01052,01018,2024-2025,12,0.0,100.0,0.0,0.0,0.0,0.0,0.0,0.0,0.0,0.0,0.0,0.0
103586,Floretta P Carson Visual and Performing Arts,1,3100 Cottage Hill Road,Mobile,AL,36606,1,1097,Mobile County,30.667495000000002,-88.119765,33660,"Mobile, AL",1,380,"Mobile-Daphne-Fairhope, AL",102,01103,01033,2024-2025,12,0.0,100.0,0.0,0.0,0.0,0.0,0.0,0.0,0.0,0.0,0.0,0.0
200001,Lower Kuskokwim School District,2,1004 Ron Edwards Memorial Dr,Bethel,AK,99559,2,2050,Bethel Census Area,60.802916,-161.77297000000002,N,N,0,N,N,200,02038,0200S,2024-2025,43,0.0,0.0,0.0,0.0,0.0,0.0,0.0,0.0,7.08,26.14,5.49,61.28
200003,Lower Yukon School District,2,100 Airport Rd,Mountain Village,AK,99632,2,2158,Kusilvak Census Area,62.092018,-163.724886,N,N,0,N,N,200,02039,0200T,2024-2025,43,0.0,0.0,0.0,0.0,0.0,0.0,0.0,0.0,0.0,0.0,0.0,100.0
200004,Yupiit School District,2,1st Main St,Akiachak,AK,99551,2,2050,Bethel Census Area,60.913883000000006,-161.448992,N,N,0,N,N,200,02038,0200S,2024-2025,43,0.0,0.0,0.0,0.0,0.0,0.0,0.0,0.0,0.0,0.0,0.0,100.0
200005,Kashunamiut School District,2,985 KSD Way,Chevak,AK,99563,2,2158,Kusilvak Census Area,61.531048000000006,-165.585866,N,N,0,N,N,200,02038,0200S,2024-2025,43,0.0,0.0,0.0,0.0,0.0,0.0,0.0,0.0,0.0,0.0,0.0,100.0
200006,Mount Edgecumbe,2,1330 Seward Ave,Sitka,AK,99835,2,2220,Sitka City and Borough,57.050928,-135.351918,N,N,0,N,N,200,02002,0200A,2024-2025,33,0.0,0.0,0.0,0.0,0.0,0.0,0.0,0.0,100.0,0.0,0.0,0.0
200007,Aleutians East Borough School District,2,100 Mossberry Ln,Sand Point,AK,99661,2,2013,Aleutians East Borough,55.342221,-160.496135,N,N,0,N,N,200,02037,0200S,2024-2025,43,0.0,0.0,0.0,0.0,0.0,0.0,0.0,0.0,0.0,0.0,0.0,100.0
200010,Aleutian Region School District,2,118 E International Airport Rd,Anchorage,AK,99518,2,2020,Anchorage Municipality,61.173216000000004,-149.882214,11260,"Anchorage, AK",1,N,N,200,02013,0200G,2024-2025,43,0.0,0.0,0.0,0.0,0.0,0.0,0.0,0.0,0.0,0.0,0.0,100.0
200020,Bering Strait School District,2,225 Main St,Unalakleet,AK,99684,2,2180,Nome Census Area,63.876727,-160.79377200000002,N,N,0,N,N,200,02039,0200T,2024-2025,43,0.0,0.0,0.0,0.0,0.0,0.0,0.0,0.0,0.0,0.0,0.0,100.0
200030,Bristol Bay Borough School District,2,# 2 School Rd N,Naknek,AK,99633,2,2060,Bristol Bay Borough,58.733307,-157.004582,N,N,0,N,N,200,02037,0200S,2024-2025,43,0.0,0.0,0.0,0.0,0.0,0.0,0.0,0.0,0.0,0.0,0.0,100.0
200050,Alaska Gateway School District,2,1313.5 Alaska Hwy,Tok,AK,99780,2,2240,Southeast Fairbanks Census Area,63.333206000000004,-142.958861,N,N,0,N,N,200,02036,0200R,2024-2025,43,0.0,0.0,0.0,0.0,0.0,0.0,0.0,0.0,0.0,0.0,0.0,100.0
200060,Cordova City School District,2,675 Second St,Cordova,AK,99574,2,2063,Chugach Census Area,60.543043000000004,-145.75752500000002,N,N,0,N,N,200,02005,0200C,2024-2025,43,0.0,0.0,0.0,0.0,0.0,0.0,0.0,0.0,0.0,0.0,0.0,100.0
200070,Copper River School District,2,1976 Aurora Dr,Glennallen,AK,99588,2,2066,Copper River Census Area,62.112930000000006,-145.526532,N,N,0,N,N,200,02036,0200R,2024-2025,43,0.0,0.0,0.0,0.0,0.0,0.0,0.0,0.0,0.0,0.0,0.0,100.0
200090,Craig City School District,2,100 School Rd,Craig,AK,99921,2,2198,Prince of Wales-Hyder Census Area,55.475526,-133.1372,N,N,0,N,N,200,02002,0200A,2024-2025,43,0.0,0.0,0.0,0.0,0.0,0.0,0.0,0.0,0.0,0.0,0.0,100.0
200100,Delta/Greely School District,2,1664 N Clearwater,Delta Junction,AK,99737,2,2240,Southeast Fairbanks Census Area,64.043075,-145.711185,N,N,0,N,N,200,02036,0200R,2024-2025,43,0.0,0.0,0.0,0.0,0.0,0.0,0.0,0.0,0.0,0.0,0.0,100.0
200120,Dillingham City School District,2,565 Seward St,Dillingham,AK,99576,2,2070,Dillingham Census Area,59.042379000000004,-158.46485800000002,N,N,0,N,N,200,02037,0200S,2024-2025,43,0.0,0.0,0.0,0.0,0.0,0.0,0.0,0.0,0.0,0.0,0.0,100.0
200130,Galena City School District,2,299 Antoski Ave,Galena,AK,99741,2,2290,Yukon-Koyukuk Census Area,64.746135,-156.878509,N,N,0,N,N,200,02036,0200R,2024-2025,23,0.0,0.0,0.0,0.0,0.0,96.43,0.0,0.0,0.0,0.0,0.0,3.57
200150,Ketchikan Gateway Borough School District,2,2610 Fourth Ave,Ketchikan,AK,99901,2,2130,Ketchikan Gateway Borough,55.353558,-131.67793600000002,28540,"Ketchikan, AK",2,N,N,200,02001,0200A,2024-2025,33,0.0,0.0,0.0,0.0,0.0,0.0,0.0,0.0,89.72,10.28,0.0,0.0
200180,Anchorage School District,2,5530 E Northern Lights Blvd,Anchorage,AK,99504,2,2020,Anchorage Municipality,61.193958,-149.77575900000002,11260,"Anchorage, AK",1,N,N,200,02020,0200J,2024-2025,11,83.95,0.0,0.0,0.0,0.0,0.0,7.23,0.0,0.0,8.38,0.44,0.0
200210,Juneau Borough School District,2,1208 Glacier Ave,Juneau,AK,99801,2,2110,Juneau City and Borough,58.302965,-134.424249,27940,"Juneau, AK",2,N,N,200,02004,0200B,2024-2025,33,0.0,0.0,0.0,0.0,0.0,0.0,0.0,0.0,91.1,8.9,0.0,0.0
200240,Sitka School District,2,300 Kostrometinoff St,Sitka,AK,99835,2,2220,Sitka City and Borough,57.065302,-135.35160100000002,N,N,0,N,N,200,02002,0200A,2024-2025,33,0.0,0.0,0.0,0.0,0.0,0.0,0.0,0.0,100.0,0.0,0.0,0.0
200270,Haines Borough School District,2,604 Haines Hwy,Haines,AK,99827,2,2100,Haines Borough,59.234574,-135.453573,N,N,0,N,N,200,02003,0200B,2024-2025,43,0.0,0.0,0.0,0.0,0.0,0.0,0.0,0.0,0.0,0.0,0.0,100.0
200300,Hoonah City School District,2,366 Garteeni Hwy,Hoonah,AK,99829,2,2105,Hoonah-Angoon Census Area,58.108798,-135.442182,N,N,0,N,N,200,02002,0200A,2024-2025,43,0.0,0.0,0.0,0.0,0.0,0.0,0.0,0.0,0.0,0.0,0.0,100.0
200330,Hydaburg City School District,2,100 Totem Pole Ln,Hydaburg,AK,99922,2,2198,Prince of Wales-Hyder Census Area,55.207545,-132.82593300000002,N,N,0,N,N,200,02002,0200A,2024-2025,43,0.0,0.0,0.0,0.0,0.0,0.0,0.0,0.0,0.0,0.0,0.0,100.0
200360,Kake City School District,2,175 Library Place,Kake,AK,99830,2,2198,Prince of Wales-Hyder Census Area,56.977702,-133.947065,N,N,0,N,N,200,02002,0200A,2024-2025,43,0.0,0.0,0.0,0.0,0.0,0.0,0.0,0.0,0.0,0.0,0.0,100.0
200390,Kenai Peninsula Borough School District,2,148 N Binkley St,Soldotna,AK,99669,2,2122,Kenai Peninsula Borough,60.48968,-151.071451,N,N,0,N,N,200,02007,0200D,2024-2025,43,0.0,0.0,0.0,0.0,0.0,0.0,0.0,0.0,47.19,14.98,7.34,30.48
200450,Klawock City School District,2,715 Bayview Blvd,Klawock,AK,99925,2,2198,Prince of Wales-Hyder Census Area,55.553553,-133.09903300000002,N,N,0,N,N,200,02002,0200A,2024-2025,43,0.0,0.0,0.0,0.0,0.0,0.0,0.0,0.0,0.0,0.0,0.0,100.0
200480,Kodiak Island Borough School District,2,722 Mill Bay Rd,Kodiak,AK,99615,2,2150,Kodiak Island Borough,57.794069,-152.395226,N,N,0,N,N,200,02005,0200C,2024-2025,33,0.0,0.0,0.0,0.0,0.0,0.0,0.0,0.0,85.07,9.7,0.75,4.47
200485,Lake and Peninsula Borough School District,2,101 Jensen Dr,King Salmon,AK,99613,2,2060,Bristol Bay Borough,58.701946,-156.66609300000002,N,N,0,N,N,200,02037,0200S,2024-2025,43,0.0,0.0,0.0,0.0,0.0,0.0,0.0,0.0,0.0,0.0,0.0,100.0
200510,Matanuska-Susitna Borough School District,2,501 N Gulkana St,Palmer,AK,99645,2,2170,Matanuska-Susitna Borough,61.611321000000004,-149.097358,11260,"Anchorage, AK",1,N,N,200,02025,0200M,2024-2025,23,0.0,0.0,0.0,0.0,0.0,63.97,0.0,0.0,0.0,27.65,6.35,2.03
200520,Iditarod Area School District,2,90 Chinana Ave,McGrath,AK,99627,2,2290,Yukon-Koyukuk Census Area,62.95433,-155.59557800000002,N,N,0,N,N,200,02036,0200R,2024-2025,43,0.0,0.0,0.0,0.0,0.0,0.0,39.92,0.0,0.0,0.0,0.0,60.08
200525,Annette Island School District,2,89A 4th Ave,Metlakatla,AK,99926,2,2198,Prince of Wales-Hyder Census Area,55.126236,-131.577064,N,N,0,N,N,200,02001,0200A,2024-2025,43,0.0,0.0,0.0,0.0,0.0,0.0,0.0,0.0,0.0,0.0,0.0,100.0
200540,Nenana City School District,2,406 E 2nd St,Nenana,AK,99760,2,2290,Yukon-Koyukuk Census Area,64.56177600000001,-149.088866,N,N,0,N,N,200,02036,0200R,2024-2025,43,0.0,0.0,0.0,0.0,0.0,0.0,0.0,0.0,0.0,0.0,0.0,100.0
200570,Nome Public Schools,2,Mile 3.5 Nome-Teller Hwy,Nome,AK,99762,2,2180,Nome Census Area,64.54245300000001,-165.40547,N,N,0,N,N,200,02039,0200T,2024-2025,43,0.0,0.0,0.0,0.0,0.0,0.0,0.0,0.0,0.0,0.0,0.0,100.0
200600,Fairbanks North Star Borough School District,2,520 Fifth Ave,Fairbanks,AK,99701,2,2090,Fairbanks North Star Borough,64.842168,-147.718047,21820,"Fairbanks-College, AK",1,N,N,200,02031,0200P,2024-2025,13,0.0,0.0,67.95,0.0,0.0,17.66,0.0,0.0,0.0,13.33,1.06,0.0
200610,North Slope Borough School District,2,829 Aivik St,Utqiagvik,AK,99723,2,2185,North Slope Borough,71.291244,-156.788489,N,N,0,N,N,200,02040,0200T,2024-2025,43,0.0,0.0,0.0,0.0,0.0,0.0,0.0,0.0,0.0,0.0,0.0,100.0
200625,Northwest Arctic Borough School District,2,776 Third Ave,Kotzebue,AK,99752,2,2188,Northwest Arctic Borough,66.90152400000001,-162.586946,N,N,0,N,N,200,02040,0200T,2024-2025,43,0.0,0.0,0.0,0.0,0.0,0.0,0.0,0.0,0.0,0.0,0.0,100.0
200630,Pelican City School District,2,14 Chum Way,Pelican,AK,99832,2,2105,Hoonah-Angoon Census Area,57.956804000000005,-136.222059,N,N,0,N,N,200,02002,0200A,2024-2025,43,0.0,0.0,0.0,0.0,0.0,0.0,0.0,0.0,0.0,0.0,0.0,100.0
200660,Petersburg Borough School District,2,201 Charles W St,Petersburg,AK,99833,2,2195,Petersburg Borough,56.814831000000005,-132.954464,N,N,0,N,N,200,02002,0200A,2024-2025,43,0.0,0.0,0.0,0.0,0.0,0.0,0.0,0.0,0.0,0.0,0.0,100.0
200670,Pribilof School District,2,930 Tolstoi Blvd,St. Paul Island,AK,99660,2,2016,Aleutians West Census Area,57.120896,-170.279219,N,N,0,N,N,200,02037,0200S,2024-2025,43,0.0,0.0,0.0,0.0,0.0,0.0,0.0,0.0,0.0,0.0,0.0,100.0
200680,Saint Mary's School District,2,1 Dixon Circle,Saint Mary's,AK,99658,2,2158,Kusilvak Census Area,62.052226000000005,-163.180707,N,N,0,N,N,200,02039,0200T,2024-2025,43,0.0,0.0,0.0,0.0,0.0,0.0,0.0,0.0,0.0,0.0,0.0,100.0
200690,Skagway School District,2,1563 Main St,Skagway,AK,99840,2,2230,Skagway Municipality,59.463181,-135.307408,N,N,0,N,N,200,02003,0200B,2024-2025,43,0.0,0.0,0.0,0.0,0.0,0.0,0.0,0.0,0.0,0.0,0.0,100.0
200700,Southeast Island School District,2,1010 Sandy Beach Rd,Thorne Bay,AK,99919,2,2198,Prince of Wales-Hyder Census Area,55.689263000000004,-132.524451,N,N,0,N,N,200,02002,0200A,2024-2025,43,0.0,0.0,0.0,0.0,0.0,0.0,0.0,0.0,0.0,0.0,0.0,100.0
200710,Southwest Region School District,2,574 Kenny Wren Rd,Dillingham,AK,99576,2,2070,Dillingham Census Area,59.043046000000004,-158.468244,N,N,0,N,N,200,02037,0200S,2024-2025,43,0.0,0.0,0.0,0.0,0.0,0.0,0.0,0.0,0.0,0.0,0.0,100.0
200715,Tanana City School District,2,closed,closed,AK,99709,2,2290,Yukon-Koyukuk Census Area,65.171308,-152.08784400000002,N,N,0,N,N,200,02036,0200R,2024-2025,43,0.0,0.0,0.0,0.0,0.0,0.0,0.0,0.0,0.0,0.0,0.0,100.0
200720,Unalaska City School District,2,55 E Broadway St,Unalaska,AK,99685,2,2016,Aleutians West Census Area,53.872671000000004,-166.529624,N,N,0,N,N,200,02037,0200S,2024-2025,43,0.0,0.0,0.0,0.0,0.0,0.0,0.0,0.0,0.0,0.0,0.0,100.0
200730,Chatham School District,2,500 Big Dog Salmon Way,Angoon,AK,99820,2,2105,Hoonah-Angoon Census Area,57.497734,-134.584631,N,N,0,N,N,200,02002,0200A,2024-2025,43,0.0,0.0,0.0,0.0,0.0,0.0,0.0,0.0,0.0,0.0,0.0,100.0
200760,Kuspuk School District,2,100 Boundary Ave,Aniak,AK,99557,2,2050,Bethel Census Area,61.582025,-159.538328,N,N,0,N,N,200,02037,0200S,2024-2025,43,0.0,0.0,0.0,0.0,0.0,0.0,0.0,0.0,0.0,0.0,0.0,100.0
200770,Denali Borough School District,2,1 Suntrana St,Healy,AK,99743,2,2068,Denali Borough,63.872903,-149.01553900000002,N,N,0,N,N,200,02030,0200O,2024-2025,43,0.0,0.0,0.0,0.0,0.0,0.0,0.0,0.0,0.0,0.0,0.0,100.0
200775,Yukon Flats School District,2,123 Hill St,Ft. Yukon,AK,99740,2,2290,Yukon-Koyukuk Census Area,66.564638,-145.254014,N,N,0,N,N,200,02036,0200R,2024-2025,43,0.0,0.0,0.0,0.0,0.0,0.0,0.0,0.0,0.0,0.0,0.0,100.0
200780,Valdez City School District,2,1112 W Klutina,Valdez,AK,99686,2,2063,Chugach Census Area,61.133205000000004,-146.376124,N,N,0,N,N,200,02029,0200O,2024-2025,43,0.0,0.0,0.0,0.0,0.0,0.0,0.0,0.0,0.0,0.0,0.0,100.0
200800,Chugach School District,2,9312 Vanguard Dr Ste 100,Anchorage,AK,99507,2,2020,Anchorage Municipality,61.1364,-149.848232,11260,"Anchorage, AK",1,N,N,200,02011,0200F,2024-2025,11,88.98,0.0,0.0,0.0,0.0,0.0,0.0,0.0,0.0,0.0,0.0,11.02
200810,Wrangell Public School District,2,350 Bennett St,Wrangell,AK,99929,2,2275,Wrangell City and Borough,56.47256,-132.374653,N,N,0,N,N,200,02001,0200A,2024-2025,43,0.0,0.0,0.0,0.0,0.0,0.0,0.0,0.0,0.0,0.0,0.0,100.0
200840,Yakutat School District,2,429 Forest Hwy,Yakutat,AK,99689,2,2282,Yakutat City and Borough,59.546637000000004,-139.723329,N,N,0,N,N,200,02002,0200A,2024-2025,43,0.0,0.0,0.0,0.0,0.0,0.0,0.0,0.0,0.0,0.0,0.0,100.0
200862,Yukon-Koyukuk School District,2,4762 Old Airport Way,Fairbanks,AK,99709,2,2090,Fairbanks North Star Borough,64.83593,-147.82694600000002,21820,"Fairbanks-College, AK",1,N,N,200,02035,0200R,2024-2025,13,0.0,0.0,91.63,0.0,0.0,0.0,0.0,0.0,0.0,0.0,0.0,8.37
400001,Cave Creek Unified District (4244),4,33016 N 60TH ST,SCOTTSDALE,AZ,85266,4,4013,Maricopa County,33.785837,-111.95359400000001,38060,"Phoenix-Mesa-Chandler, AZ",1,429,"Phoenix-Mesa, AZ",401,04003,04003,2024-2025,12,18.68,54.13,0.0,0.0,0.0,0.0,0.0,0.0,0.0,27.18,0.0,0.0
400003,Chino Valley Unified District (4474),4,650 E CENTER ST,CHINO VALLEY,AZ,86323,4,4025,Yavapai County,34.746235,-112.45397700000001,39150,"Prescott Valley-Prescott, AZ",1,N,N,402,04001,04001,2024-2025,31,0.0,0.0,0.0,0.0,0.0,0.0,68.03,0.0,0.0,31.97,0.0,0.0
400004,Clarkdale-Jerome Elementary District (4486),4,1615 MAIN ST,CLARKDALE,AZ,86324,4,4025,Yavapai County,34.767775,-112.066434,39150,"Prescott Valley-Prescott, AZ",1,N,N,402,04001,04001,2024-2025,41,0.0,0.0,0.0,0.0,0.0,0.0,0.0,0.0,0.0,100.0,0.0,0.0
400005,Salome Consolidated Elementary District (4514),4,38128 Saguaro & Main,Salome,AZ,85348,4,4012,La Paz County,33.781733,-113.62020700000001,N,N,0,N,N,409,04030,04030,2024-2025,43,0.0,0.0,0.0,0.0,0.0,0.0,0.0,0.0,0.0,0.0,0.0,100.0
400016,Center for Academic Success Inc. (4191),4,900 CARMELITA DR,SIERRA VISTA,AZ,85635,4,4003,Cochise County,31.558156,-110.289873,43420,"Sierra Vista-Douglas, AZ",1,N,N,406,04019,04019,2024-2025,33,0.0,0.0,43.56,0.0,0.0,0.0,0.0,0.0,56.44,0.0,0.0,0.0
400018,Pine Forest Education Association Inc. (4201),4,1120 W KAIBAB LN,FLAGSTAFF,AZ,86001,4,4005,Coconino County,35.217552,-111.614165,22380,"Flagstaff, AZ",1,N,N,402,04006,04006,2024-2025,13,0.0,0.0,100.0,0.0,0.0,0.0,0.0,0.0,0.0,0.0,0.0,0.0
400019,Flagstaff Arts And Leadership Academy (4202),4,3401 N FORT VALLEY RD,FLAGSTAFF,AZ,86001,4,4005,Coconino County,35.238075,-111.668772,22380,"Flagstaff, AZ",1,N,N,402,04006,04006,2024-2025,13,0.0,0.0,100.0,0.0,0.0,0.0,0.0,0.0,0.0,0.0,0.0,0.0
400020,Flagstaff Montessori (4205),4,850 N LOCUST ST,FLAGSTAFF,AZ,86001,4,4005,Coconino County,35.2005,-111.63140000000001,22380,"Flagstaff, AZ",1,N,N,402,04006,04006,2024-2025,13,0.0,0.0,100.0,0.0,0.0,0.0,0.0,0.0,0.0,0.0,0.0,0.0
400021,Colorado City Unified District (4370),4,325 North Cottonwood St,Colorado City,AZ,86021,4,4015,Mohave County,36.996523,-113.004242,29420,"Lake Havasu City-Kingman, AZ",1,N,N,409,04030,04030,2024-2025,43,0.0,0.0,0.0,0.0,0.0,0.0,0.0,0.0,0.0,0.0,38.1,61.9
400022,Vernon Elementary District (4162),4,90 CRN 3139,Vernon,AZ,85940,4,4001,Apache County,34.2498,-109.6944,N,N,0,N,N,402,04006,04006,2024-2025,43,0.0,0.0,0.0,0.0,0.0,0.0,0.0,0.0,0.0,0.0,0.0,100.0
400023,Pinon Unified District (4390),4,Navajo Hwy 41,Pinon,AZ,86510,4,4017,Navajo County,36.11397,-110.216254,43320,"Show Low, AZ",2,N,N,402,04006,04006,2024-2025,43,0.0,0.0,0.0,0.0,0.0,0.0,0.0,0.0,0.0,0.0,0.0,100.0
400026,Heber-Overgaard Unified District (4392),4,3375 BUCKSKIN CANYON RD,HEBER,AZ,85928,4,4017,Navajo County,34.427628,-110.596708,43320,"Show Low, AZ",2,N,N,402,04007,04007,2024-2025,33,0.0,0.0,0.0,0.0,0.0,0.0,0.0,0.0,50.82,49.18,0.0,0.0
400028,Triumphant Learning Center (4225),4,201 E MAIN ST,SAFFORD,AZ,85546,4,4009,Graham County,32.833,-109.70580000000001,40940,"Safford, AZ",2,N,N,406,04019,04019,2024-2025,33,0.0,0.0,0.0,0.0,0.0,0.0,0.0,0.0,100.0,0.0,0.0,0.0
400031,Ridgeline Academy Inc. (4301),4,33625 N NORTH VALLEY PKWY,PHOENIX,AZ,85085,4,4013,Maricopa County,33.790133000000004,-112.12092500000001,38060,"Phoenix-Mesa-Chandler, AZ",1,429,"Phoenix-Mesa, AZ",408,04003,04003,2024-2025,11,100.0,0.0,0.0,0.0,0.0,0.0,0.0,0.0,0.0,0.0,0.0,0.0
400033,The Boys & Girls Clubs of the Valley (4305),4,221 W 6TH AVE,MESA,AZ,85210,4,4013,Maricopa County,33.403803,-111.836464,38060,"Phoenix-Mesa-Chandler, AZ",1,429,"Phoenix-Mesa, AZ",404,04009,04009,2024-2025,11,100.0,0.0,0.0,0.0,0.0,0.0,0.0,0.0,0.0,0.0,0.0,0.0
400034,Reid Traditional Schools' Valley Academy Inc. (4306),4,14841 N BLACK CANYON HWY,PHOENIX,AZ,85023,4,4013,Maricopa County,33.6207,-112.115121,38060,"Phoenix-Mesa-Chandler, AZ",1,429,"Phoenix-Mesa, AZ",408,04002,04002,2024-2025,11,100.0,0.0,0.0,0.0,0.0,0.0,0.0,0.0,0.0,0.0,0.0,0.0
400037,Twenty First Century Charter School Inc. Bennett  (4310),4,2930 W BETHANY HOME RD,PHOENIX,AZ,85017,4,4013,Maricopa County,33.5251,-112.1221,38060,"Phoenix-Mesa-Chandler, AZ",1,429,"Phoenix-Mesa, AZ",403,04026,04026,2024-2025,11,100.0,0.0,0.0,0.0,0.0,0.0,0.0,0.0,0.0,0.0,0.0,0.0
400040,STEP UP Schools Inc. (4313),4,44 E 5TH ST,MESA,AZ,85201,4,4013,Maricopa County,33.424138,-111.830049,38060,"Phoenix-Mesa-Chandler, AZ",1,429,"Phoenix-Mesa, AZ",404,04009,04009,2024-2025,11,100.0,0.0,0.0,0.0,0.0,0.0,0.0,0.0,0.0,0.0,0.0,0.0
400041,Maricopa County Community College District dba Gat (4314),4,108 N 40TH ST,PHOENIX,AZ,85034,4,4013,Maricopa County,33.4493,-111.9971,38060,"Phoenix-Mesa-Chandler, AZ",1,429,"Phoenix-Mesa, AZ",403,04008,04008,2024-2025,11,100.0,0.0,0.0,0.0,0.0,0.0,0.0,0.0,0.0,0.0,0.0,0.0
400043,New School For The Arts (4316),4,1216 E APACHE BLVD,TEMPE,AZ,85281,4,4013,Maricopa County,33.415291,-111.91922100000001,38060,"Phoenix-Mesa-Chandler, AZ",1,429,"Phoenix-Mesa, AZ",404,04008,04008,2024-2025,12,0.0,100.0,0.0,0.0,0.0,0.0,0.0,0.0,0.0,0.0,0.0,0.0
400047,Salt River Pima-Maricopa  Community Schools (4320),4,4827 N COUNTRY CLUB DR,SCOTTSDALE,AZ,85256,4,4013,Maricopa County,33.507297,-111.831512,38060,"Phoenix-Mesa-Chandler, AZ",1,429,"Phoenix-Mesa, AZ",401,04008,04008,2024-2025,41,0.0,0.0,0.0,0.0,0.0,0.0,0.0,0.0,0.0,100.0,0.0,0.0
400052,Espiritu Community Development Corp. (4335),4,4848 S 2ND ST,PHOENIX,AZ,85040,4,4013,Maricopa County,33.401921,-112.07142400000001,38060,"Phoenix-Mesa-Chandler, AZ",1,429,"Phoenix-Mesa, AZ",403,04011,04011,2024-2025,11,100.0,0.0,0.0,0.0,0.0,0.0,0.0,0.0,0.0,0.0,0.0,0.0
400053,Heritage Academy Inc. (4336),4,32 S CENTER ST,MESA,AZ,85210,4,4013,Maricopa County,33.4142,-111.83210000000001,38060,"Phoenix-Mesa-Chandler, AZ",1,429,"Phoenix-Mesa, AZ",404,04009,04009,2024-2025,11,86.16,0.0,0.0,13.84,0.0,0.0,0.0,0.0,0.0,0.0,0.0,0.0
400054,Villa Montessori Charter School (4339),4,2802 E MEADOWBROOK AVE,PHOENIX,AZ,85016,4,4013,Maricopa County,33.504455,-112.02109100000001,38060,"Phoenix-Mesa-Chandler, AZ",1,429,"Phoenix-Mesa, AZ",401,04005,04005,2024-2025,11,100.0,0.0,0.0,0.0,0.0,0.0,0.0,0.0,0.0,0.0,0.0,0.0
400055,EduPreneurship Inc. (4341),4,2632 W AUGUSTA AVE,PHOENIX,AZ,85051,4,4013,Maricopa County,33.544468,-112.117626,38060,"Phoenix-Mesa-Chandler, AZ",1,429,"Phoenix-Mesa, AZ",408,04026,04026,2024-2025,11,100.0,0.0,0.0,0.0,0.0,0.0,0.0,0.0,0.0,0.0,0.0,0.0
400056,Arizona School For The Arts (4345),4,1410 N 3RD ST,PHOENIX,AZ,85004,4,4013,Maricopa County,33.464439,-112.06979100000001,38060,"Phoenix-Mesa-Chandler, AZ",1,429,"Phoenix-Mesa, AZ",403,04005,04005,2024-2025,11,100.0,0.0,0.0,0.0,0.0,0.0,0.0,0.0,0.0,0.0,0.0,0.0
400057,Arizona Center for Youth Resources (4346),4,649 N 6TH AVE,PHOENIX,AZ,85003,4,4013,Maricopa County,33.456125,-112.081191,38060,"Phoenix-Mesa-Chandler, AZ",1,429,"Phoenix-Mesa, AZ",403,04005,04005,2024-2025,11,100.0,0.0,0.0,0.0,0.0,0.0,0.0,0.0,0.0,0.0,0.0,0.0
400061,Intelli-School Inc. (4352),4,2222 W NORTHERN AVE STE A110,PHOENIX,AZ,85021,4,4013,Maricopa County,33.553719,-112.10712400000001,38060,"Phoenix-Mesa-Chandler, AZ",1,429,"Phoenix-Mesa, AZ",408,04026,04026,2024-2025,11,100.0,0.0,0.0,0.0,0.0,0.0,0.0,0.0,0.0,0.0,0.0,0.0
400065,Benjamin Franklin Charter School - Queen Creek (4355),4,22951 S POWER RD,QUEEN CREEK,AZ,85142,4,4013,Maricopa County,33.240518,-111.683653,38060,"Phoenix-Mesa-Chandler, AZ",1,429,"Phoenix-Mesa, AZ",405,04015,04015,2024-2025,41,18.01,0.0,0.0,17.01,0.0,0.0,0.0,0.0,0.0,64.98,0.0,0.0
400067,Victory High School Inc. (4358),4,1650 W SOUTHERN AVE,PHOENIX,AZ,85041,4,4013,Maricopa County,33.392729,-112.094458,38060,"Phoenix-Mesa-Chandler, AZ",1,429,"Phoenix-Mesa, AZ",403,04011,04011,2024-2025,11,100.0,0.0,0.0,0.0,0.0,0.0,0.0,0.0,0.0,0.0,0.0,0.0
400068,Montessori Day Public Schools Chartered Inc. (4359),4,9201 N 7TH AVE,PHOENIX,AZ,85021,4,4013,Maricopa County,33.569888,-112.052069,38060,"Phoenix-Mesa-Chandler, AZ",1,429,"Phoenix-Mesa, AZ",401,04005,04005,2024-2025,11,100.0,0.0,0.0,0.0,0.0,0.0,0.0,0.0,0.0,0.0,0.0,0.0
400069,Khalsa Montessori Elementary Schools (4360),4,2536 N 3RD ST,PHOENIX,AZ,85004,4,4013,Maricopa County,33.4761,-112.07020000000001,38060,"Phoenix-Mesa-Chandler, AZ",1,429,"Phoenix-Mesa, AZ",403,04005,04005,2024-2025,11,100.0,0.0,0.0,0.0,0.0,0.0,0.0,0.0,0.0,0.0,0.0,0.0
400070,Tempe Preparatory Academy (4361),4,1251 E SOUTHERN AVE,TEMPE,AZ,85282,4,4013,Maricopa County,33.392618,-111.91857300000001,38060,"Phoenix-Mesa-Chandler, AZ",1,429,"Phoenix-Mesa, AZ",404,04008,04008,2024-2025,12,0.0,100.0,0.0,0.0,0.0,0.0,0.0,0.0,0.0,0.0,0.0,0.0
400071,Bright Beginnings School Inc. (4362),4,400 N ANDERSEN BLVD,CHANDLER,AZ,85224,4,4013,Maricopa County,33.3086,-111.8743,38060,"Phoenix-Mesa-Chandler, AZ",1,429,"Phoenix-Mesa, AZ",404,04013,04013,2024-2025,11,100.0,0.0,0.0,0.0,0.0,0.0,0.0,0.0,0.0,0.0,0.0,0.0
400072,Montessori Education Centre Charter School (4363),4,2834 E SOUTHERN AVE,MESA,AZ,85204,4,4013,Maricopa County,33.394,-111.7697,38060,"Phoenix-Mesa-Chandler, AZ",1,429,"Phoenix-Mesa, AZ",404,04009,04009,2024-2025,11,100.0,0.0,0.0,0.0,0.0,0.0,0.0,0.0,0.0,0.0,0.0,0.0
400074,Kingman Academy Of Learning (4383),4,3410 N BURBANK ST,KINGMAN,AZ,86409,4,4015,Mohave County,35.222862,-114.02856000000001,29420,"Lake Havasu City-Kingman, AZ",1,N,N,409,04030,04030,2024-2025,32,0.0,0.0,0.0,0.0,0.0,0.0,0.0,100.0,0.0,0.0,0.0,0.0
400075,Young Scholars Academy Charter School Corp. (4385),4,1501 E VALENCIA RD,BULLHEAD CITY,AZ,86426,4,4015,Mohave County,35.0338,-114.5956,29420,"Lake Havasu City-Kingman, AZ",1,N,N,409,04030,04030,2024-2025,23,0.0,0.0,0.0,0.0,0.0,100.0,0.0,0.0,0.0,0.0,0.0,0.0
400077,Career Development Inc. (4400),4,1300 N Centennial Blvd,Taylor,AZ,85939,4,4017,Navajo County,34.4809,-110.09740000000001,43320,"Show Low, AZ",2,N,N,402,04007,04007,2024-2025,41,0.0,0.0,0.0,0.0,0.0,0.0,0.0,0.0,0.0,100.0,0.0,0.0
400078,Edge School Inc. The (4421),4,2555 E 1ST ST,TUCSON,AZ,85716,4,4019,Pima County,32.235137,-110.934258,46060,"Tucson, AZ",1,536,"Tucson-Nogales, AZ",407,04020,04020,2024-2025,11,58.11,0.0,0.0,41.89,0.0,0.0,0.0,0.0,0.0,0.0,0.0,0.0
400079,Tucson Youth Development/ACE Charter High School (4422),4,1901 N STONE AVE,TUCSON,AZ,85705,4,4019,Pima County,32.245757000000005,-110.972279,46060,"Tucson, AZ",1,536,"Tucson-Nogales, AZ",407,04020,04020,2024-2025,11,100.0,0.0,0.0,0.0,0.0,0.0,0.0,0.0,0.0,0.0,0.0,0.0
400081,Presidio School (4425),4,1695 E FORT LOWELL RD,TUCSON,AZ,85719,4,4019,Pima County,32.265323,-110.946866,46060,"Tucson, AZ",1,536,"Tucson-Nogales, AZ",406,04020,04020,2024-2025,11,100.0,0.0,0.0,0.0,0.0,0.0,0.0,0.0,0.0,0.0,0.0,0.0
400082,Colorado River Union High School District (4381),4,1004 HANCOCK RD # 200,BULLHEAD CITY,AZ,86442,4,4015,Mohave County,35.1073,-114.61185300000001,29420,"Lake Havasu City-Kingman, AZ",1,N,N,409,04030,04030,2024-2025,23,0.0,0.0,0.0,0.0,0.0,57.77,0.0,0.0,0.0,42.23,0.0,0.0
400083,Portable Practical Educational Preparation Inc. ( (4431),4,1840 E BENSON HWY,TUCSON,AZ,85714,4,4019,Pima County,32.1693,-110.9449,46060,"Tucson, AZ",1,536,"Tucson-Nogales, AZ",407,04021,04021,2024-2025,32,15.65,0.0,23.75,0.0,0.0,0.0,12.01,25.37,23.21,0.0,0.0,0.0
400089,Sedona Charter School Inc. (4492),4,165 KACHINA DR,SEDONA,AZ,86336,4,4025,Yavapai County,34.862352,-111.819878,39150,"Prescott Valley-Prescott, AZ",1,N,N,402,04001,04001,2024-2025,32,0.0,0.0,0.0,0.0,0.0,0.0,0.0,100.0,0.0,0.0,0.0,0.0
400090,Mingus Springs Charter School (4493),4,3600 SUNSET DR,CHINO VALLEY,AZ,86323,4,4025,Yavapai County,34.799453,-112.493037,39150,"Prescott Valley-Prescott, AZ",1,N,N,402,04001,04001,2024-2025,31,0.0,0.0,0.0,0.0,0.0,0.0,100.0,0.0,0.0,0.0,0.0,0.0
400092,Franklin Phonetic Primary School Inc. (4495),4,6116 East Highway 69,Prescott Valley,AZ,86314,4,4025,Yavapai County,34.580772,-112.35807100000001,39150,"Prescott Valley-Prescott, AZ",1,N,N,402,04001,04001,2024-2025,13,0.0,0.0,100.0,0.0,0.0,0.0,0.0,0.0,0.0,0.0,0.0,0.0
400093,Skyview School Inc. (4496),4,125 S RUSH ST,PRESCOTT,AZ,86303,4,4025,Yavapai County,34.5413,-112.45630000000001,39150,"Prescott Valley-Prescott, AZ",1,N,N,402,04001,04001,2024-2025,13,0.0,0.0,100.0,0.0,0.0,0.0,0.0,0.0,0.0,0.0,0.0,0.0
400094,Az-Tec High School (4508),4,2330 W 28TH ST,YUMA,AZ,85364,4,4027,Yuma County,32.677605,-114.64958,49740,"Yuma, AZ",1,N,N,407,04023,04023,2024-2025,12,0.0,100.0,0.0,0.0,0.0,0.0,0.0,0.0,0.0,0.0,0.0,0.0
400095,Yuma Private Industry Council Inc. (4509),4,3834 W 16TH ST,YUMA,AZ,85364,4,4027,Yuma County,32.699735000000004,-114.66576,49740,"Yuma, AZ",1,N,N,407,04023,04023,2024-2025,12,0.0,100.0,0.0,0.0,0.0,0.0,0.0,0.0,0.0,0.0,0.0,0.0
400096,Mountain School Inc. (4203),4,311 W CATTLE DRIVE TRL,FLAGSTAFF,AZ,86005,4,4005,Coconino County,35.162600000000005,-111.6692,22380,"Flagstaff, AZ",1,N,N,402,04007,04007,2024-2025,13,0.0,0.0,100.0,0.0,0.0,0.0,0.0,0.0,0.0,0.0,0.0,0.0
400097,Northland Preparatory Academy (4204),4,3300 E SPARROW AVE,FLAGSTAFF,AZ,86004,4,4005,Coconino County,35.199600000000004,-111.6062,22380,"Flagstaff, AZ",1,N,N,402,04007,04007,2024-2025,13,0.0,0.0,100.0,0.0,0.0,0.0,0.0,0.0,0.0,0.0,0.0,0.0
400098,Flagstaff Junior Academy (4207),4,306 W CEDAR AVE,FLAGSTAFF,AZ,86001,4,4005,Coconino County,35.2135,-111.64590000000001,22380,"Flagstaff, AZ",1,N,N,402,04006,04006,2024-2025,13,0.0,0.0,100.0,0.0,0.0,0.0,0.0,0.0,0.0,0.0,0.0,0.0
400099,Liberty High School (4216),4,1300 E CEDAR ST,GLOBE,AZ,85501,4,4007,Gila County,33.401231,-110.77580200000001,37740,"Payson, AZ",2,429,"Phoenix-Mesa, AZ",402,04007,04007,2024-2025,33,0.0,0.0,0.0,0.0,0.0,0.0,0.0,0.0,100.0,0.0,0.0,0.0
400100,Ball Charter Schools (Hearn) (4294),4,17606 N 7TH AVE,PHOENIX,AZ,85023,4,4013,Maricopa County,33.6449,-112.0832,38060,"Phoenix-Mesa-Chandler, AZ",1,429,"Phoenix-Mesa, AZ",401,04002,04002,2024-2025,11,100.0,0.0,0.0,0.0,0.0,0.0,0.0,0.0,0.0,0.0,0.0,0.0
400102,Friendly House Inc. (4303),4,802 S 1ST AVE,PHOENIX,AZ,85003,4,4013,Maricopa County,33.439892,-112.07558700000001,38060,"Phoenix-Mesa-Chandler, AZ",1,429,"Phoenix-Mesa, AZ",403,04011,04011,2024-2025,11,100.0,0.0,0.0,0.0,0.0,0.0,0.0,0.0,0.0,0.0,0.0,0.0
400103,Ombudsman Educational Services Ltd.a subsidiary  (4323),4,3624 West Bell Road Suite 4-6,Glendale,AZ,85308,4,4013,Maricopa County,33.640426,-112.136724,38060,"Phoenix-Mesa-Chandler, AZ",1,429,"Phoenix-Mesa, AZ",408,04002,04002,2024-2025,11,59.79,5.36,0.0,26.09,0.0,0.0,0.0,0.0,0.0,8.76,0.0,0.0
400106,Arizona Agribusiness & Equine Center Inc. (4331),4,3775 E UNION HILLS DR,PHOENIX,AZ,85050,4,4013,Maricopa County,33.654305,-112.00138000000001,38060,"Phoenix-Mesa-Chandler, AZ",1,429,"Phoenix-Mesa, AZ",401,04002,04002,2024-2025,11,100.0,0.0,0.0,0.0,0.0,0.0,0.0,0.0,0.0,0.0,0.0,0.0
400107,International Commerce Secondary Schools Inc. (4334),4,3345 South Rural Road,Tempe,AZ,85282,4,4013,Maricopa County,33.39147,-111.92603600000001,38060,"Phoenix-Mesa-Chandler, AZ",1,429,"Phoenix-Mesa, AZ",404,04008,04008,2024-2025,11,100.0,0.0,0.0,0.0,0.0,0.0,0.0,0.0,0.0,0.0,0.0,0.0
400108,Humanities and Sciences Academy of the United Stat (4337),4,3345 South Rural Road,Tempe,AZ,85282,4,4013,Maricopa County,33.39147,-111.92603600000001,38060,"Phoenix-Mesa-Chandler, AZ",1,429,"Phoenix-Mesa, AZ",404,04008,04008,2024-2025,12,14.66,85.34,0.0,0.0,0.0,0.0,0.0,0.0,0.0,0.0,0.0,0.0
400109,Phoenix Advantage Charter School Inc. (4338),4,3738 N 16TH ST,PHOENIX,AZ,85016,4,4013,Maricopa County,33.4914,-112.04860000000001,38060,"Phoenix-Mesa-Chandler, AZ",1,429,"Phoenix-Mesa, AZ",403,04005,04005,2024-2025,11,100.0,0.0,0.0,0.0,0.0,0.0,0.0,0.0,0.0,0.0,0.0,0.0
400111,Allen-Cochran Enterprises Inc. (4347),4,1700 E ELLIOT RD STE 9,TEMPE,AZ,85284,4,4013,Maricopa County,33.349994,-111.9136,38060,"Phoenix-Mesa-Chandler, AZ",1,429,"Phoenix-Mesa, AZ",404,04012,04012,2024-2025,12,0.0,100.0,0.0,0.0,0.0,0.0,0.0,0.0,0.0,0.0,0.0,0.0
400112,American Leadership Academy Inc. (4348),4,6913 E REMBRANDT AVE STE 2,MESA,AZ,85212,4,4013,Maricopa County,33.340839,-111.68263200000001,38060,"Phoenix-Mesa-Chandler, AZ",1,429,"Phoenix-Mesa, AZ",405,04015,04015,2024-2025,41,24.28,0.0,0.0,22.56,0.0,0.0,0.0,0.0,0.0,53.16,0.0,0.0
400113,Fountain Hills Charter School (4356),4,16811 E EL PUEBLO BLVD,FOUNTAIN HLS,AZ,85268,4,4013,Maricopa County,33.622604,-111.71759200000001,38060,"Phoenix-Mesa-Chandler, AZ",1,429,"Phoenix-Mesa, AZ",401,04003,04003,2024-2025,21,0.0,0.0,0.0,100.0,0.0,0.0,0.0,0.0,0.0,0.0,0.0,0.0
400115,Hermosa Montessori Charter School (4426),4,12051 E FORT LOWELL RD,TUCSON,AZ,85749,4,4019,Pima County,32.266606,-110.734859,46060,"Tucson, AZ",1,536,"Tucson-Nogales, AZ",406,04017,04017,2024-2025,41,0.0,0.0,0.0,0.0,0.0,0.0,0.0,0.0,0.0,100.0,0.0,0.0
400120,Arizona Department of Corrections (8336),4,1601 W JEFFERSON ST,PHOENIX,AZ,85007,4,4013,Maricopa County,33.446744,-112.064446,38060,"Phoenix-Mesa-Chandler, AZ",1,429,"Phoenix-Mesa, AZ",403,04011,04011,2024-2025,11,-2.0,-2.0,-2.0,-2.0,-2.0,-2.0,-2.0,-2.0,-2.0,-2.0,-2.0,-2.0
400121,Accelerated Learning Center Inc. (4297),4,4105 E SHEA BLVD,PHOENIX,AZ,85028,4,4013,Maricopa County,33.581900000000005,-111.9923,38060,"Phoenix-Mesa-Chandler, AZ",1,429,"Phoenix-Mesa, AZ",401,04004,04004,2024-2025,11,100.0,0.0,0.0,0.0,0.0,0.0,0.0,0.0,0.0,0.0,0.0,0.0
400122,Acclaim Charter School (4325),4,7624 W INDIAN SCHOOL RD,PHOENIX,AZ,85033,4,4013,Maricopa County,33.495776,-112.22438500000001,38060,"Phoenix-Mesa-Chandler, AZ",1,429,"Phoenix-Mesa, AZ",403,04024,04024,2024-2025,11,100.0,0.0,0.0,0.0,0.0,0.0,0.0,0.0,0.0,0.0,0.0,0.0
400124,Genesis Program Inc. (4332),4,525 E MCDOWELL RD,PHOENIX,AZ,85004,4,4013,Maricopa County,33.4654,-112.0661,38060,"Phoenix-Mesa-Chandler, AZ",1,429,"Phoenix-Mesa, AZ",403,04005,04005,2024-2025,11,100.0,0.0,0.0,0.0,0.0,0.0,0.0,0.0,0.0,0.0,0.0,0.0
400126,Montessori Schoolhouse of Tucson Inc. (4428),4,1301 E FORT LOWELL RD,TUCSON,AZ,85719,4,4019,Pima County,32.26515,-110.95205800000001,46060,"Tucson, AZ",1,536,"Tucson-Nogales, AZ",406,04020,04020,2024-2025,11,100.0,0.0,0.0,0.0,0.0,0.0,0.0,0.0,0.0,0.0,0.0,0.0
400129,Accelerated Elementary and Secondary Schools (6364),4,5245 N CAMINO DE OESTE,TUCSON,AZ,85745,4,4019,Pima County,32.303000000000004,-111.0652,46060,"Tucson, AZ",1,536,"Tucson-Nogales, AZ",407,04016,04016,2024-2025,21,-2.0,-2.0,-2.0,-2.0,-2.0,-2.0,-2.0,-2.0,-2.0,-2.0,-2.0,-2.0
400130,Edkey Inc. dba American Heritage Academy  (6365),4,2030 E CHERRY ST,COTTONWOOD,AZ,86326,4,4025,Yavapai County,34.732279,-112.00460500000001,39150,"Prescott Valley-Prescott, AZ",1,N,N,402,04001,04001,2024-2025,32,0.0,0.0,0.0,0.0,0.0,0.0,0.0,100.0,0.0,0.0,0.0,0.0
400131,The Charter Foundation Inc. (6355),4,1150 N COUNTRY CLUB RD,TUCSON,AZ,85716,4,4019,Pima County,32.237561,-110.926438,46060,"Tucson, AZ",1,536,"Tucson-Nogales, AZ",406,04018,04018,2024-2025,12,47.04,52.96,0.0,0.0,0.0,0.0,0.0,0.0,0.0,0.0,0.0,0.0
400134,BASIS Charter Schools Inc. (6361),4,7975 N HAYDEN RD STE B100,SCOTTSDALE,AZ,85258,4,4013,Maricopa County,33.553063,-111.89736900000001,38060,"Phoenix-Mesa-Chandler, AZ",1,429,"Phoenix-Mesa, AZ",401,04004,04004,2024-2025,11,100.0,0.0,0.0,0.0,0.0,0.0,0.0,0.0,0.0,0.0,0.0,0.0
400135,Challenge School Inc. (6362),4,5801 W GREENBRIAR DR,GLENDALE,AZ,85308,4,4013,Maricopa County,33.6425,-112.1838,38060,"Phoenix-Mesa-Chandler, AZ",1,429,"Phoenix-Mesa, AZ",408,04027,04027,2024-2025,21,0.0,0.0,0.0,100.0,0.0,0.0,0.0,0.0,0.0,0.0,0.0,0.0
400141,Discovery Plus Academy (6357),4,852 W 250 N,PIMA,AZ,85543,4,4009,Graham County,32.9014,-109.84500000000001,40940,"Safford, AZ",2,N,N,406,04019,04019,2024-2025,42,0.0,0.0,0.0,0.0,0.0,0.0,0.0,0.0,0.0,0.0,100.0,0.0
400144,CPLC Community Schools (4300),4,715 West Mariposa Street,Phoenix,AZ,85013,4,4013,Maricopa County,33.508237,-112.083686,38060,"Phoenix-Mesa-Chandler, AZ",1,429,"Phoenix-Mesa, AZ",403,04005,04005,2024-2025,11,100.0,0.0,0.0,0.0,0.0,0.0,0.0,0.0,0.0,0.0,0.0,0.0
400145,Gem Charter School Inc. (6372),4,1704 N CENTER ST,MESA,AZ,85201,4,4013,Maricopa County,33.446194,-111.83166600000001,38060,"Phoenix-Mesa-Chandler, AZ",1,429,"Phoenix-Mesa, AZ",404,04009,04009,2024-2025,11,100.0,0.0,0.0,0.0,0.0,0.0,0.0,0.0,0.0,0.0,0.0,0.0
400147,Ha:san Educational Services (6369),4,1333 E 10TH ST,TUCSON,AZ,85719,4,4019,Pima County,32.222799,-110.951447,46060,"Tucson, AZ",1,536,"Tucson-Nogales, AZ",407,04020,04020,2024-2025,11,100.0,0.0,0.0,0.0,0.0,0.0,0.0,0.0,0.0,0.0,0.0,0.0
400149,Kaizen Education Foundation dba El Dorado High Sch (4342),4,6150 N 16TH ST STE A,PHOENIX,AZ,85016,4,4013,Maricopa County,33.527109,-112.04795200000001,38060,"Phoenix-Mesa-Chandler, AZ",1,429,"Phoenix-Mesa, AZ",401,04005,04005,2024-2025,21,25.56,0.0,0.0,74.44,0.0,0.0,0.0,0.0,0.0,0.0,0.0,0.0
400150,Mexicayotl Academy Inc. (4463),4,850 N MORLEY AVE,NOGALES,AZ,85621,4,4023,Santa Cruz County,31.369541,-110.932776,35700,"Nogales, AZ",2,536,"Tucson-Nogales, AZ",407,04021,04021,2024-2025,33,19.62,0.0,0.0,0.0,0.0,0.0,0.0,0.0,80.38,0.0,0.0,0.0
400151,New Horizon School for the Performing Arts (4366),4,446 E BROADWAY RD,MESA,AZ,85204,4,4013,Maricopa County,33.408100000000005,-111.8212,38060,"Phoenix-Mesa-Chandler, AZ",1,429,"Phoenix-Mesa, AZ",404,04009,04009,2024-2025,11,100.0,0.0,0.0,0.0,0.0,0.0,0.0,0.0,0.0,0.0,0.0,0.0
400153,Phoenix School of Academic Excellence The (6379),4,5312 N 12TH ST STE 302,PHOENIX,AZ,85014,4,4013,Maricopa County,33.5153,-112.05690000000001,38060,"Phoenix-Mesa-Chandler, AZ",1,429,"Phoenix-Mesa, AZ",403,04005,04005,2024-2025,11,100.0,0.0,0.0,0.0,0.0,0.0,0.0,0.0,0.0,0.0,0.0,0.0
400154,Shonto Governing Board of Education Inc. (6353),4,East Highway 160/98,Shonto,AZ,86054,4,4017,Navajo County,36.598492,-110.655179,43320,"Show Low, AZ",2,N,N,402,04006,04006,2024-2025,43,0.0,0.0,0.0,0.0,0.0,0.0,0.0,0.0,0.0,0.0,0.0,100.0
400157,Edkey Inc. - Sequoia Choice Schools (4329),4,1460 S HORNE,MESA,AZ,85204,4,4013,Maricopa County,33.387587,-111.814937,38060,"Phoenix-Mesa-Chandler, AZ",1,429,"Phoenix-Mesa, AZ",404,04009,04009,2024-2025,11,73.97,0.0,0.0,0.0,0.0,0.0,0.0,0.0,0.0,26.03,0.0,0.0
400159,Tucson Preparatory School (6374),4,104 E PRINCE RD,TUCSON,AZ,85705,4,4019,Pima County,32.271717,-110.97104900000001,46060,"Tucson, AZ",1,536,"Tucson-Nogales, AZ",407,04020,04020,2024-2025,11,100.0,0.0,0.0,0.0,0.0,0.0,0.0,0.0,0.0,0.0,0.0,0.0
400160,Vision Charter School Inc. (4430),4,5901 South Calle Santa Cruz,Tucson,AZ,85709,4,4019,Pima County,32.145698,-110.989846,46060,"Tucson, AZ",1,536,"Tucson-Nogales, AZ",407,04020,04020,2024-2025,11,-2.0,-2.0,-2.0,-2.0,-2.0,-2.0,-2.0,-2.0,-2.0,-2.0,-2.0,-2.0
400163,Coconino County Accommodation School District (10386),4,2384 N. Steves Blvd.,Flagstaff,AZ,86004,4,4005,Coconino County,35.2093,-111.60400000000001,22380,"Flagstaff, AZ",1,N,N,402,04006,04006,2024-2025,13,0.0,0.0,71.43,0.0,0.0,0.0,0.0,0.0,28.57,0.0,0.0,0.0
400165,Keystone Montessori Charter School Inc. (10878),4,1025 E LIBERTY LN,PHOENIX,AZ,85048,4,4013,Maricopa County,33.295700000000004,-112.06060000000001,38060,"Phoenix-Mesa-Chandler, AZ",1,429,"Phoenix-Mesa, AZ",404,04012,04012,2024-2025,11,100.0,0.0,0.0,0.0,0.0,0.0,0.0,0.0,0.0,0.0,0.0,0.0
400178,Greenlee Alternative School District (4226),4,247 N Coronado,Clifton,AZ,85533,4,4011,Greenlee County,33.043325,-109.293356,N,N,0,N,N,406,04019,04019,2024-2025,43,-2.0,-2.0,-2.0,-2.0,-2.0,-2.0,-2.0,-2.0,-2.0,-2.0,-2.0,-2.0
400181,Benchmark School Inc. (10972),4,4120 E ACOMA DR,PHOENIX,AZ,85032,4,4013,Maricopa County,33.6199,-111.99300000000001,38060,"Phoenix-Mesa-Chandler, AZ",1,429,"Phoenix-Mesa, AZ",401,04004,04004,2024-2025,11,100.0,0.0,0.0,0.0,0.0,0.0,0.0,0.0,0.0,0.0,0.0,0.0
400182,Cambridge Academy  East  Inc (78888),4,9412 E BROWN RD,MESA,AZ,85207,4,4013,Maricopa County,33.437400000000004,-111.6276,38060,"Phoenix-Mesa-Chandler, AZ",1,429,"Phoenix-Mesa, AZ",405,04010,04010,2024-2025,11,99.59,0.0,0.0,0.41,0.0,0.0,0.0,0.0,0.0,0.0,0.0,0.0
400184,Ball Charter Schools (Dobson) (79204),4,2207 N DOBSON RD,CHANDLER,AZ,85224,4,4013,Maricopa County,33.3394,-111.8752,38060,"Phoenix-Mesa-Chandler, AZ",1,429,"Phoenix-Mesa, AZ",404,04012,04012,2024-2025,11,100.0,0.0,0.0,0.0,0.0,0.0,0.0,0.0,0.0,0.0,0.0,0.0
400185,Pioneer Technology & Arts Academy of Arizona (4340),4,1903 E ROESER RD,PHOENIX,AZ,85040,4,4013,Maricopa County,33.3992,-112.04,38060,"Phoenix-Mesa-Chandler, AZ",1,429,"Phoenix-Mesa, AZ",403,04011,04011,2024-2025,11,100.0,0.0,0.0,0.0,0.0,0.0,0.0,0.0,0.0,0.0,0.0,0.0
400187,Stepping Stones Academy (10966),4,35812 N 7TH ST,PHOENIX,AZ,85086,4,4013,Maricopa County,33.809572,-112.066225,38060,"Phoenix-Mesa-Chandler, AZ",1,429,"Phoenix-Mesa, AZ",408,04003,04003,2024-2025,21,0.0,0.0,0.0,100.0,0.0,0.0,0.0,0.0,0.0,0.0,0.0,0.0
400190,Liberty Traditional Charter School (10968),4,4027 N 45TH AVE,PHOENIX,AZ,85031,4,4013,Maricopa County,33.494004000000004,-112.155302,38060,"Phoenix-Mesa-Chandler, AZ",1,429,"Phoenix-Mesa, AZ",403,04026,04026,2024-2025,41,33.5,0.0,0.0,0.0,0.0,0.0,26.17,0.0,0.0,40.33,0.0,0.0
400191,Fit Kids Inc. dba Champion Schools (78783),4,7900 S JESSE OWENS PKWY,PHOENIX,AZ,85042,4,4013,Maricopa County,33.375347,-112.069951,38060,"Phoenix-Mesa-Chandler, AZ",1,429,"Phoenix-Mesa, AZ",403,04011,04011,2024-2025,11,65.36,0.0,0.0,34.64,0.0,0.0,0.0,0.0,0.0,0.0,0.0,0.0
400197,Northern Arizona Vocational Institute of Technolog (78786),4,951 W SNOWFLAKE BLVD,SNOWFLAKE,AZ,85937,4,4017,Navajo County,34.51236,-110.09415000000001,43320,"Show Low, AZ",2,N,N,402,04007,04007,2024-2025,43,0.0,0.0,0.0,0.0,0.0,0.0,0.0,0.0,29.49,6.41,0.0,64.1
400201,Pima County (4420),4,175 W IRVINGTON RD,TUCSON,AZ,85714,4,4019,Pima County,32.162836,-110.970465,46060,"Tucson, AZ",1,536,"Tucson-Nogales, AZ",407,04020,04020,2024-2025,11,100.0,0.0,0.0,0.0,0.0,0.0,0.0,0.0,0.0,0.0,0.0,0.0
400202,Academy of Tucson Inc. (78897),4,10720 E 22ND ST,TUCSON,AZ,85748,4,4019,Pima County,32.2059,-110.76371200000001,46060,"Tucson, AZ",1,536,"Tucson-Nogales, AZ",406,04017,04017,2024-2025,11,100.0,0.0,0.0,0.0,0.0,0.0,0.0,0.0,0.0,0.0,0.0,0.0
400204,Mountain Rose Academy Inc. (10879),4,3686 W ORANGE GROVE RD STE 192,TUCSON,AZ,85741,4,4019,Pima County,32.324859000000004,-111.043512,46060,"Tucson, AZ",1,536,"Tucson-Nogales, AZ",406,04017,04017,2024-2025,21,0.0,0.0,0.0,100.0,0.0,0.0,0.0,0.0,0.0,0.0,0.0,0.0
400205,Great Expectations Academy (10974),4,1466 W CAMINO ANTIGUA,SAHUARITA,AZ,85629,4,4019,Pima County,31.9294,-110.99600000000001,46060,"Tucson, AZ",1,536,"Tucson-Nogales, AZ",407,04021,04021,2024-2025,32,0.0,0.0,0.0,0.0,0.0,0.0,0.0,100.0,0.0,0.0,0.0,0.0
400208,Mountain Oak Charter School Inc. (78873),4,1455 WILLOW CREEK RD,PRESCOTT,AZ,86301,4,4025,Yavapai County,34.569221,-112.48084600000001,39150,"Prescott Valley-Prescott, AZ",1,N,N,402,04001,04001,2024-2025,13,0.0,0.0,100.0,0.0,0.0,0.0,0.0,0.0,0.0,0.0,0.0,0.0
400209,Park View School Inc. (10970),4,9030 E FLORENTINE RD,Prescott Valley,AZ,86314,4,4025,Yavapai County,34.5856,-112.307766,39150,"Prescott Valley-Prescott, AZ",1,N,N,402,04001,04001,2024-2025,41,0.0,0.0,0.0,0.0,0.0,0.0,0.0,0.0,0.0,100.0,0.0,0.0
400210,Painted Pony Ranch Charter School (10967),4,2100 WILLOW CREEK RD,PRESCOTT,AZ,86301,4,4025,Yavapai County,34.578948000000004,-112.483146,39150,"Prescott Valley-Prescott, AZ",1,N,N,402,04001,04001,2024-2025,13,0.0,0.0,100.0,0.0,0.0,0.0,0.0,0.0,0.0,0.0,0.0,0.0
400211,Mary Ellen Halvorson Educational Foundation. dba:  (10965),4,5522 SIDE RD,PRESCOTT,AZ,86301,4,4025,Yavapai County,34.635739,-112.40616000000001,39150,"Prescott Valley-Prescott, AZ",1,N,N,402,04001,04001,2024-2025,41,0.0,0.0,0.0,0.0,0.0,0.0,0.0,0.0,0.0,100.0,0.0,0.0
400212,Benson Unified School District (79226),4,360 S PATAGONIA ST,BENSON,AZ,85602,4,4003,Cochise County,31.965419,-110.29961,43420,"Sierra Vista-Douglas, AZ",1,N,N,406,04019,04019,2024-2025,32,0.0,0.0,0.0,0.0,0.0,0.0,0.0,100.0,0.0,0.0,0.0,0.0
400213,Painted Desert Demonstration Projects Inc. (79086),4,145 LEUPP RD,FLAGSTAFF,AZ,86004,4,4005,Coconino County,35.305635,-111.298366,22380,"Flagstaff, AZ",1,N,N,402,04006,04006,2024-2025,42,0.0,0.0,0.0,0.0,0.0,0.0,0.0,0.0,0.0,0.0,100.0,0.0
400217,Little Lamb Community School (79050),4,12990 E SHEA BLVD,SCOTTSDALE,AZ,85259,4,4013,Maricopa County,33.583533,-111.80084400000001,38060,"Phoenix-Mesa-Chandler, AZ",1,429,"Phoenix-Mesa, AZ",401,04003,04003,2024-2025,12,0.0,100.0,0.0,0.0,0.0,0.0,0.0,0.0,0.0,0.0,0.0,0.0
400218,American Basic Schools LLC (79215),4,827 E 6TH AVE,MESA,AZ,85204,4,4013,Maricopa County,33.3925,-111.8289,38060,"Phoenix-Mesa-Chandler, AZ",1,429,"Phoenix-Mesa, AZ",404,04009,04009,2024-2025,11,100.0,0.0,0.0,0.0,0.0,0.0,0.0,0.0,0.0,0.0,0.0,0.0
400219,Career Success Schools (79047),4,16004 N 36TH DR,PHOENIX,AZ,85053,4,4013,Maricopa County,33.562267,-112.11658100000001,38060,"Phoenix-Mesa-Chandler, AZ",1,429,"Phoenix-Mesa, AZ",408,04026,04026,2024-2025,11,100.0,0.0,0.0,0.0,0.0,0.0,0.0,0.0,0.0,0.0,0.0,0.0
400221,Kaizen Education Foundation dba South Pointe Eleme (79233),4,6150 N 16TH ST STE A,PHOENIX,AZ,85016,4,4013,Maricopa County,33.527109,-112.04795200000001,38060,"Phoenix-Mesa-Chandler, AZ",1,429,"Phoenix-Mesa, AZ",401,04005,04005,2024-2025,11,100.0,0.0,0.0,0.0,0.0,0.0,0.0,0.0,0.0,0.0,0.0,0.0
400223,Daisy Education Corporation dba Sonoran Science Ac (79049),4,2325 W SUNSET RD,TUCSON,AZ,85741,4,4019,Pima County,32.308354,-111.01681,46060,"Tucson, AZ",1,536,"Tucson-Nogales, AZ",406,04018,04018,2024-2025,21,0.0,0.0,0.0,100.0,0.0,0.0,0.0,0.0,0.0,0.0,0.0,0.0
400225,Horizon Community Learning Center Inc. (79264),4,16233 S 48TH ST,PHOENIX,AZ,85048,4,4013,Maricopa County,33.2986,-111.97890000000001,38060,"Phoenix-Mesa-Chandler, AZ",1,429,"Phoenix-Mesa, AZ",404,04012,04012,2024-2025,11,100.0,0.0,0.0,0.0,0.0,0.0,0.0,0.0,0.0,0.0,0.0,0.0
400227,Kaizen Education Foundation dba South Pointe Junio (78965),4,6150 N 16TH ST STE A,PHOENIX,AZ,85016,4,4013,Maricopa County,33.527109,-112.04795200000001,38060,"Phoenix-Mesa-Chandler, AZ",1,429,"Phoenix-Mesa, AZ",401,04005,04005,2024-2025,11,100.0,0.0,0.0,0.0,0.0,0.0,0.0,0.0,0.0,0.0,0.0,0.0
400229,Milestones Charter School (79207),4,4707 E DESERT CACTUS ST,PHOENIX,AZ,85032,4,4013,Maricopa County,33.650574,-111.978762,38060,"Phoenix-Mesa-Chandler, AZ",1,429,"Phoenix-Mesa, AZ",401,04004,04004,2024-2025,11,100.0,0.0,0.0,0.0,0.0,0.0,0.0,0.0,0.0,0.0,0.0,0.0
400230,Pathfinder Charter School Foundation (79024),4,18052 N BLACK CANYON HWY,PHOENIX,AZ,85053,4,4013,Maricopa County,33.651525,-112.11599500000001,38060,"Phoenix-Mesa-Chandler, AZ",1,429,"Phoenix-Mesa, AZ",408,04002,04002,2024-2025,11,100.0,0.0,0.0,0.0,0.0,0.0,0.0,0.0,0.0,0.0,0.0,0.0
400231,James Madison Preparatory School (79063),4,5815 S MCCLINTOCK DR,TEMPE,AZ,85283,4,4013,Maricopa County,33.3698,-111.9106,38060,"Phoenix-Mesa-Chandler, AZ",1,429,"Phoenix-Mesa, AZ",404,04012,04012,2024-2025,12,0.0,100.0,0.0,0.0,0.0,0.0,0.0,0.0,0.0,0.0,0.0,0.0
400232,Self Development Charter School (79072),4,1709 N GREENFIELD RD,MESA,AZ,85205,4,4013,Maricopa County,33.446580000000004,-111.73499100000001,38060,"Phoenix-Mesa-Chandler, AZ",1,429,"Phoenix-Mesa, AZ",404,04010,04010,2024-2025,11,100.0,0.0,0.0,0.0,0.0,0.0,0.0,0.0,0.0,0.0,0.0,0.0
400235,Excalibur Charter Schools Inc. (79214),4,1045 S SAN MARCOS DR,Apache Junction,AZ,85120,4,4021,Pinal County,33.405071,-111.554107,38060,"Phoenix-Mesa-Chandler, AZ",1,429,"Phoenix-Mesa, AZ",405,04007,04007,2024-2025,21,0.0,0.0,0.0,100.0,0.0,0.0,0.0,0.0,0.0,0.0,0.0,0.0
400237,Paramount Education Studies Inc (79205),4,11039 W OLIVE AVE,PEORIA,AZ,85345,4,4013,Maricopa County,33.564840000000004,-112.297026,38060,"Phoenix-Mesa-Chandler, AZ",1,429,"Phoenix-Mesa, AZ",408,04029,04029,2024-2025,21,0.0,0.0,0.0,100.0,0.0,0.0,0.0,0.0,0.0,0.0,0.0,0.0
400238,Metropolitan Arts Institute Inc. (5181),4,1700 N 7th Ave,Phoenix,AZ,85007,4,4013,Maricopa County,33.4666,-112.08300000000001,38060,"Phoenix-Mesa-Chandler, AZ",1,429,"Phoenix-Mesa, AZ",403,04005,04005,2024-2025,11,100.0,0.0,0.0,0.0,0.0,0.0,0.0,0.0,0.0,0.0,0.0,0.0
400239,P.L.C. Charter Schools (6235),4,2504 S 91ST AVE,TOLLESON,AZ,85353,4,4013,Maricopa County,33.424,-112.2573,38060,"Phoenix-Mesa-Chandler, AZ",1,429,"Phoenix-Mesa, AZ",403,04022,04022,2024-2025,11,100.0,0.0,0.0,0.0,0.0,0.0,0.0,0.0,0.0,0.0,0.0,0.0
400241,Paragon Management Inc. (5180),4,12775 N 175TH AVE,SURPRISE,AZ,85388,4,4013,Maricopa County,33.599874,-112.434419,38060,"Phoenix-Mesa-Chandler, AZ",1,429,"Phoenix-Mesa, AZ",409,04025,04025,2024-2025,41,0.0,0.0,0.0,42.3,0.0,0.0,0.0,0.0,0.0,57.7,0.0,0.0
400243,Skyline Schools Inc. (79084),4,2020 N Arizona Ave STE 109,Chandler,AZ,85225,4,4013,Maricopa County,33.337025000000004,-111.84383700000001,38060,"Phoenix-Mesa-Chandler, AZ",1,429,"Phoenix-Mesa, AZ",404,04012,04012,2024-2025,11,100.0,0.0,0.0,0.0,0.0,0.0,0.0,0.0,0.0,0.0,0.0,0.0
400244,Edkey Inc. dba Sequoia Charter School (6446),4,1460 S HORNE,MESA,AZ,85204,4,4013,Maricopa County,33.387587,-111.814937,38060,"Phoenix-Mesa-Chandler, AZ",1,429,"Phoenix-Mesa, AZ",404,04009,04009,2024-2025,11,100.0,0.0,0.0,0.0,0.0,0.0,0.0,0.0,0.0,0.0,0.0,0.0
400246,Edkey Inc. - Sequoia Village School (79211),4,982 FULL HOUSE LN,SHOW LOW,AZ,85901,4,4017,Navajo County,34.28394,-110.12169800000001,43320,"Show Low, AZ",2,N,N,402,04007,04007,2024-2025,41,0.0,0.0,0.0,0.0,0.0,0.0,0.0,0.0,41.61,58.39,0.0,0.0
400248,Telesis Center for Learning Inc. (79218),4,2598 STARLITE LN,Lake Havasu City,AZ,86403,4,4015,Mohave County,34.491,-114.3173,29420,"Lake Havasu City-Kingman, AZ",1,N,N,409,04030,04030,2024-2025,13,0.0,0.0,100.0,0.0,0.0,0.0,0.0,0.0,0.0,0.0,0.0,0.0
400254,Southern Arizona Community Academy Inc. (79000),4,2470 N TUCSON BLVD,TUCSON,AZ,85716,4,4019,Pima County,32.251762,-110.934988,46060,"Tucson, AZ",1,536,"Tucson-Nogales, AZ",407,04020,04020,2024-2025,11,100.0,0.0,0.0,0.0,0.0,0.0,0.0,0.0,0.0,0.0,0.0,0.0
400255,Tucson Country Day School Inc. (79073),4,9239 E WRIGHTSTOWN RD,TUCSON,AZ,85715,4,4019,Pima County,32.243856,-110.79510800000001,46060,"Tucson, AZ",1,536,"Tucson-Nogales, AZ",406,04017,04017,2024-2025,11,100.0,0.0,0.0,0.0,0.0,0.0,0.0,0.0,0.0,0.0,0.0,0.0
400258,Carden of Tucson Inc. (78858),4,5260 N ROYAL PALM DR,TUCSON,AZ,85705,4,4019,Pima County,32.303077,-111.023559,46060,"Tucson, AZ",1,536,"Tucson-Nogales, AZ",407,04020,04020,2024-2025,21,0.0,0.0,0.0,100.0,0.0,0.0,0.0,0.0,0.0,0.0,0.0,0.0
400259,Southgate Academy Inc. (79085),4,850 W VALENCIA RD,TUCSON,AZ,85706,4,4019,Pima County,32.1353,-110.98270000000001,46060,"Tucson, AZ",1,536,"Tucson-Nogales, AZ",407,04020,04020,2024-2025,11,100.0,0.0,0.0,0.0,0.0,0.0,0.0,0.0,0.0,0.0,0.0,0.0
400261,Eastpointe High School Inc. (78833),4,8495 E BROADWAY BLVD,TUCSON,AZ,85710,4,4019,Pima County,32.2215,-110.81110000000001,46060,"Tucson, AZ",1,536,"Tucson-Nogales, AZ",406,04018,04018,2024-2025,11,100.0,0.0,0.0,0.0,0.0,0.0,0.0,0.0,0.0,0.0,0.0,0.0
400263,Patagonia Montessori Elementary School (79069),4,500 N 3RD AVE,PATAGONIA,AZ,85624,4,4023,Santa Cruz County,31.545215000000002,-110.75743000000001,35700,"Nogales, AZ",2,536,"Tucson-Nogales, AZ",407,04019,04019,2024-2025,42,0.0,0.0,0.0,0.0,0.0,0.0,0.0,0.0,0.0,0.0,100.0,0.0
400264,Santa Cruz Valley Opportunities in Education Inc. (79066),4,2875 E FRONTAGE RD,AMADO,AZ,85645,4,4023,Santa Cruz County,31.70682,-111.06369000000001,35700,"Nogales, AZ",2,536,"Tucson-Nogales, AZ",407,04021,04021,2024-2025,42,0.0,0.0,0.0,0.0,0.0,0.0,0.0,0.0,0.0,0.0,100.0,0.0
400266,PACE Preparatory Academy Inc. (79068),4,6711 E 2ND ST,PRESCOTT VLY,AZ,86314,4,4025,Yavapai County,34.57999,-112.348932,39150,"Prescott Valley-Prescott, AZ",1,N,N,402,04001,04001,2024-2025,41,0.0,0.0,0.0,0.0,0.0,0.0,0.0,0.0,0.0,100.0,0.0,0.0
400267,Kestrel Schools Inc. (79065),4,2150 E Southern Ave Suite 713,Tempe,AZ,85282,4,4013,Maricopa County,33.394063,-111.893133,38060,"Phoenix-Mesa-Chandler, AZ",1,429,"Phoenix-Mesa, AZ",404,04008,04008,2024-2025,12,0.0,100.0,0.0,0.0,0.0,0.0,0.0,0.0,0.0,0.0,0.0,0.0
400268,Juniper Tree Academy (79064),4,3777 W 16TH ST,YUMA,AZ,85364,4,4027,Yuma County,32.697521,-114.66491500000001,49740,"Yuma, AZ",1,N,N,407,04023,04023,2024-2025,12,0.0,100.0,0.0,0.0,0.0,0.0,0.0,0.0,0.0,0.0,0.0,0.0
400273,GAR LLC dba Student Choice High School (78997),4,1833 N SCOTTSDALE RD,TEMPE,AZ,85281,4,4013,Maricopa County,33.4493,-111.9251,38060,"Phoenix-Mesa-Chandler, AZ",1,429,"Phoenix-Mesa, AZ",404,04008,04008,2024-2025,12,0.0,84.81,0.0,8.41,0.0,6.78,0.0,0.0,0.0,0.0,0.0,0.0
400274,AIBT Non-Profit Charter High School - Phoenix (79053),4,6201 N 35TH AVE STE B4,PHOENIX,AZ,85017,4,4013,Maricopa County,33.527797,-112.13398000000001,38060,"Phoenix-Mesa-Chandler, AZ",1,429,"Phoenix-Mesa, AZ",403,04026,04026,2024-2025,11,100.0,0.0,0.0,0.0,0.0,0.0,0.0,0.0,0.0,0.0,0.0,0.0
400275,Highland Free School (79061),4,510 S HIGHLAND AVE,TUCSON,AZ,85719,4,4019,Pima County,32.2153,-110.9521,46060,"Tucson, AZ",1,536,"Tucson-Nogales, AZ",407,04020,04020,2024-2025,11,100.0,0.0,0.0,0.0,0.0,0.0,0.0,0.0,0.0,0.0,0.0,0.0
400276,Academy with Community Partners-Arizona Inc (79213),4,433 N HALL,MESA,AZ,85203,4,4013,Maricopa County,33.42362,-111.79309900000001,38060,"Phoenix-Mesa-Chandler, AZ",1,429,"Phoenix-Mesa, AZ",404,04009,04009,2024-2025,11,100.0,0.0,0.0,0.0,0.0,0.0,0.0,0.0,0.0,0.0,0.0,0.0
400278,Deer Valley Charter Schools Inc. (79496),4,3050 W AGUA FRIA FWY STE 250,PHOENIX,AZ,85027,4,4013,Maricopa County,33.669981,-112.12556300000001,38060,"Phoenix-Mesa-Chandler, AZ",1,429,"Phoenix-Mesa, AZ",408,04002,04002,2024-2025,21,0.0,0.0,0.0,100.0,0.0,0.0,0.0,0.0,0.0,0.0,0.0,0.0
400279,West Gilbert Charter Elementary School Inc. (79497),4,18052 N BLACK CANYON HWY,PHOENIX,AZ,85053,4,4013,Maricopa County,33.651525,-112.11599500000001,38060,"Phoenix-Mesa-Chandler, AZ",1,429,"Phoenix-Mesa, AZ",408,04002,04002,2024-2025,41,0.0,0.0,0.0,0.0,0.0,0.0,0.0,0.0,0.0,100.0,0.0,0.0
400280,Mohave Accelerated Learning Center (79498),4,625 MARINA BLVD,BULLHEAD CITY,AZ,86442,4,4015,Mohave County,35.101183,-114.625291,29420,"Lake Havasu City-Kingman, AZ",1,N,N,409,04030,04030,2024-2025,23,0.0,0.0,0.0,0.0,0.0,100.0,0.0,0.0,0.0,0.0,0.0,0.0
400281,Masada Charter School Inc. (79499),4,365 West Cannon Avenue,Colorado City,AZ,86021,4,4015,Mohave County,36.957392,-112.98207300000001,29420,"Lake Havasu City-Kingman, AZ",1,N,N,409,04030,04030,2024-2025,43,0.0,0.0,0.0,0.0,0.0,0.0,0.0,0.0,0.0,0.0,0.0,100.0
400282,Harvest Power Community Development Group Inc. (79501),4,1185 S 4TH AVE STE C,YUMA,AZ,85364,4,4027,Yuma County,32.7061,-114.62412200000001,49740,"Yuma, AZ",1,N,N,407,04023,04023,2024-2025,12,0.0,65.0,0.0,0.0,0.0,0.0,0.0,35.0,0.0,0.0,0.0,0.0
400284,Omega Alpha Academy (79503),4,1402 N SAN ANTONIO AVE,DOUGLAS,AZ,85607,4,4003,Cochise County,31.348671,-109.53442700000001,43420,"Sierra Vista-Douglas, AZ",1,N,N,407,04019,04019,2024-2025,33,0.0,0.0,0.0,0.0,0.0,0.0,0.0,0.0,100.0,0.0,0.0,0.0
400288,Premier Charter High School (79569),4,7544 W INDIAN SCHOOL RD STE A2,PHOENIX,AZ,85033,4,4013,Maricopa County,33.496048,-112.222435,38060,"Phoenix-Mesa-Chandler, AZ",1,429,"Phoenix-Mesa, AZ",403,04024,04024,2024-2025,11,100.0,0.0,0.0,0.0,0.0,0.0,0.0,0.0,0.0,0.0,0.0,0.0
400290,Pan-American Elementary Charter (79578),4,3001 W. Indian School Rd.,Phoenix,AZ,85017,4,4013,Maricopa County,33.478901,-112.241696,38060,"Phoenix-Mesa-Chandler, AZ",1,429,"Phoenix-Mesa, AZ",403,04022,04022,2024-2025,11,100.0,0.0,0.0,0.0,0.0,0.0,0.0,0.0,0.0,0.0,0.0,0.0
400295,Kingman Unified School District (79598),4,3033 MCDONALD AVE,KINGMAN,AZ,86401,4,4015,Mohave County,35.214542,-114.015743,29420,"Lake Havasu City-Kingman, AZ",1,N,N,409,04030,04030,2024-2025,32,0.0,0.0,0.0,0.0,0.0,0.0,0.0,66.84,0.0,23.68,6.77,2.7
400303,North Star Charter School Inc. (79701),4,10720 W. Indian School Road,Phoenix,AZ,85037,4,4013,Maricopa County,33.495297,-112.273302,38060,"Phoenix-Mesa-Chandler, AZ",1,429,"Phoenix-Mesa, AZ",403,04022,04022,2024-2025,11,100.0,0.0,0.0,0.0,0.0,0.0,0.0,0.0,0.0,0.0,0.0,0.0
400310,Calibre Academy (79055),4,4744 W GROVERS AVE,GLENDALE,AZ,85308,4,4013,Maricopa County,33.617905,-112.39783100000001,38060,"Phoenix-Mesa-Chandler, AZ",1,429,"Phoenix-Mesa, AZ",409,04029,04029,2024-2025,21,0.0,0.0,0.0,100.0,0.0,0.0,0.0,0.0,0.0,0.0,0.0,0.0
400311,ThrivePoint High School Inc. (79059),4,4744 W GROVERS AVE,GLENDALE,AZ,85308,4,4013,Maricopa County,33.648551000000005,-112.162028,38060,"Phoenix-Mesa-Chandler, AZ",1,429,"Phoenix-Mesa, AZ",408,04027,04027,2024-2025,11,59.84,0.0,0.0,30.69,0.0,0.0,9.47,0.0,0.0,0.0,0.0,0.0
400315,Yavapai Accommodation School District (79379),4,2972 CENTERPOINTE EAST DR,PRESCOTT,AZ,86301,4,4025,Yavapai County,34.628179,-112.41091700000001,39150,"Prescott Valley-Prescott, AZ",1,N,N,402,04001,04001,2024-2025,41,0.0,0.0,32.39,0.0,0.0,0.0,0.0,0.0,0.0,67.61,0.0,0.0
400316,Cobre Valley Institute of Technology District (79391),4,1500 Panther Dr Bldg 3 Room,Superior,AZ,85173,4,4021,Pinal County,33.278690000000005,-111.111254,38060,"Phoenix-Mesa-Chandler, AZ",1,429,"Phoenix-Mesa, AZ",402,04007,04007,2024-2025,42,0.0,0.0,0.0,0.0,0.0,0.0,0.0,0.0,30.0,10.0,30.0,30.0
400317,Khalsa Family Services (79420),4,3701 E RIVER RD,TUCSON,AZ,85718,4,4019,Pima County,32.2767,-110.91420000000001,46060,"Tucson, AZ",1,536,"Tucson-Nogales, AZ",406,04018,04018,2024-2025,21,0.0,0.0,0.0,100.0,0.0,0.0,0.0,0.0,0.0,0.0,0.0,0.0
400318,Aprender Tucson (79426),4,2701 S CAMPBELL AVE,TUCSON,AZ,85713,4,4019,Pima County,32.1913,-110.9424,46060,"Tucson, AZ",1,536,"Tucson-Nogales, AZ",407,04021,04021,2024-2025,11,100.0,0.0,0.0,0.0,0.0,0.0,0.0,0.0,0.0,0.0,0.0,0.0
400320,Acorn Montessori Charter School (79437),4,8556 E LOOS DR,Prescott Valley,AZ,86314,4,4025,Yavapai County,34.604575000000004,-112.315762,39150,"Prescott Valley-Prescott, AZ",1,N,N,402,04001,04001,2024-2025,13,0.0,0.0,100.0,0.0,0.0,0.0,0.0,0.0,0.0,0.0,0.0,0.0
400321,Pinnacle Education-WMCB Inc. (79439),4,1712 E GUADALUPE RD STE 101,TEMPE,AZ,85283,4,4013,Maricopa County,33.36444,-111.91321400000001,38060,"Phoenix-Mesa-Chandler, AZ",1,429,"Phoenix-Mesa, AZ",404,04012,04012,2024-2025,12,0.0,100.0,0.0,0.0,0.0,0.0,0.0,0.0,0.0,0.0,0.0,0.0
400322,Desert Rose AcademyInc. (79441),4,326 W FORT LOWELL RD,TUCSON,AZ,85705,4,4019,Pima County,32.2657,-110.97630000000001,46060,"Tucson, AZ",1,536,"Tucson-Nogales, AZ",407,04020,04020,2024-2025,11,100.0,0.0,0.0,0.0,0.0,0.0,0.0,0.0,0.0,0.0,0.0,0.0
400323,Crown Charter School Inc (79443),4,12450 W MARYLAND AVE,Litchfield Park,AZ,85340,4,4013,Maricopa County,33.529857,-112.327691,38060,"Phoenix-Mesa-Chandler, AZ",1,429,"Phoenix-Mesa, AZ",409,04029,04029,2024-2025,21,0.0,0.0,0.0,100.0,0.0,0.0,0.0,0.0,0.0,0.0,0.0,0.0
400326,Success School (79453),4,16011 N DYSART RD,SURPRISE,AZ,85374,4,4013,Maricopa County,33.629724,-112.34147200000001,38060,"Phoenix-Mesa-Chandler, AZ",1,429,"Phoenix-Mesa, AZ",409,04029,04029,2024-2025,21,0.0,0.0,0.0,100.0,0.0,0.0,0.0,0.0,0.0,0.0,0.0,0.0
400327,Pointe Schools (79455),4,10215 N 43RD AVE,PHOENIX,AZ,85051,4,4013,Maricopa County,33.578947,-112.15110600000001,38060,"Phoenix-Mesa-Chandler, AZ",1,429,"Phoenix-Mesa, AZ",408,04026,04026,2024-2025,11,66.67,0.0,0.0,33.33,0.0,0.0,0.0,0.0,0.0,0.0,0.0,0.0
400329,American Virtual Academy (79461),4,2471 N. Arizona Ave.,Chandler,AZ,85225,4,4013,Maricopa County,33.34192,-111.84097100000001,38060,"Phoenix-Mesa-Chandler, AZ",1,429,"Phoenix-Mesa, AZ",404,04012,04012,2024-2025,11,100.0,0.0,0.0,0.0,0.0,0.0,0.0,0.0,0.0,0.0,0.0,0.0
400330,Compass High School Inc. (79467),4,8250 E 22ND ST # 128,TUCSON,AZ,85710,4,4019,Pima County,32.205600000000004,-110.8161,46060,"Tucson, AZ",1,536,"Tucson-Nogales, AZ",406,04018,04018,2024-2025,11,100.0,0.0,0.0,0.0,0.0,0.0,0.0,0.0,0.0,0.0,0.0,0.0
400332,James Sandoval Preparatory High School (79475),4,5850 W Northview Ave,Glendale,AZ,85301,4,4013,Maricopa County,33.543439,-112.185882,38060,"Phoenix-Mesa-Chandler, AZ",1,429,"Phoenix-Mesa, AZ",408,04024,04024,2024-2025,21,0.0,0.0,0.0,100.0,0.0,0.0,0.0,0.0,0.0,0.0,0.0,0.0
400339,Destiny School Inc. (6258),4,798 E PRICKLY PEAR DR,GLOBE,AZ,85501,4,4007,Gila County,33.391126,-110.76654300000001,37740,"Payson, AZ",2,429,"Phoenix-Mesa, AZ",402,04007,04007,2024-2025,33,0.0,0.0,0.0,0.0,0.0,0.0,0.0,0.0,100.0,0.0,0.0,0.0
400340,Noah Webster Schools - Mesa (10760),4,7301 E BASELINE RD,MESA,AZ,85209,4,4013,Maricopa County,33.378883,-111.67453400000001,38060,"Phoenix-Mesa-Chandler, AZ",1,429,"Phoenix-Mesa, AZ",405,04015,04015,2024-2025,11,100.0,0.0,0.0,0.0,0.0,0.0,0.0,0.0,0.0,0.0,0.0,0.0
400341,Valley Academy for Career and Technology Education (79397),4,3405 E STATE ROUTE 89A BLDG B,COTTONWOOD,AZ,86326,4,4025,Yavapai County,34.720755000000004,-111.98956700000001,39150,"Prescott Valley-Prescott, AZ",1,N,N,402,04001,04001,2024-2025,32,0.0,0.0,0.0,0.0,0.0,0.0,0.0,62.5,0.0,37.5,0.0,0.0
400343,Griffin Foundation Inc. The (79500),4,1844 S ALVERNON WAY,TUCSON,AZ,85711,4,4019,Pima County,32.2006,-110.9103,46060,"Tucson, AZ",1,536,"Tucson-Nogales, AZ",407,04021,04021,2024-2025,11,100.0,0.0,0.0,0.0,0.0,0.0,0.0,0.0,0.0,0.0,0.0,0.0
400345,Cochise Technology District (79403),4,6506 E MILLS MAERKER RD,WILLCOX,AZ,85643,4,4003,Cochise County,32.146539000000004,-109.63701400000001,43420,"Sierra Vista-Douglas, AZ",1,N,N,406,04019,04019,2024-2025,13,0.0,0.0,35.29,0.0,0.0,0.0,0.0,11.76,5.88,0.0,17.65,29.41
400347,Coconino Association for Vocation Industry and Tec (79381),4,19 Poplar Street,Page,AZ,86040,4,4005,Coconino County,36.921890000000005,-111.45943600000001,22380,"Flagstaff, AZ",1,N,N,402,04006,04006,2024-2025,43,0.0,0.0,30.77,0.0,0.0,0.0,0.0,0.0,23.08,7.69,0.0,38.46
400348,Central Arizona Valley Institute of Technology (79385),4,1789 W COOLIDGE AVE,COOLIDGE,AZ,85128,4,4021,Pinal County,32.972565,-111.548721,38060,"Phoenix-Mesa-Chandler, AZ",1,429,"Phoenix-Mesa, AZ",402,04016,04016,2024-2025,41,0.0,0.0,3.23,0.0,0.0,1.08,0.0,4.3,0.0,90.32,1.08,0.0
400349,Gila Institute for Technology (79387),4,3998 W BALLPARK ST,THATCHER,AZ,85552,4,4009,Graham County,32.835280000000004,-109.76699300000001,40940,"Safford, AZ",2,N,N,406,04019,04019,2024-2025,33,0.0,0.0,0.0,0.0,0.0,0.0,0.0,0.0,84.38,3.13,0.0,12.5
400350,PEAK School Inc. The (79866),4,2016 North First Street,Flagstaff,AZ,86004,4,4005,Coconino County,35.20844,-111.61672100000001,22380,"Flagstaff, AZ",1,N,N,402,04006,04006,2024-2025,13,0.0,0.0,100.0,0.0,0.0,0.0,0.0,0.0,0.0,0.0,0.0,0.0
400351,Kaizen Education Foundation dba Vista Grove Prepar (79871),4,6150 N 16TH ST STE A,PHOENIX,AZ,85016,4,4013,Maricopa County,33.527109,-112.04795200000001,38060,"Phoenix-Mesa-Chandler, AZ",1,429,"Phoenix-Mesa, AZ",401,04005,04005,2024-2025,11,100.0,0.0,0.0,0.0,0.0,0.0,0.0,0.0,0.0,0.0,0.0,0.0
400352,American Charter Schools Foundation d.b.a. Estrell (79873),4,6150 N 16TH ST STE A,PHOENIX,AZ,85016,4,4013,Maricopa County,33.527109,-112.04795200000001,38060,"Phoenix-Mesa-Chandler, AZ",1,429,"Phoenix-Mesa, AZ",401,04005,04005,2024-2025,21,0.0,0.0,0.0,100.0,0.0,0.0,0.0,0.0,0.0,0.0,0.0,0.0
400353,American Charter Schools Foundation d.b.a. Peoria  (79875),4,6150 N 16TH ST STE A,PHOENIX,AZ,85016,4,4013,Maricopa County,33.527109,-112.04795200000001,38060,"Phoenix-Mesa-Chandler, AZ",1,429,"Phoenix-Mesa, AZ",401,04005,04005,2024-2025,21,0.0,0.0,0.0,100.0,0.0,0.0,0.0,0.0,0.0,0.0,0.0,0.0
400354,American Charter Schools Foundation d.b.a. Sun Val (79877),4,6150 N 16TH ST STE A,PHOENIX,AZ,85016,4,4013,Maricopa County,33.527109,-112.04795200000001,38060,"Phoenix-Mesa-Chandler, AZ",1,429,"Phoenix-Mesa, AZ",401,04005,04005,2024-2025,11,100.0,0.0,0.0,0.0,0.0,0.0,0.0,0.0,0.0,0.0,0.0,0.0
400355,American Charter Schools Foundation d.b.a. West Ph (79879),4,6150 N 16TH ST STE A,PHOENIX,AZ,85016,4,4013,Maricopa County,33.527109,-112.04795200000001,38060,"Phoenix-Mesa-Chandler, AZ",1,429,"Phoenix-Mesa, AZ",401,04005,04005,2024-2025,11,100.0,0.0,0.0,0.0,0.0,0.0,0.0,0.0,0.0,0.0,0.0,0.0
400356,Nosotros Inc (79881),4,440 N GRANDE AVE,TUCSON,AZ,85745,4,4019,Pima County,32.2277,-110.98830000000001,46060,"Tucson, AZ",1,536,"Tucson-Nogales, AZ",407,04020,04020,2024-2025,11,100.0,0.0,0.0,0.0,0.0,0.0,0.0,0.0,0.0,0.0,0.0,0.0
400357,American Charter Schools Foundation d.b.a. Apache  (79883),4,6150 N 16TH ST STE A,PHOENIX,AZ,85016,4,4013,Maricopa County,33.527109,-112.04795200000001,38060,"Phoenix-Mesa-Chandler, AZ",1,429,"Phoenix-Mesa, AZ",401,04005,04005,2024-2025,21,0.0,0.0,0.0,100.0,0.0,0.0,0.0,0.0,0.0,0.0,0.0,0.0
400359,Challenger Basic School Inc. (79886),4,1315 N GREENFIELD RD,GILBERT,AZ,85234,4,4013,Maricopa County,33.3743,-111.73880000000001,38060,"Phoenix-Mesa-Chandler, AZ",1,429,"Phoenix-Mesa, AZ",405,04014,04014,2024-2025,11,100.0,0.0,0.0,0.0,0.0,0.0,0.0,0.0,0.0,0.0,0.0,0.0
400361,Arizona Community Development Corporation (79947),4,5704 E GRANT RD,TUCSON,AZ,85712,4,4019,Pima County,32.250313,-110.87084300000001,46060,"Tucson, AZ",1,536,"Tucson-Nogales, AZ",406,04018,04018,2024-2025,11,100.0,0.0,0.0,0.0,0.0,0.0,0.0,0.0,0.0,0.0,0.0,0.0
400363,SC Jensen Corporation Inc. dba Intelli-School (79951),4,2222 W NORTHERN AVE STE A110,PHOENIX,AZ,85021,4,4013,Maricopa County,33.553719,-112.10712400000001,38060,"Phoenix-Mesa-Chandler, AZ",1,429,"Phoenix-Mesa, AZ",408,04026,04026,2024-2025,11,100.0,0.0,0.0,0.0,0.0,0.0,0.0,0.0,0.0,0.0,0.0,0.0
400364,PAS Charter Inc. dba Intelli-School (79953),4,2222 W NORTHERN AVE STE A110,PHOENIX,AZ,85021,4,4013,Maricopa County,33.553719,-112.10712400000001,38060,"Phoenix-Mesa-Chandler, AZ",1,429,"Phoenix-Mesa, AZ",408,04026,04026,2024-2025,11,100.0,0.0,0.0,0.0,0.0,0.0,0.0,0.0,0.0,0.0,0.0,0.0
400366,Valley of the Sun Waldorf Education Association d (79957),4,6210 S 28TH ST,PHOENIX,AZ,85042,4,4013,Maricopa County,33.391037000000004,-112.02225200000001,38060,"Phoenix-Mesa-Chandler, AZ",1,429,"Phoenix-Mesa, AZ",403,04011,04011,2024-2025,11,100.0,0.0,0.0,0.0,0.0,0.0,0.0,0.0,0.0,0.0,0.0,0.0
400367,Pima Prevention Partnership dba Pima Partnership S (79959),4,924 N Alvernon Way,Tucson,AZ,85711,4,4019,Pima County,32.233271,-110.909141,46060,"Tucson, AZ",1,536,"Tucson-Nogales, AZ",406,04018,04018,2024-2025,11,100.0,0.0,0.0,0.0,0.0,0.0,0.0,0.0,0.0,0.0,0.0,0.0
400368,Academy of Mathematics and Science Inc. (79961),4,1557 W PRINCE RD,TUCSON,AZ,85705,4,4019,Pima County,32.27182,-110.999684,46060,"Tucson, AZ",1,536,"Tucson-Nogales, AZ",407,04020,04020,2024-2025,11,100.0,0.0,0.0,0.0,0.0,0.0,0.0,0.0,0.0,0.0,0.0,0.0
400370,Midtown Primary School (79994),4,4735 N 19TH AVE,PHOENIX,AZ,85015,4,4013,Maricopa County,33.5071,-112.09930000000001,38060,"Phoenix-Mesa-Chandler, AZ",1,429,"Phoenix-Mesa, AZ",403,04005,04005,2024-2025,11,100.0,0.0,0.0,0.0,0.0,0.0,0.0,0.0,0.0,0.0,0.0,0.0
400373,Tucson International Academy Inc. (79979),4,2700 W BROADWAY BLVD,TUCSON,AZ,85745,4,4019,Pima County,32.221784,-111.02473300000001,46060,"Tucson, AZ",1,536,"Tucson-Nogales, AZ",407,04020,04020,2024-2025,11,66.75,0.0,0.0,0.0,0.0,0.0,0.0,0.0,0.0,33.25,0.0,0.0
400374,Bell Canyon Charter School Inc (79983),4,18052 N BLACK CANYON HWY,PHOENIX,AZ,85053,4,4013,Maricopa County,33.651525,-112.11599500000001,38060,"Phoenix-Mesa-Chandler, AZ",1,429,"Phoenix-Mesa, AZ",408,04002,04002,2024-2025,11,100.0,0.0,0.0,0.0,0.0,0.0,0.0,0.0,0.0,0.0,0.0,0.0
400376,Cortez Park Charter Middle School Inc. (79988),4,18052 N BLACK CANYON HWY,PHOENIX,AZ,85053,4,4013,Maricopa County,33.651525,-112.11599500000001,38060,"Phoenix-Mesa-Chandler, AZ",1,429,"Phoenix-Mesa, AZ",408,04002,04002,2024-2025,11,100.0,0.0,0.0,0.0,0.0,0.0,0.0,0.0,0.0,0.0,0.0,0.0
400377,West Gilbert Charter Middle School Inc. (79990),4,2400 S 247TH AVE,BUCKEYE,AZ,85326,4,4013,Maricopa County,33.424889,-112.58316400000001,38060,"Phoenix-Mesa-Chandler, AZ",1,429,"Phoenix-Mesa, AZ",409,04025,04025,2024-2025,11,100.0,0.0,0.0,0.0,0.0,0.0,0.0,0.0,0.0,0.0,0.0,0.0
400381,Carpe Diem Collegiate High School (80001),4,899 Plaza Circle,Yuma,AZ,85364,4,4027,Yuma County,32.704379,-114.61122300000001,49740,"Yuma, AZ",1,N,N,407,04023,04023,2024-2025,12,0.0,100.0,0.0,0.0,0.0,0.0,0.0,0.0,0.0,0.0,0.0,0.0
400382,CPLC Community Schools dba Toltecalli High School (80032),4,200 N STONE AVE FL 3,TUCSON,AZ,85701,4,4019,Pima County,32.163000000000004,-110.97250000000001,46060,"Tucson, AZ",1,536,"Tucson-Nogales, AZ",407,04020,04020,2024-2025,11,100.0,0.0,0.0,0.0,0.0,0.0,0.0,0.0,0.0,0.0,0.0,0.0
400384,American Charter Schools Foundation d.b.a. Desert  (79872),4,6150 N 16TH ST STE A,PHOENIX,AZ,85016,4,4013,Maricopa County,33.527109,-112.04795200000001,38060,"Phoenix-Mesa-Chandler, AZ",1,429,"Phoenix-Mesa, AZ",401,04005,04005,2024-2025,11,100.0,0.0,0.0,0.0,0.0,0.0,0.0,0.0,0.0,0.0,0.0,0.0
400385,American Charter Schools Foundation d.b.a. Crestvi (79874),4,6150 N 16TH ST STE A,PHOENIX,AZ,85016,4,4013,Maricopa County,33.527109,-112.04795200000001,38060,"Phoenix-Mesa-Chandler, AZ",1,429,"Phoenix-Mesa, AZ",401,04005,04005,2024-2025,11,100.0,0.0,0.0,0.0,0.0,0.0,0.0,0.0,0.0,0.0,0.0,0.0
400386,Kaizen Education Foundation dba Summit High School (79876),4,6150 N 16TH ST STE A,PHOENIX,AZ,85016,4,4013,Maricopa County,33.527109,-112.04795200000001,38060,"Phoenix-Mesa-Chandler, AZ",1,429,"Phoenix-Mesa, AZ",401,04005,04005,2024-2025,11,100.0,0.0,0.0,0.0,0.0,0.0,0.0,0.0,0.0,0.0,0.0,0.0
400387,Kaizen Education Foundation dba Tempe Accelerated  (79878),4,6150 N 16TH ST STE A,PHOENIX,AZ,85016,4,4013,Maricopa County,33.527109,-112.04795200000001,38060,"Phoenix-Mesa-Chandler, AZ",1,429,"Phoenix-Mesa, AZ",401,04005,04005,2024-2025,11,100.0,0.0,0.0,0.0,0.0,0.0,0.0,0.0,0.0,0.0,0.0,0.0
400388,Kaizen Education Foundation dba Skyview High Schoo (79880),4,6150 N 16TH ST STE A,PHOENIX,AZ,85016,4,4013,Maricopa County,33.527109,-112.04795200000001,38060,"Phoenix-Mesa-Chandler, AZ",1,429,"Phoenix-Mesa, AZ",401,04005,04005,2024-2025,31,0.0,0.0,0.0,0.0,0.0,0.0,100.0,0.0,0.0,0.0,0.0,0.0
400389,Kaizen Education Foundation dba Maya High School (79882),4,6150 N 16TH ST STE A,PHOENIX,AZ,85016,4,4013,Maricopa County,33.527109,-112.04795200000001,38060,"Phoenix-Mesa-Chandler, AZ",1,429,"Phoenix-Mesa, AZ",401,04005,04005,2024-2025,11,100.0,0.0,0.0,0.0,0.0,0.0,0.0,0.0,0.0,0.0,0.0,0.0
400390,Camelback Education Inc (79905),4,7634 W CAMELBACK RD,GLENDALE,AZ,85303,4,4013,Maricopa County,33.5093,-112.22370000000001,38060,"Phoenix-Mesa-Chandler, AZ",1,429,"Phoenix-Mesa, AZ",409,04024,04024,2024-2025,21,0.0,0.0,0.0,100.0,0.0,0.0,0.0,0.0,0.0,0.0,0.0,0.0
400391,Vista Charter School (79907),4,7318 W LYNWOOD ST,PHOENIX,AZ,85035,4,4013,Maricopa County,33.464836,-112.21713600000001,38060,"Phoenix-Mesa-Chandler, AZ",1,429,"Phoenix-Mesa, AZ",403,04022,04022,2024-2025,11,100.0,0.0,0.0,0.0,0.0,0.0,0.0,0.0,0.0,0.0,0.0,0.0
400394,Avondale Learning dba Precision Academy (79929),4,7318 W LYNWOOD ST,PHOENIX,AZ,85035,4,4013,Maricopa County,33.464836,-112.21713600000001,38060,"Phoenix-Mesa-Chandler, AZ",1,429,"Phoenix-Mesa, AZ",403,04022,04022,2024-2025,11,100.0,0.0,0.0,0.0,0.0,0.0,0.0,0.0,0.0,0.0,0.0,0.0
400395,LEAD Charter Schools (79967),4,633 E RAY RD STE 132,GILBERT,AZ,85296,4,4013,Maricopa County,33.320628,-111.77563500000001,38060,"Phoenix-Mesa-Chandler, AZ",1,429,"Phoenix-Mesa, AZ",405,04014,04014,2024-2025,11,72.03,0.0,0.13,27.84,0.0,0.0,0.0,0.0,0.0,0.0,0.0,0.0
400396,All Aboard Charter School (79969),4,5827 N 35TH AVE,PHOENIX,AZ,85017,4,4013,Maricopa County,33.5234,-112.1336,38060,"Phoenix-Mesa-Chandler, AZ",1,429,"Phoenix-Mesa, AZ",403,04026,04026,2024-2025,11,-2.0,-2.0,-2.0,-2.0,-2.0,-2.0,-2.0,-2.0,-2.0,-2.0,-2.0,-2.0
400397,CAFA Inc. dba Learning Foundation Performing Arts (79971),4,1120 S GILBERT RD STE 112 BLDG,GILBERT,AZ,85296,4,4013,Maricopa County,33.329614,-111.795933,38060,"Phoenix-Mesa-Chandler, AZ",1,429,"Phoenix-Mesa, AZ",405,04013,04013,2024-2025,11,100.0,0.0,0.0,0.0,0.0,0.0,0.0,0.0,0.0,0.0,0.0,0.0
400399,Montessori Academy Inc. (80011),4,6050 N INVERGORDON RD,Paradise Valley,AZ,85253,4,4013,Maricopa County,33.525414,-111.94385100000001,38060,"Phoenix-Mesa-Chandler, AZ",1,429,"Phoenix-Mesa, AZ",401,04004,04004,2024-2025,21,0.0,0.0,0.0,100.0,0.0,0.0,0.0,0.0,0.0,0.0,0.0,0.0
400401,New World Educational Center (78882),4,5818 N 7TH ST,PHOENIX,AZ,85014,4,4013,Maricopa County,33.522634000000004,-112.065791,38060,"Phoenix-Mesa-Chandler, AZ",1,429,"Phoenix-Mesa, AZ",401,04005,04005,2024-2025,11,100.0,0.0,0.0,0.0,0.0,0.0,0.0,0.0,0.0,0.0,0.0,0.0
400402,Cholla Academy (5186),4,4141 N 67TH AVE,PHOENIX,AZ,85033,4,4013,Maricopa County,33.4966,-112.2026,38060,"Phoenix-Mesa-Chandler, AZ",1,429,"Phoenix-Mesa, AZ",403,04024,04024,2024-2025,21,41.11,0.0,0.0,58.89,0.0,0.0,0.0,0.0,0.0,0.0,0.0,0.0
400403,Akimel O Otham Pee Posh Charter School Inc. (5978),4,3652 E BLACKWATER SCHOOL RD,COOLIDGE,AZ,85128,4,4021,Pinal County,33.031406000000004,-111.579468,38060,"Phoenix-Mesa-Chandler, AZ",1,429,"Phoenix-Mesa, AZ",402,04016,04016,2024-2025,42,0.0,0.0,0.0,0.0,0.0,0.0,0.0,0.0,0.0,0.0,100.0,0.0
400404,Akimel O'Otham Pee Posh Charter School Inc. (78966),4,3652 E BLACKWATER SCHOOL RD,COOLIDGE,AZ,85128,4,4021,Pinal County,33.031406000000004,-111.579468,38060,"Phoenix-Mesa-Chandler, AZ",1,429,"Phoenix-Mesa, AZ",402,04016,04016,2024-2025,42,0.0,0.0,0.0,0.0,0.0,0.0,0.0,0.0,0.0,0.0,100.0,0.0
400405,Cornerstone Charter SchoolInc (79077),4,7107 N BLACK CANYON HWY,PHOENIX,AZ,85021,4,4013,Maricopa County,33.5411,-112.1118,38060,"Phoenix-Mesa-Chandler, AZ",1,429,"Phoenix-Mesa, AZ",408,04026,04026,2024-2025,11,100.0,0.0,0.0,0.0,0.0,0.0,0.0,0.0,0.0,0.0,0.0,0.0
400406,Happy Valley School Inc. (79081),4,827 E 6TH AVE,MESA,AZ,85204,4,4013,Maricopa County,33.711563,-112.214629,38060,"Phoenix-Mesa-Chandler, AZ",1,429,"Phoenix-Mesa, AZ",408,04028,04028,2024-2025,21,0.0,0.0,0.0,100.0,0.0,0.0,0.0,0.0,0.0,0.0,0.0,0.0
400407,CITY Center for Collaborative Learning (85448),4,47 E PENNINGTON ST,TUCSON,AZ,85701,4,4019,Pima County,32.223311,-110.97056,46060,"Tucson, AZ",1,536,"Tucson-Nogales, AZ",407,04020,04020,2024-2025,11,100.0,0.0,0.0,0.0,0.0,0.0,0.0,0.0,0.0,0.0,0.0,0.0
400409,Satori Inc. (85454),4,3727 N 1ST AVE,TUCSON,AZ,85719,4,4019,Pima County,32.274528000000004,-110.96148600000001,46060,"Tucson, AZ",1,536,"Tucson-Nogales, AZ",407,04020,04020,2024-2025,11,100.0,0.0,0.0,0.0,0.0,0.0,0.0,0.0,0.0,0.0,0.0,0.0
400413,Mohave Accelerated Elementary School Inc. (85516),4,625 MARINA BLVD,BULLHEAD CITY,AZ,86442,4,4015,Mohave County,35.101183,-114.625291,29420,"Lake Havasu City-Kingman, AZ",1,N,N,409,04030,04030,2024-2025,23,0.0,0.0,0.0,0.0,0.0,78.76,0.0,0.0,0.0,21.24,0.0,0.0
400414,Academy of Building Industries Inc. (85540),4,1547 E LIPAN BLVD,FORT MOHAVE,AZ,86426,4,4015,Mohave County,34.983194000000005,-114.59549200000001,29420,"Lake Havasu City-Kingman, AZ",1,N,N,409,04030,04030,2024-2025,23,0.0,0.0,0.0,0.0,0.0,100.0,0.0,0.0,0.0,0.0,0.0,0.0
400415,Edkey Inc. (85749),4,2045 W NORTHERN AVE,PHOENIX,AZ,85021,4,4013,Maricopa County,33.387617,-111.81772400000001,38060,"Phoenix-Mesa-Chandler, AZ",1,429,"Phoenix-Mesa, AZ",404,04009,04009,2024-2025,11,100.0,0.0,0.0,0.0,0.0,0.0,0.0,0.0,0.0,0.0,0.0,0.0
400416,StarShine Academy (85807),4,3535 E MCDOWELL RD,PHOENIX,AZ,85008,4,4013,Maricopa County,33.465354,-112.005594,38060,"Phoenix-Mesa-Chandler, AZ",1,429,"Phoenix-Mesa, AZ",403,04008,04008,2024-2025,11,-2.0,-2.0,-2.0,-2.0,-2.0,-2.0,-2.0,-2.0,-2.0,-2.0,-2.0,-2.0
400417,Arizona Agribusiness & Equine Center Inc. (85816),4,2002 E BASELINE RD,PHOENIX,AZ,85042,4,4013,Maricopa County,33.378982,-112.03990700000001,38060,"Phoenix-Mesa-Chandler, AZ",1,429,"Phoenix-Mesa, AZ",403,04011,04011,2024-2025,11,100.0,0.0,0.0,0.0,0.0,0.0,0.0,0.0,0.0,0.0,0.0,0.0
400419,Gila County Regional School District (87600),4,439 S FOURTH ST,GLOBE,AZ,85501,4,4007,Gila County,33.395173,-110.777156,37740,"Payson, AZ",2,429,"Phoenix-Mesa, AZ",402,04007,04007,2024-2025,43,0.0,0.0,0.0,0.0,0.0,0.0,0.0,0.0,0.0,0.0,0.0,100.0
400420,Pillar Charter School (87334),4,8433 N BLACK CANYON HWY STE 16,PHOENIX,AZ,85021,4,4013,Maricopa County,33.560097,-112.113273,38060,"Phoenix-Mesa-Chandler, AZ",1,429,"Phoenix-Mesa, AZ",408,04026,04026,2024-2025,41,14.29,0.0,0.0,0.0,0.0,0.0,0.0,0.0,0.0,85.71,0.0,0.0
400423,Legacy Education Group (87349),4,7420 E MAIN ST,MESA,AZ,85207,4,4013,Maricopa County,33.417155,-111.670935,38060,"Phoenix-Mesa-Chandler, AZ",1,429,"Phoenix-Mesa, AZ",404,04010,04010,2024-2025,11,100.0,0.0,0.0,0.0,0.0,0.0,0.0,0.0,0.0,0.0,0.0,0.0
400424,Rosefield Charter Elementary School Inc. (87399),4,18052 N BLACK CANYON HWY,PHOENIX,AZ,85053,4,4013,Maricopa County,33.651525,-112.11599500000001,38060,"Phoenix-Mesa-Chandler, AZ",1,429,"Phoenix-Mesa, AZ",408,04002,04002,2024-2025,21,0.0,0.0,0.0,100.0,0.0,0.0,0.0,0.0,0.0,0.0,0.0,0.0
400425,East Mesa Charter Elementary School Inc. (87401),4,18052 N BLACK CANYON HWY,PHOENIX,AZ,85053,4,4013,Maricopa County,33.651525,-112.11599500000001,38060,"Phoenix-Mesa-Chandler, AZ",1,429,"Phoenix-Mesa, AZ",408,04002,04002,2024-2025,11,100.0,0.0,0.0,0.0,0.0,0.0,0.0,0.0,0.0,0.0,0.0,0.0
400427,Arizona Connections Academy Charter School Inc. (87407),4,335 E GERMANN RD STE 140,GILBERT,AZ,85297,4,4013,Maricopa County,33.277024000000004,-111.78437000000001,38060,"Phoenix-Mesa-Chandler, AZ",1,429,"Phoenix-Mesa, AZ",405,04013,04013,2024-2025,11,100.0,0.0,0.0,0.0,0.0,0.0,0.0,0.0,0.0,0.0,0.0,0.0
400429,Country Gardens Charter Schools (79074),4,6313 W SOUTHERN AVE,LAVEEN,AZ,85339,4,4013,Maricopa County,33.3911,-112.1948,38060,"Phoenix-Mesa-Chandler, AZ",1,429,"Phoenix-Mesa, AZ",403,04011,04011,2024-2025,21,0.0,0.0,0.0,100.0,0.0,0.0,0.0,0.0,0.0,0.0,0.0,0.0
400432,Portable Practical Educational Preparation Inc. ( (87405),4,99 E VIRGINIA AVE STE 200,PHOENIX,AZ,85004,4,4013,Maricopa County,33.476391,-112.071066,38060,"Phoenix-Mesa-Chandler, AZ",1,429,"Phoenix-Mesa, AZ",403,04005,04005,2024-2025,11,82.42,0.0,0.0,17.58,0.0,0.0,0.0,0.0,0.0,0.0,0.0,0.0
400434,Santa Cruz County Regional School District (85848),4,2935 N GRAND AVE,NOGALES,AZ,85621,4,4023,Santa Cruz County,31.385394,-110.949751,35700,"Nogales, AZ",2,536,"Tucson-Nogales, AZ",407,04021,04021,2024-2025,33,-2.0,-2.0,-2.0,-2.0,-2.0,-2.0,-2.0,-2.0,-2.0,-2.0,-2.0,-2.0
400438,Imagine Charter Elementary at Desert West Inc. (88367),4,18052 N BLACK CANYON HWY,PHOENIX,AZ,85053,4,4013,Maricopa County,33.651525,-112.11599500000001,38060,"Phoenix-Mesa-Chandler, AZ",1,429,"Phoenix-Mesa, AZ",408,04002,04002,2024-2025,11,100.0,0.0,0.0,0.0,0.0,0.0,0.0,0.0,0.0,0.0,0.0,0.0
400439,Desert Star Community School Inc. (88321),4,1240 S RECYCLER RD,CORNVILLE,AZ,86325,4,4025,Yavapai County,34.716988,-111.88822,39150,"Prescott Valley-Prescott, AZ",1,N,N,402,04001,04001,2024-2025,42,0.0,0.0,0.0,0.0,0.0,0.0,0.0,0.0,0.0,0.0,100.0,0.0
400440,Chandler Preparatory Academy (88299),4,701 N 44th Street,PHOENIX,AZ,85008,4,4013,Maricopa County,33.456048,-111.986737,38060,"Phoenix-Mesa-Chandler, AZ",1,429,"Phoenix-Mesa, AZ",403,04008,04008,2024-2025,11,100.0,0.0,0.0,0.0,0.0,0.0,0.0,0.0,0.0,0.0,0.0,0.0
400441,Imagine Middle at Surprise Inc. (88372),4,18052 N BLACK CANYON HWY,PHOENIX,AZ,85053,4,4013,Maricopa County,33.651525,-112.11599500000001,38060,"Phoenix-Mesa-Chandler, AZ",1,429,"Phoenix-Mesa, AZ",408,04002,04002,2024-2025,21,0.0,0.0,0.0,100.0,0.0,0.0,0.0,0.0,0.0,0.0,0.0,0.0
400442,Imagine Middle at East Mesa Inc. (88369),4,18052 N BLACK CANYON HWY,PHOENIX,AZ,85053,4,4013,Maricopa County,33.651525,-112.11599500000001,38060,"Phoenix-Mesa-Chandler, AZ",1,429,"Phoenix-Mesa, AZ",408,04002,04002,2024-2025,11,100.0,0.0,0.0,0.0,0.0,0.0,0.0,0.0,0.0,0.0,0.0,0.0
400444,Prescott Valley Charter School (88317),4,9500 E LORNA LN,Prescott Valley,AZ,86314,4,4025,Yavapai County,34.582181,-112.299812,39150,"Prescott Valley-Prescott, AZ",1,N,N,402,04001,04001,2024-2025,13,0.0,0.0,100.0,0.0,0.0,0.0,0.0,0.0,0.0,0.0,0.0,0.0
400445,Imagine Charter Elementary at Camelback Inc. (88365),4,18052 N BLACK CANYON HWY,PHOENIX,AZ,85053,4,4013,Maricopa County,33.651525,-112.11599500000001,38060,"Phoenix-Mesa-Chandler, AZ",1,429,"Phoenix-Mesa, AZ",408,04002,04002,2024-2025,11,100.0,0.0,0.0,0.0,0.0,0.0,0.0,0.0,0.0,0.0,0.0,0.0
400447,American Charter Schools Foundation d.b.a. South R (88334),4,6150 N 16TH ST STE A,PHOENIX,AZ,85016,4,4013,Maricopa County,33.527109,-112.04795200000001,38060,"Phoenix-Mesa-Chandler, AZ",1,429,"Phoenix-Mesa, AZ",401,04005,04005,2024-2025,11,100.0,0.0,0.0,0.0,0.0,0.0,0.0,0.0,0.0,0.0,0.0,0.0
400448,Desert Sky Community School Inc. (88308),4,1350 N ARCADIA AVE,TUCSON,AZ,85712,4,4019,Pima County,32.239477,-110.888052,46060,"Tucson, AZ",1,536,"Tucson-Nogales, AZ",406,04018,04018,2024-2025,11,100.0,0.0,0.0,0.0,0.0,0.0,0.0,0.0,0.0,0.0,0.0,0.0
400450,Agua Fria Union High School District (4289),4,1481 N ELISEO FELIX JR WAY STE,AVONDALE,AZ,85323,4,4013,Maricopa County,33.452486,-112.33596800000001,38060,"Phoenix-Mesa-Chandler, AZ",1,429,"Phoenix-Mesa, AZ",407,04022,04022,2024-2025,21,0.0,0.0,0.0,58.84,0.0,0.0,0.0,0.0,0.0,41.16,0.0,0.0
400455,Arizona State Hospital (6415),4,2500 E VAN BUREN ST,PHOENIX,AZ,85008,4,4013,Maricopa County,33.452776,-112.026064,38060,"Phoenix-Mesa-Chandler, AZ",1,429,"Phoenix-Mesa, AZ",403,04011,04011,2024-2025,11,100.0,0.0,0.0,0.0,0.0,0.0,0.0,0.0,0.0,0.0,0.0,0.0
400456,Graham County Juvenile Detention (79539),4,919 W THATCHER BLVD,SAFFORD,AZ,85546,4,4009,Graham County,32.833721000000004,-109.718072,40940,"Safford, AZ",2,N,N,406,04019,04019,2024-2025,33,-2.0,-2.0,-2.0,-2.0,-2.0,-2.0,-2.0,-2.0,-2.0,-2.0,-2.0,-2.0
400457,Cochise County Juvenile Detention (79462),4,915 Tovreaville Road,Bisbee,AZ,85603,4,4003,Cochise County,31.553056,-110.23340800000001,43420,"Sierra Vista-Douglas, AZ",1,N,N,406,04019,04019,2024-2025,13,-2.0,-2.0,-2.0,-2.0,-2.0,-2.0,-2.0,-2.0,-2.0,-2.0,-2.0,-2.0
400458,Yuma County Juvenile Justice Center (79524),4,2440 W 28TH ST,YUMA,AZ,85364,4,4027,Yuma County,32.677647,-114.64954300000001,49740,"Yuma, AZ",1,N,N,407,04023,04023,2024-2025,12,-2.0,-2.0,-2.0,-2.0,-2.0,-2.0,-2.0,-2.0,-2.0,-2.0,-2.0,-2.0
400459,Maricopa County Sheriffs Office (79540),4,550 W JACKSON ST,PHOENIX,AZ,85003,4,4013,Maricopa County,33.445339000000004,-112.080825,38060,"Phoenix-Mesa-Chandler, AZ",1,429,"Phoenix-Mesa, AZ",403,04011,04011,2024-2025,11,-2.0,-2.0,-2.0,-2.0,-2.0,-2.0,-2.0,-2.0,-2.0,-2.0,-2.0,-2.0
400460,Yavapai County Juvenile Justice Center (79533),4,1100 PRESCOTT LAKES PKWY,PRESCOTT,AZ,86301,4,4025,Yavapai County,34.566781,-112.42479300000001,39150,"Prescott Valley-Prescott, AZ",1,N,N,402,04001,04001,2024-2025,41,-2.0,-2.0,-2.0,-2.0,-2.0,-2.0,-2.0,-2.0,-2.0,-2.0,-2.0,-2.0
400461,Mohave County Juvenile Detention (79589),4,809 E BEALE ST,KINGMAN,AZ,86401,4,4015,Mohave County,35.188441000000005,-114.044932,29420,"Lake Havasu City-Kingman, AZ",1,N,N,409,04030,04030,2024-2025,41,-2.0,-2.0,-2.0,-2.0,-2.0,-2.0,-2.0,-2.0,-2.0,-2.0,-2.0,-2.0
400463,Arizona State Schools for the Deaf and the Blind (6393),4,1200 W SPEEDWAY BLVD,TUCSON,AZ,85745,4,4019,Pima County,32.237033000000004,-110.99043400000001,46060,"Tucson, AZ",1,536,"Tucson-Nogales, AZ",407,04020,04020,2024-2025,11,96.39,0.28,0.28,2.78,0.0,0.0,0.0,0.0,0.0,0.0,0.0,0.28
400480,Aguila Elementary District (4249),4,50023 N 514th Ave,Aguila,AZ,85320,4,4013,Maricopa County,33.93865,-113.172904,38060,"Phoenix-Mesa-Chandler, AZ",1,429,"Phoenix-Mesa, AZ",409,04030,04030,2024-2025,43,0.0,0.0,0.0,0.0,0.0,0.0,0.0,0.0,0.0,0.0,0.0,100.0
400520,Ajo Unified District (4409),4,111 N WELL RD,AJO,AZ,85321,4,4019,Pima County,32.373754,-112.85954100000001,46060,"Tucson, AZ",1,536,"Tucson-Nogales, AZ",407,04023,04023,2024-2025,43,0.0,0.0,0.0,0.0,0.0,0.0,0.0,0.0,0.0,0.0,0.0,100.0
400600,Alhambra Elementary District (4280),4,4510 N 37TH AVE,PHOENIX,AZ,85019,4,4013,Maricopa County,33.50269,-112.13899,38060,"Phoenix-Mesa-Chandler, AZ",1,429,"Phoenix-Mesa, AZ",403,04026,04026,2024-2025,11,84.47,0.0,0.0,15.53,0.0,0.0,0.0,0.0,0.0,0.0,0.0,0.0
400607,Eagle Elementary District (4232),4,Upper Eagle Creek,Clifton,AZ,85533,4,4011,Greenlee County,33.381575,-109.493397,N,N,0,N,N,406,04019,04019,2024-2025,43,-2.0,-2.0,-2.0,-2.0,-2.0,-2.0,-2.0,-2.0,-2.0,-2.0,-2.0,-2.0
400608,BASIS Charter Schools Inc. (81078),4,7975 N HAYDEN RD STE B121,SCOTTSDALE,AZ,85258,4,4013,Maricopa County,33.553063,-111.89736900000001,38060,"Phoenix-Mesa-Chandler, AZ",1,429,"Phoenix-Mesa, AZ",401,04004,04004,2024-2025,12,0.0,100.0,0.0,0.0,0.0,0.0,0.0,0.0,0.0,0.0,0.0,0.0
400610,Desert Heights Charter Schools (81099),4,5821 W BEVERLY LN,GLENDALE,AZ,85306,4,4013,Maricopa County,33.6333,-112.1817,38060,"Phoenix-Mesa-Chandler, AZ",1,429,"Phoenix-Mesa, AZ",408,04027,04027,2024-2025,21,0.0,0.0,0.0,100.0,0.0,0.0,0.0,0.0,0.0,0.0,0.0,0.0
400612,Northeast Arizona Technological Institute of Vocat (81114),4,Off Hwy 163 .6 Mi East of Kay,Kayenta,AZ,86033,4,4017,Navajo County,36.722262,-110.243806,43320,"Show Low, AZ",2,N,N,402,04006,04006,2024-2025,43,0.0,0.0,0.0,0.0,0.0,0.0,0.0,0.0,6.85,0.0,0.0,93.15
400613,Educational Impact Inc. (81123),4,1950 E PLACITA SIN NOMBRE,TUCSON,AZ,85718,4,4019,Pima County,32.330425,-110.94377600000001,46060,"Tucson, AZ",1,536,"Tucson-Nogales, AZ",406,04018,04018,2024-2025,11,100.0,0.0,0.0,0.0,0.0,0.0,0.0,0.0,0.0,0.0,0.0,0.0
400614,MCCCD on behalf of Phoenix College Preparatory Aca (81174),4,2411 W 14TH ST,TEMPE,AZ,85281,4,4013,Maricopa County,33.413018,-111.97565,38060,"Phoenix-Mesa-Chandler, AZ",1,429,"Phoenix-Mesa, AZ",404,04008,04008,2024-2025,11,100.0,0.0,0.0,0.0,0.0,0.0,0.0,0.0,0.0,0.0,0.0,0.0
400615,West-MEC - Western Maricopa Education Center (80923),4,5487 N 99TH AVE,GLENDALE,AZ,85305,4,4013,Maricopa County,33.51507,-112.271827,38060,"Phoenix-Mesa-Chandler, AZ",1,429,"Phoenix-Mesa, AZ",409,04022,04022,2024-2025,21,33.49,0.0,0.0,60.93,0.0,0.0,0.47,0.0,0.0,3.72,0.93,0.47
400616,New School for the Arts Middle School (80985),4,1216 E APACHE BLVD,TEMPE,AZ,85281,4,4013,Maricopa County,33.415291,-111.91922100000001,38060,"Phoenix-Mesa-Chandler, AZ",1,429,"Phoenix-Mesa, AZ",404,04008,04008,2024-2025,12,0.0,100.0,0.0,0.0,0.0,0.0,0.0,0.0,0.0,0.0,0.0,0.0
400618,American Charter Schools Foundation d.b.a. South P (80989),4,6150 N 16TH ST STE A,PHOENIX,AZ,85016,4,4013,Maricopa County,33.527109,-112.04795200000001,38060,"Phoenix-Mesa-Chandler, AZ",1,429,"Phoenix-Mesa, AZ",401,04005,04005,2024-2025,11,100.0,0.0,0.0,0.0,0.0,0.0,0.0,0.0,0.0,0.0,0.0,0.0
400619,American Charter Schools Foundation d.b.a. Alta Vi (80995),4,6150 N 16TH ST STE A,PHOENIX,AZ,85016,4,4013,Maricopa County,33.527109,-112.04795200000001,38060,"Phoenix-Mesa-Chandler, AZ",1,429,"Phoenix-Mesa, AZ",401,04005,04005,2024-2025,11,100.0,0.0,0.0,0.0,0.0,0.0,0.0,0.0,0.0,0.0,0.0,0.0
400621,Pinnacle Education-Tempe Inc. (81001),4,2224 W SOUTHERN AVE STE 2,TEMPE,AZ,85282,4,4013,Maricopa County,33.3932,-111.9719,38060,"Phoenix-Mesa-Chandler, AZ",1,429,"Phoenix-Mesa, AZ",404,04008,04008,2024-2025,12,0.0,100.0,0.0,0.0,0.0,0.0,0.0,0.0,0.0,0.0,0.0,0.0
400625,Pinnacle Education-Kino Inc. (81009),4,2055 N GRAND AVE,NOGALES,AZ,85621,4,4023,Santa Cruz County,31.369389,-110.932648,35700,"Nogales, AZ",2,536,"Tucson-Nogales, AZ",407,04021,04021,2024-2025,33,0.0,0.0,0.0,0.0,0.0,0.0,0.0,0.0,100.0,0.0,0.0,0.0
400626,Pinnacle Education-Casa Grande Inc. (81011),4,2510 N TREKELL RD,CASA GRANDE,AZ,85122,4,4021,Pinal County,32.927541,-111.73864,38060,"Phoenix-Mesa-Chandler, AZ",1,429,"Phoenix-Mesa, AZ",402,04016,04016,2024-2025,13,0.0,0.0,100.0,0.0,0.0,0.0,0.0,0.0,0.0,0.0,0.0,0.0
400630,Alpine Elementary District (4161),4,County Rd 2052 #11,Alpine,AZ,85920,4,4001,Apache County,33.827147000000004,-109.14349800000001,N,N,0,N,N,402,04006,04006,2024-2025,43,0.0,0.0,0.0,0.0,0.0,0.0,0.0,0.0,0.0,0.0,0.0,100.0
400632,Cochise Community Development Corporation (81027),4,1169 COLOMBO AVE,SIERRA VISTA,AZ,85635,4,4003,Cochise County,31.566878000000003,-110.24813400000001,43420,"Sierra Vista-Douglas, AZ",1,N,N,406,04019,04019,2024-2025,13,0.0,0.0,100.0,0.0,0.0,0.0,0.0,0.0,0.0,0.0,0.0,0.0
400633,Canyon Rose Academy Inc. (81029),4,3686 W ORANGE GROVE RD STE 192,TUCSON,AZ,85741,4,4019,Pima County,32.324859000000004,-111.043512,46060,"Tucson, AZ",1,536,"Tucson-Nogales, AZ",406,04017,04017,2024-2025,11,100.0,0.0,0.0,0.0,0.0,0.0,0.0,0.0,0.0,0.0,0.0,0.0
400636,Blueprint Education (81041),4,5651 W TALAVI BLVD STE 170,GLENDALE,AZ,85306,4,4013,Maricopa County,33.63618,-112.17987500000001,38060,"Phoenix-Mesa-Chandler, AZ",1,429,"Phoenix-Mesa, AZ",408,04027,04027,2024-2025,11,100.0,0.0,0.0,0.0,0.0,0.0,0.0,0.0,0.0,0.0,0.0,0.0
400637,Edkey Inc. - Redwood Academy (81043),4,1460 S HORNE,MESA,AZ,85204,4,4013,Maricopa County,33.387587,-111.814937,38060,"Phoenix-Mesa-Chandler, AZ",1,429,"Phoenix-Mesa, AZ",404,04009,04009,2024-2025,11,100.0,0.0,0.0,0.0,0.0,0.0,0.0,0.0,0.0,0.0,0.0,0.0
400638,Edkey Inc. - Pathfinder Academy (81045),4,1460 S HORNE,MESA,AZ,85204,4,4013,Maricopa County,33.387587,-111.814937,38060,"Phoenix-Mesa-Chandler, AZ",1,429,"Phoenix-Mesa, AZ",404,04009,04009,2024-2025,11,99.9,0.0,0.1,0.0,0.0,0.0,0.0,0.0,0.0,0.0,0.0,0.0
400640,Edkey Inc. - Sequoia School for the Deaf and Hard (81050),4,1460 S HORNE,MESA,AZ,85204,4,4013,Maricopa County,33.387587,-111.814937,38060,"Phoenix-Mesa-Chandler, AZ",1,429,"Phoenix-Mesa, AZ",404,04009,04009,2024-2025,11,100.0,0.0,0.0,0.0,0.0,0.0,0.0,0.0,0.0,0.0,0.0,0.0
400641,Edkey Inc. - Sequoia Ranch School (81052),4,1460 S HORNE,MESA,AZ,85204,4,4013,Maricopa County,33.387587,-111.814937,38060,"Phoenix-Mesa-Chandler, AZ",1,429,"Phoenix-Mesa, AZ",404,04009,04009,2024-2025,11,99.13,0.87,0.0,0.0,0.0,0.0,0.0,0.0,0.0,0.0,0.0,0.0
400649,Heritage Elementary School (81076),4,4027 N 45TH AVE,PHOENIX,AZ,85031,4,4013,Maricopa County,33.532871,-112.327258,38060,"Phoenix-Mesa-Chandler, AZ",1,429,"Phoenix-Mesa, AZ",409,04029,04029,2024-2025,21,0.0,0.0,0.0,94.12,0.0,0.0,0.0,0.0,0.0,0.0,0.0,5.88
400650,Integrity Education Incorporated (5174),4,7425 E CULVER ST STE 115,SCOTTSDALE,AZ,85257,4,4013,Maricopa County,33.45783,-111.93010100000001,38060,"Phoenix-Mesa-Chandler, AZ",1,429,"Phoenix-Mesa, AZ",404,04008,04008,2024-2025,12,0.0,100.0,0.0,0.0,0.0,0.0,0.0,0.0,0.0,0.0,0.0,0.0
400653,Edkey Inc. dba Arizona Conservatory for Arts and  (79981),4,1460 S HORNE,MESA,AZ,85204,4,4013,Maricopa County,33.387587,-111.814937,38060,"Phoenix-Mesa-Chandler, AZ",1,429,"Phoenix-Mesa, AZ",404,04009,04009,2024-2025,11,100.0,0.0,0.0,0.0,0.0,0.0,0.0,0.0,0.0,0.0,0.0,0.0
400655,Veritas Preparatory Academy (80992),4,701 N 44th Street,PHOENIX,AZ,85008,4,4013,Maricopa County,33.456048,-111.986737,38060,"Phoenix-Mesa-Chandler, AZ",1,429,"Phoenix-Mesa, AZ",403,04008,04008,2024-2025,11,100.0,0.0,0.0,0.0,0.0,0.0,0.0,0.0,0.0,0.0,0.0,0.0
400656,RSD Charter School Inc. (81033),4,13615 N 35TH AVE STE 11,PHOENIX,AZ,85029,4,4013,Maricopa County,33.608735,-112.13324100000001,38060,"Phoenix-Mesa-Chandler, AZ",1,429,"Phoenix-Mesa, AZ",408,04027,04027,2024-2025,11,100.0,0.0,0.0,0.0,0.0,0.0,0.0,0.0,0.0,0.0,0.0,0.0
400680,Amphitheater Unified District (4406),4,701 W WETMORE RD,TUCSON,AZ,85705,4,4019,Pima County,32.286019,-110.98229500000001,46060,"Tucson, AZ",1,536,"Tucson-Nogales, AZ",407,04020,04020,2024-2025,21,27.56,0.0,0.0,36.38,0.0,0.0,0.0,0.0,0.0,36.06,0.0,0.0
400720,Antelope Union High School District (4506),4,9168 S Ave 36 E,Wellton,AZ,85356,4,4027,Yuma County,32.691608,-114.02324200000001,49740,"Yuma, AZ",1,N,N,409,04025,04025,2024-2025,42,0.0,0.0,0.0,0.0,0.0,0.0,0.0,0.0,0.0,0.0,100.0,0.0
400745,Legacy Traditional School - Maricopa (88360),4,17760 N REGENT DR,MARICOPA,AZ,85138,4,4021,Pinal County,33.042307,-112.00606,38060,"Phoenix-Mesa-Chandler, AZ",1,429,"Phoenix-Mesa, AZ",402,04016,04016,2024-2025,41,0.0,0.0,0.0,0.0,0.0,0.0,0.0,0.0,0.0,100.0,0.0,0.0
400746,Eduprize Schools LLC (89412),4,4567 W ROBERTS RD,QUEEN CREEK,AZ,85142,4,4021,Pinal County,33.175201,-111.61522500000001,38060,"Phoenix-Mesa-Chandler, AZ",1,429,"Phoenix-Mesa, AZ",405,04015,04015,2024-2025,21,41.61,0.0,0.0,58.39,0.0,0.0,0.0,0.0,0.0,0.0,0.0,0.0
400747,Scottsdale Preparatory Academy (89756),4,701 N 44TH ST,PHOENIX,AZ,85008,4,4013,Maricopa County,33.456048,-111.986737,38060,"Phoenix-Mesa-Chandler, AZ",1,429,"Phoenix-Mesa, AZ",403,04008,04008,2024-2025,12,0.0,100.0,0.0,0.0,0.0,0.0,0.0,0.0,0.0,0.0,0.0,0.0
400748,Sage Academy Inc. (89414),4,1055 E HEARN RD,PHOENIX,AZ,85022,4,4013,Maricopa County,33.578929,-112.115138,38060,"Phoenix-Mesa-Chandler, AZ",1,429,"Phoenix-Mesa, AZ",408,04005,04005,2024-2025,11,100.0,0.0,0.0,0.0,0.0,0.0,0.0,0.0,0.0,0.0,0.0,0.0
400750,Apache Elementary District (4178),4,10488 E SKELETON CANYON RD,PORTAL,AZ,85632,4,4003,Cochise County,31.689643,-109.130503,43420,"Sierra Vista-Douglas, AZ",1,N,N,406,04019,04019,2024-2025,43,0.0,0.0,0.0,0.0,0.0,0.0,0.0,0.0,0.0,0.0,0.0,100.0
400751,Concordia Charter School Inc. (89556),4,142 N DATE,MESA,AZ,85201,4,4013,Maricopa County,33.4179,-111.84530000000001,38060,"Phoenix-Mesa-Chandler, AZ",1,429,"Phoenix-Mesa, AZ",404,04009,04009,2024-2025,11,98.15,0.0,0.0,0.0,0.0,0.0,0.0,0.0,0.0,0.0,0.0,1.85
400752,Pima County JTED (89380),4,2855 W Master Pieces Dr,Tucson,AZ,85741,4,4019,Pima County,32.312811,-111.028367,46060,"Tucson, AZ",1,536,"Tucson-Nogales, AZ",406,04018,04018,2024-2025,11,65.56,0.0,0.0,21.67,0.0,0.0,1.67,0.0,1.11,6.67,1.11,2.22
400754,Imagine Desert West Middle Inc. (89563),4,18052 N BLACK CANYON HWY,PHOENIX,AZ,85053,4,4013,Maricopa County,33.651525,-112.11599500000001,38060,"Phoenix-Mesa-Chandler, AZ",1,429,"Phoenix-Mesa, AZ",408,04002,04002,2024-2025,11,100.0,0.0,0.0,0.0,0.0,0.0,0.0,0.0,0.0,0.0,0.0,0.0
400755,Freedom Academy Inc. (89506),4,3916 E PARADISE LN,PHOENIX,AZ,85032,4,4013,Maricopa County,33.633874,-111.99733,38060,"Phoenix-Mesa-Chandler, AZ",1,429,"Phoenix-Mesa, AZ",401,04004,04004,2024-2025,11,100.0,0.0,0.0,0.0,0.0,0.0,0.0,0.0,0.0,0.0,0.0,0.0
400756,Imagine Camelback Middle Inc. (89561),4,18052 N BLACK CANYON HWY,PHOENIX,AZ,85053,4,4013,Maricopa County,33.651525,-112.11599500000001,38060,"Phoenix-Mesa-Chandler, AZ",1,429,"Phoenix-Mesa, AZ",408,04002,04002,2024-2025,11,100.0,0.0,0.0,0.0,0.0,0.0,0.0,0.0,0.0,0.0,0.0,0.0
400757,Arete Preparatory Academy (89486),4,701 N 44TH ST,PHOENIX,AZ,85008,4,4013,Maricopa County,33.456048,-111.986737,38060,"Phoenix-Mesa-Chandler, AZ",1,429,"Phoenix-Mesa, AZ",403,04008,04008,2024-2025,11,100.0,0.0,0.0,0.0,0.0,0.0,0.0,0.0,0.0,0.0,0.0,0.0
400758,Candeo Schools Inc. (89758),4,9965 W CALLE LEJOS,PEORIA,AZ,85383,4,4013,Maricopa County,33.70313,-112.27348400000001,38060,"Phoenix-Mesa-Chandler, AZ",1,429,"Phoenix-Mesa, AZ",408,04028,04028,2024-2025,21,0.0,0.0,0.0,100.0,0.0,0.0,0.0,0.0,0.0,0.0,0.0,0.0
400760,Glendale Preparatory Academy (89829),4,701 North 44th Street,PHOENIX,AZ,85008,4,4013,Maricopa County,33.456048,-111.986737,38060,"Phoenix-Mesa-Chandler, AZ",1,429,"Phoenix-Mesa, AZ",403,04008,04008,2024-2025,21,0.0,0.0,0.0,100.0,0.0,0.0,0.0,0.0,0.0,0.0,0.0,0.0
400762,Graham County School Superintendent (79543),4,523 S 10TH AVE,SAFFORD,AZ,85546,4,4009,Graham County,32.83459,-109.71849900000001,40940,"Safford, AZ",2,N,N,406,04019,04019,2024-2025,33,-2.0,-2.0,-2.0,-2.0,-2.0,-2.0,-2.0,-2.0,-2.0,-2.0,-2.0,-2.0
400763,EAGLE South Mountain Charter Inc. (89850),4,2450 W SOUTH MOUNTAIN AVE,PHOENIX,AZ,85041,4,4013,Maricopa County,33.371604,-112.11233200000001,38060,"Phoenix-Mesa-Chandler, AZ",1,429,"Phoenix-Mesa, AZ",403,04011,04011,2024-2025,11,100.0,0.0,0.0,0.0,0.0,0.0,0.0,0.0,0.0,0.0,0.0,0.0
400764,ASU Preparatory Academy (89949),4,735 E FILLMORE ST,PHOENIX,AZ,85006,4,4013,Maricopa County,33.454094,-112.06396400000001,38060,"Phoenix-Mesa-Chandler, AZ",1,429,"Phoenix-Mesa, AZ",403,04005,04005,2024-2025,11,100.0,0.0,0.0,0.0,0.0,0.0,0.0,0.0,0.0,0.0,0.0,0.0
400765,Gila County Sheriff's Office (79544),4,1400 E ASH ST,GLOBE,AZ,85501,4,4007,Gila County,33.394567,-110.770936,37740,"Payson, AZ",2,429,"Phoenix-Mesa, AZ",402,04007,04007,2024-2025,33,-2.0,-2.0,-2.0,-2.0,-2.0,-2.0,-2.0,-2.0,-2.0,-2.0,-2.0,-2.0
400766,Imagine Coolidge Elementary Inc. (89786),4,1290 W VAH KI INN RD,COOLIDGE,AZ,85128,4,4021,Pinal County,32.989066,-111.53742100000001,38060,"Phoenix-Mesa-Chandler, AZ",1,429,"Phoenix-Mesa, AZ",402,04016,04016,2024-2025,32,0.0,0.0,0.0,0.0,0.0,0.0,0.0,100.0,0.0,0.0,0.0,0.0
400767,Gila County Juvenile Detention (79494),4,1425 E SOUTH ST,GLOBE,AZ,85501,4,4007,Gila County,33.394567,-110.770936,37740,"Payson, AZ",2,429,"Phoenix-Mesa, AZ",402,04007,04007,2024-2025,33,-2.0,-2.0,-2.0,-2.0,-2.0,-2.0,-2.0,-2.0,-2.0,-2.0,-2.0,-2.0
400768,Pima Prevention Partnership dba Pima Partnership A (89864),4,924 N. Alvernon Way,Tucson,AZ,85711,4,4019,Pima County,32.233271,-110.909141,46060,"Tucson, AZ",1,536,"Tucson-Nogales, AZ",406,04018,04018,2024-2025,11,100.0,0.0,0.0,0.0,0.0,0.0,0.0,0.0,0.0,0.0,0.0,0.0
400769,Imagine Prep Coolidge Inc. (90034),4,1290B W VAH KI INN RD,COOLIDGE,AZ,85128,4,4021,Pinal County,32.988861,-111.53856300000001,38060,"Phoenix-Mesa-Chandler, AZ",1,429,"Phoenix-Mesa, AZ",402,04016,04016,2024-2025,32,0.0,0.0,0.0,0.0,0.0,0.0,0.0,100.0,0.0,0.0,0.0,0.0
400770,Imagine Prep Surprise Inc. (89790),4,18052 N BLACK CANYON HWY,PHOENIX,AZ,85053,4,4013,Maricopa County,33.651525,-112.11599500000001,38060,"Phoenix-Mesa-Chandler, AZ",1,429,"Phoenix-Mesa, AZ",408,04002,04002,2024-2025,21,0.0,0.0,0.0,100.0,0.0,0.0,0.0,0.0,0.0,0.0,0.0,0.0
400771,Blue Adobe Project (89871),4,6000 E 14TH ST,TUCSON,AZ,85711,4,4019,Pima County,32.21514,-110.864811,46060,"Tucson, AZ",1,536,"Tucson-Nogales, AZ",407,04021,04021,2024-2025,11,100.0,0.0,0.0,0.0,0.0,0.0,0.0,0.0,0.0,0.0,0.0,0.0
400772,Mountain Institute CTED #2 (90090),4,220 Ruger Rd. Suite 2,PRESCOTT,AZ,86301,4,4025,Yavapai County,34.655327,-112.42368300000001,39150,"Prescott Valley-Prescott, AZ",1,N,N,402,04001,04001,2024-2025,41,0.0,0.0,7.23,0.0,0.0,0.0,0.0,0.0,0.0,87.95,1.2,3.61
400773,Yuma County Sheriff's Office (79472),4,200 W COURT ST,YUMA,AZ,85364,4,4027,Yuma County,32.724765,-114.623039,49740,"Yuma, AZ",1,N,N,407,04023,04023,2024-2025,12,-2.0,-2.0,-2.0,-2.0,-2.0,-2.0,-2.0,-2.0,-2.0,-2.0,-2.0,-2.0
400774,Daisy Education Corporation dba Sonoran Science Ac (89915),4,7450 East Stella Road,TUCSON,AZ,85730,4,4019,Pima County,32.184273000000005,-110.83400900000001,46060,"Tucson, AZ",1,536,"Tucson-Nogales, AZ",406,04021,04021,2024-2025,11,100.0,0.0,0.0,0.0,0.0,0.0,0.0,0.0,0.0,0.0,0.0,0.0
400775,San Tan Montessori School Inc. (89798),4,3959 E ELLIOT RD,GILBERT,AZ,85234,4,4013,Maricopa County,33.349425000000004,-111.70500100000001,38060,"Phoenix-Mesa-Chandler, AZ",1,429,"Phoenix-Mesa, AZ",405,04014,04014,2024-2025,11,100.0,0.0,0.0,0.0,0.0,0.0,0.0,0.0,0.0,0.0,0.0,0.0
400776,Daisy Education Corporation dba Sonoran Science Ac (89914),4,3535 E MCDOWELL RD,PHOENIX,AZ,85008,4,4013,Maricopa County,33.465354,-112.005594,38060,"Phoenix-Mesa-Chandler, AZ",1,429,"Phoenix-Mesa, AZ",403,04008,04008,2024-2025,11,100.0,0.0,0.0,0.0,0.0,0.0,0.0,0.0,0.0,0.0,0.0,0.0
400777,Santa Cruz County Sheriff's Office (79473),4,2170 N CONGRESS DR,NOGALES,AZ,85621,4,4023,Santa Cruz County,31.372263,-110.937543,35700,"Nogales, AZ",2,536,"Tucson-Nogales, AZ",407,04021,04021,2024-2025,33,-2.0,-2.0,-2.0,-2.0,-2.0,-2.0,-2.0,-2.0,-2.0,-2.0,-2.0,-2.0
400778,Daisy Education Corporation dba Paragon Science Ac (89917),4,5580 W CHANDLER BLVD,CHANDLER,AZ,85226,4,4013,Maricopa County,33.317311000000004,-111.892841,38060,"Phoenix-Mesa-Chandler, AZ",1,429,"Phoenix-Mesa, AZ",404,04013,04013,2024-2025,11,100.0,0.0,0.0,0.0,0.0,0.0,0.0,0.0,0.0,0.0,0.0,0.0
400779,Greenlee County Sheriff's Office (79542),4,Hwy 191,Clifton,AZ,85533,4,4011,Greenlee County,33.037662000000005,-109.29706800000001,N,N,0,N,N,406,04019,04019,2024-2025,43,-2.0,-2.0,-2.0,-2.0,-2.0,-2.0,-2.0,-2.0,-2.0,-2.0,-2.0,-2.0
400780,Imagine Avondale Elementary Inc. (89784),4,18052 N BLACK CANYON HWY,PHOENIX,AZ,85053,4,4013,Maricopa County,33.651525,-112.11599500000001,38060,"Phoenix-Mesa-Chandler, AZ",1,429,"Phoenix-Mesa, AZ",408,04002,04002,2024-2025,21,0.0,0.0,0.0,100.0,0.0,0.0,0.0,0.0,0.0,0.0,0.0,0.0
400781,Math and Science Success Academy Inc. (89852),4,1557 W PRINCE RD,TUCSON,AZ,85705,4,4019,Pima County,32.27182,-110.999684,46060,"Tucson, AZ",1,536,"Tucson-Nogales, AZ",407,04020,04020,2024-2025,11,100.0,0.0,0.0,0.0,0.0,0.0,0.0,0.0,0.0,0.0,0.0,0.0
400782,Haven Montessori Children's House Inc. (89951),4,621 W CLAY AVE,FLAGSTAFF,AZ,86001,4,4005,Coconino County,35.195581000000004,-111.658088,22380,"Flagstaff, AZ",1,N,N,402,04006,04006,2024-2025,13,0.0,0.0,100.0,0.0,0.0,0.0,0.0,0.0,0.0,0.0,0.0,0.0
400783,Imagine Prep Superstition Inc. (89788),4,1843 W 16TH AVE,Apache Junction,AZ,85120,4,4021,Pinal County,33.399654,-111.566192,38060,"Phoenix-Mesa-Chandler, AZ",1,429,"Phoenix-Mesa, AZ",405,04010,04010,2024-2025,21,0.0,0.0,0.0,100.0,0.0,0.0,0.0,0.0,0.0,0.0,0.0,0.0
400785,AZ Compass Schools Inc. (89869),4,2020 N ARIZONA AVE STE G62,CHANDLER,AZ,85225,4,4013,Maricopa County,33.337025000000004,-111.84383700000001,38060,"Phoenix-Mesa-Chandler, AZ",1,429,"Phoenix-Mesa, AZ",404,04012,04012,2024-2025,11,100.0,0.0,0.0,0.0,0.0,0.0,0.0,0.0,0.0,0.0,0.0,0.0
400786,West Valley Arts and Technology Academy Inc. (90036),4,5625 S 51ST AVE,LAVEEN,AZ,85339,4,4013,Maricopa County,33.394980000000004,-112.167071,38060,"Phoenix-Mesa-Chandler, AZ",1,429,"Phoenix-Mesa, AZ",403,04011,04011,2024-2025,11,100.0,0.0,0.0,0.0,0.0,0.0,0.0,0.0,0.0,0.0,0.0,0.0
400787,Kaizen Education Foundation dba Vista Grove Prepar (90330),4,6150 N 16TH ST STE A,PHOENIX,AZ,85016,4,4013,Maricopa County,33.527109,-112.04795200000001,38060,"Phoenix-Mesa-Chandler, AZ",1,429,"Phoenix-Mesa, AZ",401,04005,04005,2024-2025,11,100.0,0.0,0.0,0.0,0.0,0.0,0.0,0.0,0.0,0.0,0.0,0.0
400788,ASU Preparatory Academy (90273),4,1130 E University Dr. Ste 230,Tempe,AZ,85287,4,4013,Maricopa County,33.423291,-111.921142,38060,"Phoenix-Mesa-Chandler, AZ",1,429,"Phoenix-Mesa, AZ",404,04008,04008,2024-2025,11,100.0,0.0,0.0,0.0,0.0,0.0,0.0,0.0,0.0,0.0,0.0,0.0
400789,Kaizen Education Foundation dba Liberty Arts Acade (90334),4,6150 N 16TH ST STE A,PHOENIX,AZ,85016,4,4013,Maricopa County,33.527109,-112.04795200000001,38060,"Phoenix-Mesa-Chandler, AZ",1,429,"Phoenix-Mesa, AZ",401,04005,04005,2024-2025,11,100.0,0.0,0.0,0.0,0.0,0.0,0.0,0.0,0.0,0.0,0.0,0.0
400790,Apache Junction Unified District (4443),4,801 W SOUTHERN AVE,Apache Junction,AZ,85120,4,4021,Pinal County,33.392997,-111.56262400000001,38060,"Phoenix-Mesa-Chandler, AZ",1,429,"Phoenix-Mesa, AZ",405,04007,04007,2024-2025,21,0.0,0.0,0.0,54.26,0.0,0.0,11.55,0.0,0.0,34.19,0.0,0.0
400792,Vector School District Inc. (90317),4,2020 N Arizona Ave #5,CHANDLER,AZ,85225,4,4013,Maricopa County,33.337025000000004,-111.84383700000001,38060,"Phoenix-Mesa-Chandler, AZ",1,429,"Phoenix-Mesa, AZ",404,04012,04012,2024-2025,11,100.0,0.0,0.0,0.0,0.0,0.0,0.0,0.0,0.0,0.0,0.0,0.0
400793,Sun Valley Academy - South Mountain Inc. (90192),4,2675 W BASELINE RD,PHOENIX,AZ,85041,4,4013,Maricopa County,33.37686,-112.11552800000001,38060,"Phoenix-Mesa-Chandler, AZ",1,429,"Phoenix-Mesa, AZ",403,04011,04011,2024-2025,11,100.0,0.0,0.0,0.0,0.0,0.0,0.0,0.0,0.0,0.0,0.0,0.0
400794,Western Arizona Vocational District #50 (90123),4,700 W BEALE ST,KINGMAN,AZ,86401,4,4015,Mohave County,35.189781,-114.06466200000001,29420,"Lake Havasu City-Kingman, AZ",1,N,N,409,04030,04030,2024-2025,41,0.0,0.0,17.39,0.0,0.0,8.7,0.0,17.39,0.0,56.52,0.0,0.0
400796,CAFA Inc. dba Learning Foundation and Performing  (90328),4,4055 E WARNER RD,GILBERT,AZ,85296,4,4013,Maricopa County,33.334857,-111.70333400000001,38060,"Phoenix-Mesa-Chandler, AZ",1,429,"Phoenix-Mesa, AZ",405,04014,04014,2024-2025,11,100.0,0.0,0.0,0.0,0.0,0.0,0.0,0.0,0.0,0.0,0.0,0.0
400797,Academy Del Sol Inc. (90199),4,7102 W VALLEY CREST PL,TUCSON,AZ,85757,4,4019,Pima County,32.130577,-111.11699700000001,46060,"Tucson, AZ",1,536,"Tucson-Nogales, AZ",407,04023,04023,2024-2025,21,23.46,0.0,0.0,76.54,0.0,0.0,0.0,0.0,0.0,0.0,0.0,0.0
400798,Pioneer Preparatory School (90140),4,6510 W CLARENDON AVE,PHOENIX,AZ,85033,4,4013,Maricopa County,33.49183,-112.20021100000001,38060,"Phoenix-Mesa-Chandler, AZ",1,429,"Phoenix-Mesa, AZ",403,04024,04024,2024-2025,11,100.0,0.0,0.0,0.0,0.0,0.0,0.0,0.0,0.0,0.0,0.0,0.0
400799,Kaizen Education Foundation dba Gilbert Arts Acade (90333),4,6150 N 16TH ST STE A,PHOENIX,AZ,85016,4,4013,Maricopa County,33.527109,-112.04795200000001,38060,"Phoenix-Mesa-Chandler, AZ",1,429,"Phoenix-Mesa, AZ",401,04005,04005,2024-2025,11,100.0,0.0,0.0,0.0,0.0,0.0,0.0,0.0,0.0,0.0,0.0,0.0
400800,The Odyssey Preparatory Academy Inc. (90287),4,1495 S VERRADO WAY,BUCKEYE,AZ,85326,4,4013,Maricopa County,33.433642,-112.502515,38060,"Phoenix-Mesa-Chandler, AZ",1,429,"Phoenix-Mesa, AZ",409,04025,04025,2024-2025,41,0.0,0.0,0.0,32.16,0.0,0.0,17.6,0.0,0.0,50.24,0.0,0.0
400801,Skyline Gila River Schools LLC (90329),4,978 N Preschool Rd.,Bapchule,AZ,85121,4,4013,Maricopa County,33.217713,-111.83828000000001,38060,"Phoenix-Mesa-Chandler, AZ",1,429,"Phoenix-Mesa, AZ",405,04013,04013,2024-2025,41,0.0,0.0,0.0,0.0,0.0,0.0,0.0,0.0,0.0,100.0,0.0,0.0
400802,Imagine Avondale Middle Inc. (90162),4,950 N Eliseo C Felix Jr Way,Avondale,AZ,85323,4,4013,Maricopa County,33.442572,-112.33822900000001,38060,"Phoenix-Mesa-Chandler, AZ",1,429,"Phoenix-Mesa, AZ",407,04022,04022,2024-2025,21,0.0,0.0,0.0,100.0,0.0,0.0,0.0,0.0,0.0,0.0,0.0,0.0
400803,CAFA Inc. dba Learning Foundation and Performing  (90327),4,4055 E WARNER RD,GILBERT,AZ,85296,4,4013,Maricopa County,33.334857,-111.70333400000001,38060,"Phoenix-Mesa-Chandler, AZ",1,429,"Phoenix-Mesa, AZ",405,04014,04014,2024-2025,11,100.0,0.0,0.0,0.0,0.0,0.0,0.0,0.0,0.0,0.0,0.0,0.0
400805,Choice Academies Inc. (90138),4,2323 W PARKSIDE LN,PHOENIX,AZ,85027,4,4013,Maricopa County,33.695278,-112.109925,38060,"Phoenix-Mesa-Chandler, AZ",1,429,"Phoenix-Mesa, AZ",401,04002,04002,2024-2025,11,100.0,0.0,0.0,0.0,0.0,0.0,0.0,0.0,0.0,0.0,0.0,0.0
400807,Daisy Education Corporation dba. Sonoran Science A (90284),4,5741 E IRONWOOD ST,TUCSON,AZ,85708,4,4019,Pima County,32.1818,-110.8695,46060,"Tucson, AZ",1,536,"Tucson-Nogales, AZ",406,04021,04021,2024-2025,11,100.0,0.0,0.0,0.0,0.0,0.0,0.0,0.0,0.0,0.0,0.0,0.0
400810,Imagine Superstition Middle Inc. (90160),4,1843 W 16TH AVE,Apache Junction,AZ,85120,4,4021,Pinal County,33.399654,-111.566192,38060,"Phoenix-Mesa-Chandler, AZ",1,429,"Phoenix-Mesa, AZ",405,04010,04010,2024-2025,21,0.0,0.0,0.0,100.0,0.0,0.0,0.0,0.0,0.0,0.0,0.0,0.0
400811,Ombudsman Educational Services LTD a subsidiary  (90326),4,1585 N MILWAUKEE AVE STE 2A,LIBERTYVILLE,IL,60048,4,4013,Maricopa County,33.640426,-112.136724,38060,"Phoenix-Mesa-Chandler, AZ",1,429,"Phoenix-Mesa, AZ",408,04002,04002,2024-2025,11,-2.0,-2.0,-2.0,-2.0,-2.0,-2.0,-2.0,-2.0,-2.0,-2.0,-2.0,-2.0
400813,Camp Verde Unified School District dba South Verde (90136),4,462 S MAIN ST,CAMP VERDE,AZ,86322,4,4025,Yavapai County,34.562775,-111.85423100000001,39150,"Prescott Valley-Prescott, AZ",1,N,N,402,04001,04001,2024-2025,32,-2.0,-2.0,-2.0,-2.0,-2.0,-2.0,-2.0,-2.0,-2.0,-2.0,-2.0,-2.0
400814,CPLC Community Schools dba Hiaki High School (90331),4,4747 W CALLE VICAM,TUCSON,AZ,85757,4,4019,Pima County,32.115879,-111.067171,46060,"Tucson, AZ",1,536,"Tucson-Nogales, AZ",407,04020,04020,2024-2025,11,100.0,0.0,0.0,0.0,0.0,0.0,0.0,0.0,0.0,0.0,0.0,0.0
400815,Research Based Education Corporation (90275),4,8433 N BLACK CANYON HWY STE 16,PHOENIX,AZ,85021,4,4013,Maricopa County,33.560097,-112.113273,38060,"Phoenix-Mesa-Chandler, AZ",1,429,"Phoenix-Mesa, AZ",408,04026,04026,2024-2025,42,0.0,0.0,0.0,0.0,0.0,0.0,0.0,0.0,0.0,0.0,100.0,0.0
400816,Educational Options Foundation (90201),4,6710 W CALLE LEJOS,PEORIA,AZ,85383,4,4013,Maricopa County,33.704113,-112.20395500000001,38060,"Phoenix-Mesa-Chandler, AZ",1,429,"Phoenix-Mesa, AZ",408,04028,04028,2024-2025,21,0.0,0.0,0.0,84.09,0.0,0.0,0.0,0.0,15.91,0.0,0.0,0.0
400817,Ed Ahead (90506),4,3025 N WINSTEL BLVD,TUCSON,AZ,85716,4,4019,Pima County,32.262261,-110.91228100000001,46060,"Tucson, AZ",1,536,"Tucson-Nogales, AZ",406,04018,04018,2024-2025,11,100.0,0.0,0.0,0.0,0.0,0.0,0.0,0.0,0.0,0.0,0.0,0.0
400818,BASIS Charter Schools Inc. (90508),4,7975 N HAYDEN RD STE B121,SCOTTSDALE,AZ,85258,4,4013,Maricopa County,33.553063,-111.89736900000001,38060,"Phoenix-Mesa-Chandler, AZ",1,429,"Phoenix-Mesa, AZ",401,04004,04004,2024-2025,21,0.0,0.0,0.0,100.0,0.0,0.0,0.0,0.0,0.0,0.0,0.0,0.0
400819,Anthem Preparatory Academy (90532),4,701 N 44TH ST,PHOENIX,AZ,85008,4,4013,Maricopa County,33.456048,-111.986737,38060,"Phoenix-Mesa-Chandler, AZ",1,429,"Phoenix-Mesa, AZ",403,04008,04008,2024-2025,41,0.0,0.0,0.0,0.0,0.0,0.0,0.0,0.0,0.0,100.0,0.0,0.0
400820,Compass Points International Inc (90533),4,551 1ST ST,PRESCOTT,AZ,86301,4,4025,Yavapai County,34.5509,-112.4718,39150,"Prescott Valley-Prescott, AZ",1,N,N,402,04001,04001,2024-2025,13,0.0,0.0,100.0,0.0,0.0,0.0,0.0,0.0,0.0,0.0,0.0,0.0
400821,Pima Prevention Partnership (90536),4,924 N Alvernon Way,Tucson,AZ,85711,4,4019,Pima County,32.233271,-110.909141,46060,"Tucson, AZ",1,536,"Tucson-Nogales, AZ",406,04018,04018,2024-2025,11,100.0,0.0,0.0,0.0,0.0,0.0,0.0,0.0,0.0,0.0,0.0,0.0
400822,Daisy Education Corporation dba. Sonoran Science A (90541),4,17667 N 91ST AVE,PEORIA,AZ,85382,4,4013,Maricopa County,33.643843000000004,-112.25460600000001,38060,"Phoenix-Mesa-Chandler, AZ",1,429,"Phoenix-Mesa, AZ",408,04028,04028,2024-2025,21,0.0,0.0,0.0,100.0,0.0,0.0,0.0,0.0,0.0,0.0,0.0,0.0
400823,Kaizen Education Foundation dba Mission Heights Pr (90548),4,6150 N 16TH ST STE A,PHOENIX,AZ,85016,4,4013,Maricopa County,33.527109,-112.04795200000001,38060,"Phoenix-Mesa-Chandler, AZ",1,429,"Phoenix-Mesa, AZ",401,04005,04005,2024-2025,13,32.56,0.0,67.44,0.0,0.0,0.0,0.0,0.0,0.0,0.0,0.0,0.0
400824,Leading Edge Academy Maricopa (90637),4,633 E RAY RD STE 132,GILBERT,AZ,85296,4,4013,Maricopa County,33.320628,-111.77563500000001,38060,"Phoenix-Mesa-Chandler, AZ",1,429,"Phoenix-Mesa, AZ",405,04014,04014,2024-2025,23,0.0,0.0,0.0,0.0,0.0,100.0,0.0,0.0,0.0,0.0,0.0,0.0
400827,Arizona Education Solutions (90758),4,2500 S POWER RD STE 215,MESA,AZ,85209,4,4013,Maricopa County,33.370322,-111.68882400000001,38060,"Phoenix-Mesa-Chandler, AZ",1,429,"Phoenix-Mesa, AZ",405,04014,04014,2024-2025,11,100.0,0.0,0.0,0.0,0.0,0.0,0.0,0.0,0.0,0.0,0.0,0.0
400828,Arizona Agribusiness & Equine Center Inc. (90779),4,3400 N Dysart Rd,Avondale,AZ,85392,4,4013,Maricopa County,33.485749,-112.341575,38060,"Phoenix-Mesa-Chandler, AZ",1,429,"Phoenix-Mesa, AZ",407,04022,04022,2024-2025,21,0.0,0.0,0.0,100.0,0.0,0.0,0.0,0.0,0.0,0.0,0.0,0.0
400829,BASIS Charter Schools Inc. (90841),4,7975 N HAYDEN RD STE B100,SCOTTSDALE,AZ,85258,4,4013,Maricopa County,33.553063,-111.89736900000001,38060,"Phoenix-Mesa-Chandler, AZ",1,429,"Phoenix-Mesa, AZ",401,04004,04004,2024-2025,21,0.0,0.0,0.0,100.0,0.0,0.0,0.0,0.0,0.0,0.0,0.0,0.0
400830,BASIS Charter Schools Inc. (90842),4,11485 N 136TH ST STE 109,SCOTTSDALE,AZ,85259,4,4013,Maricopa County,33.590361,-111.78801200000001,38060,"Phoenix-Mesa-Chandler, AZ",1,429,"Phoenix-Mesa, AZ",401,04003,04003,2024-2025,11,100.0,0.0,0.0,0.0,0.0,0.0,0.0,0.0,0.0,0.0,0.0,0.0
400831,BASIS Charter Schools Inc. (90862),4,7975 N HAYDEN RD STE B100,SCOTTSDALE,AZ,85258,4,4013,Maricopa County,33.553063,-111.89736900000001,38060,"Phoenix-Mesa-Chandler, AZ",1,429,"Phoenix-Mesa, AZ",401,04004,04004,2024-2025,13,0.0,0.0,100.0,0.0,0.0,0.0,0.0,0.0,0.0,0.0,0.0,0.0
400832,Archway Classical Academy Trivium West (90915),4,701 N 44TH ST,PHOENIX,AZ,85008,4,4013,Maricopa County,33.456048,-111.986737,38060,"Phoenix-Mesa-Chandler, AZ",1,429,"Phoenix-Mesa, AZ",403,04008,04008,2024-2025,21,0.0,0.0,0.0,100.0,0.0,0.0,0.0,0.0,0.0,0.0,0.0,0.0
400833,Archway Classical Academy Veritas (90916),4,701 N 44TH ST,PHOENIX,AZ,85008,4,4013,Maricopa County,33.456048,-111.986737,38060,"Phoenix-Mesa-Chandler, AZ",1,429,"Phoenix-Mesa, AZ",403,04008,04008,2024-2025,11,100.0,0.0,0.0,0.0,0.0,0.0,0.0,0.0,0.0,0.0,0.0,0.0
400834,Archway Classical Academy Chandler (90917),4,701 N 44TH ST,PHOENIX,AZ,85008,4,4013,Maricopa County,33.456048,-111.986737,38060,"Phoenix-Mesa-Chandler, AZ",1,429,"Phoenix-Mesa, AZ",403,04008,04008,2024-2025,11,100.0,0.0,0.0,0.0,0.0,0.0,0.0,0.0,0.0,0.0,0.0,0.0
400835,Yuma County Education Service Agency (79196),4,210 S 1ST AVE,YUMA,AZ,85364,4,4027,Yuma County,32.723477,-114.62113000000001,49740,"Yuma, AZ",1,N,N,407,04023,04023,2024-2025,12,-2.0,-2.0,-2.0,-2.0,-2.0,-2.0,-2.0,-2.0,-2.0,-2.0,-2.0,-2.0
400836,Arizona Supreme Court (9576),4,1501 W WASHINGTON ST STE 337,PHOENIX,AZ,85007,4,4013,Maricopa County,33.447542,-112.092303,38060,"Phoenix-Mesa-Chandler, AZ",1,429,"Phoenix-Mesa, AZ",403,04011,04011,2024-2025,11,-2.0,-2.0,-2.0,-2.0,-2.0,-2.0,-2.0,-2.0,-2.0,-2.0,-2.0,-2.0
400837,Apache County Sheriff's Office (79547),4,75 W Cleveland St,St Johns,AZ,85936,4,4001,Apache County,34.501845,-109.36502200000001,N,N,0,N,N,402,04006,04006,2024-2025,43,-2.0,-2.0,-2.0,-2.0,-2.0,-2.0,-2.0,-2.0,-2.0,-2.0,-2.0,-2.0
400838,Arizona Agribusiness & Equine Center Inc. (91131),4,7500 E Civic Circle,Prescott Valley,AZ,86314,4,4025,Yavapai County,34.597896,-112.333545,39150,"Prescott Valley-Prescott, AZ",1,N,N,402,04001,04001,2024-2025,13,0.0,0.0,99.7,0.0,0.0,0.0,0.0,0.0,0.0,0.0,0.3,0.0
400839,Pima Rose Academy Inc. (90997),4,1690 W IRVINGTON RD,TUCSON,AZ,85746,4,4019,Pima County,32.161300000000004,-111.00200000000001,46060,"Tucson, AZ",1,536,"Tucson-Nogales, AZ",407,04020,04020,2024-2025,11,100.0,0.0,0.0,0.0,0.0,0.0,0.0,0.0,0.0,0.0,0.0,0.0
400840,Arlington Elementary District (4274),4,9410 S 355TH AVE,ARLINGTON,AZ,85322,4,4013,Maricopa County,33.3609,-112.8168,38060,"Phoenix-Mesa-Chandler, AZ",1,429,"Phoenix-Mesa, AZ",409,04025,04025,2024-2025,42,0.0,0.0,0.0,0.0,0.0,0.0,0.0,0.0,0.0,0.0,100.0,0.0
400841,Archway Classical Academy Scottsdale (90857),4,707 N 44th Street,PHOENIX,AZ,85008,4,4013,Maricopa County,33.456048,-111.986737,38060,"Phoenix-Mesa-Chandler, AZ",1,429,"Phoenix-Mesa, AZ",403,04008,04008,2024-2025,12,0.0,100.0,0.0,0.0,0.0,0.0,0.0,0.0,0.0,0.0,0.0,0.0
400842,Legacy Traditional School - Northwest Tucson (91137),4,3500 W CORTARO FARMS RD,TUCSON,AZ,85742,4,4019,Pima County,32.3607,-111.0413,46060,"Tucson, AZ",1,536,"Tucson-Nogales, AZ",406,04018,04018,2024-2025,21,0.0,0.0,0.0,100.0,0.0,0.0,0.0,0.0,0.0,0.0,0.0,0.0
400843,BASIS Charter Schools Inc. (91280),4,13613 N CAVE CREEK RD,PHOENIX,AZ,85022,4,4013,Maricopa County,33.59384,-112.014065,38060,"Phoenix-Mesa-Chandler, AZ",1,429,"Phoenix-Mesa, AZ",401,04004,04004,2024-2025,11,100.0,0.0,0.0,0.0,0.0,0.0,0.0,0.0,0.0,0.0,0.0,0.0
400844,La Tierra Community School Inc (90900),4,124 N VIRGINIA ST,PRESCOTT,AZ,86301,4,4025,Yavapai County,34.5428,-112.46230000000001,39150,"Prescott Valley-Prescott, AZ",1,N,N,402,04001,04001,2024-2025,13,0.0,0.0,100.0,0.0,0.0,0.0,0.0,0.0,0.0,0.0,0.0,0.0
400845,Leading Edge Academy Queen Creek  (91174),4,4815 W HUNT HWY,QUEEN CREEK,AZ,85142,4,4021,Pinal County,33.199,-111.6182,38060,"Phoenix-Mesa-Chandler, AZ",1,429,"Phoenix-Mesa, AZ",405,04015,04015,2024-2025,41,0.0,0.0,0.0,0.0,0.0,0.0,0.0,0.0,0.0,100.0,0.0,0.0
400846,South Valley Academy Inc. (90540),4,7450 S 40TH ST,PHOENIX,AZ,85042,4,4013,Maricopa County,33.379666,-111.997217,38060,"Phoenix-Mesa-Chandler, AZ",1,429,"Phoenix-Mesa, AZ",403,04011,04011,2024-2025,11,100.0,0.0,0.0,0.0,0.0,0.0,0.0,0.0,0.0,0.0,0.0,0.0
400847,Legacy Traditional School - Avondale (91135),4,17760 N REGENT DR,MARICOPA,AZ,85138,4,4013,Maricopa County,33.450347,-112.32463700000001,38060,"Phoenix-Mesa-Chandler, AZ",1,429,"Phoenix-Mesa, AZ",407,04022,04022,2024-2025,21,0.0,0.0,0.0,100.0,0.0,0.0,0.0,0.0,0.0,0.0,0.0,0.0
400849,EAGLE College Prep Harmony LLC (91170),4,2435 E PECAN RD,PHOENIX,AZ,85040,4,4013,Maricopa County,33.395228,-112.02846100000001,38060,"Phoenix-Mesa-Chandler, AZ",1,429,"Phoenix-Mesa, AZ",403,04011,04011,2024-2025,11,100.0,0.0,0.0,0.0,0.0,0.0,0.0,0.0,0.0,0.0,0.0,0.0
400850,Reid Traditional Schools' Painted Rock Academy Inc (91317),4,14841 N BLACK CANYON HWY,PHOENIX,AZ,85023,4,4013,Maricopa County,33.6207,-112.115121,38060,"Phoenix-Mesa-Chandler, AZ",1,429,"Phoenix-Mesa, AZ",408,04002,04002,2024-2025,11,100.0,0.0,0.0,0.0,0.0,0.0,0.0,0.0,0.0,0.0,0.0,0.0
400851,Trivium Preparatory Academy (90859),4,701 N 44TH ST,PHOENIX,AZ,85008,4,4013,Maricopa County,33.456048,-111.986737,38060,"Phoenix-Mesa-Chandler, AZ",1,429,"Phoenix-Mesa, AZ",403,04008,04008,2024-2025,21,0.0,0.0,0.0,100.0,0.0,0.0,0.0,0.0,0.0,0.0,0.0,0.0
400852,Kaizen Education Foundation dba Havasu Preparatory (90535),4,6150 N 16TH ST STE A,PHOENIX,AZ,85016,4,4013,Maricopa County,33.527109,-112.04795200000001,38060,"Phoenix-Mesa-Chandler, AZ",1,429,"Phoenix-Mesa, AZ",401,04005,04005,2024-2025,13,0.0,0.0,100.0,0.0,0.0,0.0,0.0,0.0,0.0,0.0,0.0,0.0
400853,South Phoenix Academy Inc. (91108),4,7450 S 40TH ST,PHOENIX,AZ,85042,4,4013,Maricopa County,33.379666,-111.997217,38060,"Phoenix-Mesa-Chandler, AZ",1,429,"Phoenix-Mesa, AZ",403,04011,04011,2024-2025,11,100.0,0.0,0.0,0.0,0.0,0.0,0.0,0.0,0.0,0.0,0.0,0.0
400855,Legacy Traditional School - Chandler (91133),4,3201 S GILBERT RD BLDG B,CHANDLER,AZ,85286,4,4013,Maricopa County,33.259907,-111.788346,38060,"Phoenix-Mesa-Chandler, AZ",1,429,"Phoenix-Mesa, AZ",405,04013,04013,2024-2025,11,100.0,0.0,0.0,0.0,0.0,0.0,0.0,0.0,0.0,0.0,0.0,0.0
400857,ASU Preparatory Academy (91307),4,6950 E WILLIAMS FIELD RD,MESA,AZ,85212,4,4013,Maricopa County,33.308667,-111.682045,38060,"Phoenix-Mesa-Chandler, AZ",1,429,"Phoenix-Mesa, AZ",405,04015,04015,2024-2025,11,100.0,0.0,0.0,0.0,0.0,0.0,0.0,0.0,0.0,0.0,0.0,0.0
400858,ASU Preparatory Academy (91303),4,735 E FILLMORE ST,PHOENIX,AZ,85006,4,4013,Maricopa County,33.454094,-112.06396400000001,38060,"Phoenix-Mesa-Chandler, AZ",1,429,"Phoenix-Mesa, AZ",403,04005,04005,2024-2025,11,100.0,0.0,0.0,0.0,0.0,0.0,0.0,0.0,0.0,0.0,0.0,0.0
400859,ASU Preparatory Academy (91305),4,430 E University Drive,Tempe,AZ,85281,4,4013,Maricopa County,33.423211,-111.921092,38060,"Phoenix-Mesa-Chandler, AZ",1,429,"Phoenix-Mesa, AZ",404,04008,04008,2024-2025,11,100.0,0.0,0.0,0.0,0.0,0.0,0.0,0.0,0.0,0.0,0.0,0.0
400861,North Phoenix Preparatory Academy (90879),4,701 N 44TH ST,PHOENIX,AZ,85008,4,4013,Maricopa County,33.456048,-111.986737,38060,"Phoenix-Mesa-Chandler, AZ",1,429,"Phoenix-Mesa, AZ",403,04008,04008,2024-2025,11,100.0,0.0,0.0,0.0,0.0,0.0,0.0,0.0,0.0,0.0,0.0,0.0
400863,The Paideia Academies Inc (91250),4,7777 S 15TH TER,PHOENIX,AZ,85042,4,4013,Maricopa County,33.376066,-112.04829400000001,38060,"Phoenix-Mesa-Chandler, AZ",1,429,"Phoenix-Mesa, AZ",403,04011,04011,2024-2025,11,100.0,0.0,0.0,0.0,0.0,0.0,0.0,0.0,0.0,0.0,0.0,0.0
400864,Happy Valley East (90906),4,827 E 6TH AVE,MESA,AZ,85204,4,4021,Pinal County,33.259509,-111.562234,38060,"Phoenix-Mesa-Chandler, AZ",1,429,"Phoenix-Mesa, AZ",405,04015,04015,2024-2025,21,0.0,0.0,0.0,100.0,0.0,0.0,0.0,0.0,0.0,0.0,0.0,0.0
400866,Archway Classical Academy Glendale (91878),4,701 North 44th Street,PHOENIX,AZ,85008,4,4013,Maricopa County,33.456048,-111.986737,38060,"Phoenix-Mesa-Chandler, AZ",1,429,"Phoenix-Mesa, AZ",403,04008,04008,2024-2025,21,0.0,0.0,0.0,100.0,0.0,0.0,0.0,0.0,0.0,0.0,0.0,0.0
400867,Ball Charter Schools (Val Vista) (90885),4,4120 S VAL VISTA DR,GILBERT,AZ,85297,4,4013,Maricopa County,33.275263,-111.756274,38060,"Phoenix-Mesa-Chandler, AZ",1,429,"Phoenix-Mesa, AZ",405,04014,04014,2024-2025,11,100.0,0.0,0.0,0.0,0.0,0.0,0.0,0.0,0.0,0.0,0.0,0.0
400868,Open Doors Community School Inc. (91238),4,13644 N. Sandario Rd.,Marana,AZ,85653,4,4019,Pima County,32.454384000000005,-111.21658000000001,46060,"Tucson, AZ",1,536,"Tucson-Nogales, AZ",406,04017,04017,2024-2025,31,0.0,0.0,0.0,0.0,0.0,0.0,100.0,0.0,0.0,0.0,0.0,0.0
400870,Ash Creek Elementary District (4187),4,6460 E HIGHWAY 181,PEARCE,AZ,85625,4,4003,Cochise County,31.876884,-109.636953,43420,"Sierra Vista-Douglas, AZ",1,N,N,406,04019,04019,2024-2025,43,0.0,0.0,0.0,0.0,0.0,0.0,0.0,0.0,0.0,0.0,0.0,100.0
400871,Legacy Traditional School - Laveen Village (91763),4,7900 S 43RD AVE,LAVEEN,AZ,85339,4,4013,Maricopa County,33.374500000000005,-112.15270000000001,38060,"Phoenix-Mesa-Chandler, AZ",1,429,"Phoenix-Mesa, AZ",403,04011,04011,2024-2025,11,100.0,0.0,0.0,0.0,0.0,0.0,0.0,0.0,0.0,0.0,0.0,0.0
400872,Institute for Transformative Education Inc. (90876),4,1300 S BELVEDERE AVE,TUCSON,AZ,85711,4,4019,Pima County,32.204679,-110.89713400000001,46060,"Tucson, AZ",1,536,"Tucson-Nogales, AZ",407,04021,04021,2024-2025,11,100.0,0.0,0.0,0.0,0.0,0.0,0.0,0.0,0.0,0.0,0.0,0.0
400873,Archway Classical Academy North Phoenix (91758),4,701 N 44th Street,PHOENIX,AZ,85008,4,4013,Maricopa County,33.456048,-111.986737,38060,"Phoenix-Mesa-Chandler, AZ",1,429,"Phoenix-Mesa, AZ",403,04008,04008,2024-2025,11,100.0,0.0,0.0,0.0,0.0,0.0,0.0,0.0,0.0,0.0,0.0,0.0
400875,Maryvale Preparatory Academy (90861),4,701 N 44TH ST,PHOENIX,AZ,85008,4,4013,Maricopa County,33.456048,-111.986737,38060,"Phoenix-Mesa-Chandler, AZ",1,429,"Phoenix-Mesa, AZ",403,04008,04008,2024-2025,11,100.0,0.0,0.0,0.0,0.0,0.0,0.0,0.0,0.0,0.0,0.0,0.0
400876,George Gervin Youth Center Inc. (90884),4,40 W Baseline Rd,Tempe,AZ,85283,4,4013,Maricopa County,33.392871,-112.020696,38060,"Phoenix-Mesa-Chandler, AZ",1,429,"Phoenix-Mesa, AZ",403,04011,04011,2024-2025,11,100.0,0.0,0.0,0.0,0.0,0.0,0.0,0.0,0.0,0.0,0.0,0.0
400877,Empower College Prep (91277),4,2411 W COLTER ST,PHOENIX,AZ,85015,4,4013,Maricopa County,33.512945,-112.111101,38060,"Phoenix-Mesa-Chandler, AZ",1,429,"Phoenix-Mesa, AZ",403,04026,04026,2024-2025,11,100.0,0.0,0.0,0.0,0.0,0.0,0.0,0.0,0.0,0.0,0.0,0.0
400878,BASIS Charter Schools Inc. (91309),4,5740 E RIVER RD,TUCSON,AZ,85750,4,4019,Pima County,32.272800000000004,-110.87100000000001,46060,"Tucson, AZ",1,536,"Tucson-Nogales, AZ",406,04018,04018,2024-2025,11,100.0,0.0,0.0,0.0,0.0,0.0,0.0,0.0,0.0,0.0,0.0,0.0
400879,Scottsdale Country Day School (91110),4,10460 N 56TH ST,SCOTTSDALE,AZ,85253,4,4013,Maricopa County,33.5817,-111.9612,38060,"Phoenix-Mesa-Chandler, AZ",1,429,"Phoenix-Mesa, AZ",401,04004,04004,2024-2025,11,100.0,0.0,0.0,0.0,0.0,0.0,0.0,0.0,0.0,0.0,0.0,0.0
400880,Southwest Leadership Academy (92043),4,4301 W FILLMORE ST,PHOENIX,AZ,85043,4,4013,Maricopa County,33.4537,-112.1525,38060,"Phoenix-Mesa-Chandler, AZ",1,429,"Phoenix-Mesa, AZ",403,04026,04026,2024-2025,11,100.0,0.0,0.0,0.0,0.0,0.0,0.0,0.0,0.0,0.0,0.0,0.0
400881,BASIS Charter Schools Inc. (92349),4,7975 N HAYDEN RD STE B100,SCOTTSDALE,AZ,85258,4,4013,Maricopa County,33.553063,-111.89736900000001,38060,"Phoenix-Mesa-Chandler, AZ",1,429,"Phoenix-Mesa, AZ",401,04004,04004,2024-2025,11,100.0,0.0,0.0,0.0,0.0,0.0,0.0,0.0,0.0,0.0,0.0,0.0
400882,Kaizen Education Foundation dba Advance U (91329),4,6150 N 16TH ST STE A,PHOENIX,AZ,85016,4,4013,Maricopa County,33.527109,-112.04795200000001,38060,"Phoenix-Mesa-Chandler, AZ",1,429,"Phoenix-Mesa, AZ",401,04005,04005,2024-2025,11,100.0,0.0,0.0,0.0,0.0,0.0,0.0,0.0,0.0,0.0,0.0,0.0
400884,ASU Preparatory Academy (92327),4,6950 E WILLIAMS FIELD RD,MESA,AZ,85212,4,4013,Maricopa County,33.308667,-111.682045,38060,"Phoenix-Mesa-Chandler, AZ",1,429,"Phoenix-Mesa, AZ",405,04015,04015,2024-2025,11,100.0,0.0,0.0,0.0,0.0,0.0,0.0,0.0,0.0,0.0,0.0,0.0
400885,Incito Schools (91326),4,877 N SARIVAL AVE,GOODYEAR,AZ,85338,4,4013,Maricopa County,33.455261,-112.408765,38060,"Phoenix-Mesa-Chandler, AZ",1,429,"Phoenix-Mesa, AZ",409,04023,04023,2024-2025,21,0.56,0.0,0.0,99.44,0.0,0.0,0.0,0.0,0.0,0.0,0.0,0.0
400886,Archway Classical Academy Cicero (92314),4,701 N 44TH ST,PHOENIX,AZ,85008,4,4013,Maricopa County,33.456048,-111.986737,38060,"Phoenix-Mesa-Chandler, AZ",1,429,"Phoenix-Mesa, AZ",403,04008,04008,2024-2025,21,0.0,0.0,0.0,100.0,0.0,0.0,0.0,0.0,0.0,0.0,0.0,0.0
400887,Vista College Preparatory Inc. (91948),4,812 S 6TH AVE,PHOENIX,AZ,85003,4,4013,Maricopa County,33.43949,-112.08182900000001,38060,"Phoenix-Mesa-Chandler, AZ",1,429,"Phoenix-Mesa, AZ",403,04011,04011,2024-2025,11,100.0,0.0,0.0,0.0,0.0,0.0,0.0,0.0,0.0,0.0,0.0,0.0
400888,Archway Classical Academy Arete (92312),4,701 N 44TH ST,PHOENIX,AZ,85008,4,4013,Maricopa County,33.456048,-111.986737,38060,"Phoenix-Mesa-Chandler, AZ",1,429,"Phoenix-Mesa, AZ",403,04008,04008,2024-2025,11,100.0,0.0,0.0,0.0,0.0,0.0,0.0,0.0,0.0,0.0,0.0,0.0
400890,ASU Preparatory Academy (92325),4,735 E FILLMORE ST,PHOENIX,AZ,85006,4,4013,Maricopa County,33.454094,-112.06396400000001,38060,"Phoenix-Mesa-Chandler, AZ",1,429,"Phoenix-Mesa, AZ",403,04005,04005,2024-2025,11,100.0,0.0,0.0,0.0,0.0,0.0,0.0,0.0,0.0,0.0,0.0,0.0
400891,Academy of Mathematics and Science South Inc. (90878),4,1557 W PRINCE RD,TUCSON,AZ,85705,4,4019,Pima County,32.27182,-110.999684,46060,"Tucson, AZ",1,536,"Tucson-Nogales, AZ",407,04020,04020,2024-2025,11,65.7,0.0,0.0,34.3,0.0,0.0,0.0,0.0,0.0,0.0,0.0,0.0
400892,Legacy Traditional School - Casa Grande (92199),4,1274 E. Oneil Drive,Casa Grande,AZ,85122,4,4021,Pinal County,32.901236000000004,-111.732415,38060,"Phoenix-Mesa-Chandler, AZ",1,429,"Phoenix-Mesa, AZ",402,04016,04016,2024-2025,13,0.0,0.0,100.0,0.0,0.0,0.0,0.0,0.0,0.0,0.0,0.0,0.0
400893,Hirsch Academy A Challenge Foundation (91275),4,6535 E OSBORN RD STE 401,SCOTTSDALE,AZ,85251,4,4013,Maricopa County,33.486988000000004,-111.94024,38060,"Phoenix-Mesa-Chandler, AZ",1,429,"Phoenix-Mesa, AZ",401,04008,04008,2024-2025,12,0.0,100.0,0.0,0.0,0.0,0.0,0.0,0.0,0.0,0.0,0.0,0.0
400894,Kaizen Education Foundation dba Discover U Element (91328),4,6150 N 16TH ST STE A,PHOENIX,AZ,85016,4,4013,Maricopa County,33.527109,-112.04795200000001,38060,"Phoenix-Mesa-Chandler, AZ",1,429,"Phoenix-Mesa, AZ",401,04005,04005,2024-2025,21,0.0,0.0,0.0,100.0,0.0,0.0,0.0,0.0,0.0,0.0,0.0,0.0
400895,Espiritu Community Development Corp. (92250),4,4848 S 2ND ST,PHOENIX,AZ,85040,4,4013,Maricopa County,33.401921,-112.07142400000001,38060,"Phoenix-Mesa-Chandler, AZ",1,429,"Phoenix-Mesa, AZ",403,04011,04011,2024-2025,11,100.0,0.0,0.0,0.0,0.0,0.0,0.0,0.0,0.0,0.0,0.0,0.0
400897,BASIS Charter Schools Inc. (91339),4,11440 N 136TH ST,SCOTTSDALE,AZ,85259,4,4013,Maricopa County,33.590361,-111.78801200000001,38060,"Phoenix-Mesa-Chandler, AZ",1,429,"Phoenix-Mesa, AZ",401,04003,04003,2024-2025,11,100.0,0.0,0.0,0.0,0.0,0.0,0.0,0.0,0.0,0.0,0.0,0.0
400898,BASIS Charter Schools Inc. (91949),4,7975 N HAYDEN RD STE B100,SCOTTSDALE,AZ,85258,4,4013,Maricopa County,33.553063,-111.89736900000001,38060,"Phoenix-Mesa-Chandler, AZ",1,429,"Phoenix-Mesa, AZ",401,04004,04004,2024-2025,11,100.0,0.0,0.0,0.0,0.0,0.0,0.0,0.0,0.0,0.0,0.0,0.0
400899,Legacy Traditional School - Gilbert (92047),4,3201 S GILBERT RD BLDG A,CHANDLER,AZ,85286,4,4013,Maricopa County,33.261007,-111.788341,38060,"Phoenix-Mesa-Chandler, AZ",1,429,"Phoenix-Mesa, AZ",405,04013,04013,2024-2025,11,100.0,0.0,0.0,0.0,0.0,0.0,0.0,0.0,0.0,0.0,0.0,0.0
400900,Cicero Preparatory Academy (92316),4,701 N 44th Street,PHOENIX,AZ,85008,4,4013,Maricopa County,33.456048,-111.986737,38060,"Phoenix-Mesa-Chandler, AZ",1,429,"Phoenix-Mesa, AZ",403,04008,04008,2024-2025,21,0.0,0.0,0.0,100.0,0.0,0.0,0.0,0.0,0.0,0.0,0.0,0.0
400902,The Farm at Mission Montessori Academy (91340),4,11050 N. 96th St.,PHOENIX,AZ,85260,4,4013,Maricopa County,33.587521,-111.874885,38060,"Phoenix-Mesa-Chandler, AZ",1,429,"Phoenix-Mesa, AZ",401,04004,04004,2024-2025,12,0.0,100.0,0.0,0.0,0.0,0.0,0.0,0.0,0.0,0.0,0.0,0.0
400903,BASIS Charter Schools Inc. (92320),4,1901 PRESCOTT LAKES PKWY,PRESCOTT,AZ,86301,4,4025,Yavapai County,34.590136,-112.431273,39150,"Prescott Valley-Prescott, AZ",1,N,N,402,04001,04001,2024-2025,41,0.0,0.0,0.0,0.0,0.0,0.0,0.0,0.0,0.0,100.0,0.0,0.0
400904,Edkey Inc. - Sequoia Pathway Academy (92226),4,1460 S HORNE,MESA,AZ,85204,4,4013,Maricopa County,33.387587,-111.814937,38060,"Phoenix-Mesa-Chandler, AZ",1,429,"Phoenix-Mesa, AZ",404,04009,04009,2024-2025,23,0.0,0.0,0.0,0.0,0.0,100.0,0.0,0.0,0.0,0.0,0.0,0.0
400905,BASIS Charter Schools Inc. (92318),4,7975 N HAYDEN RD STE B100,SCOTTSDALE,AZ,85258,4,4013,Maricopa County,33.553063,-111.89736900000001,38060,"Phoenix-Mesa-Chandler, AZ",1,429,"Phoenix-Mesa, AZ",401,04004,04004,2024-2025,21,0.0,0.0,0.0,100.0,0.0,0.0,0.0,0.0,0.0,0.0,0.0,0.0
400907,StrengthBuilding Partners (91992),4,4560 S. Coach Dr,Tucson,AZ,85714,4,4019,Pima County,32.191776000000004,-110.970369,46060,"Tucson, AZ",1,536,"Tucson-Nogales, AZ",407,04020,04020,2024-2025,21,0.0,0.0,0.0,100.0,0.0,0.0,0.0,0.0,0.0,0.0,0.0,0.0
400909,Madison Highland Prep (91935),4,1431 E CAMPBELL AVE STE 100,PHOENIX,AZ,85014,4,4013,Maricopa County,33.501290000000004,-112.05002200000001,38060,"Phoenix-Mesa-Chandler, AZ",1,429,"Phoenix-Mesa, AZ",403,04005,04005,2024-2025,11,100.0,0.0,0.0,0.0,0.0,0.0,0.0,0.0,0.0,0.0,0.0,0.0
400910,Ash Fork Joint Unified District (4471),4,46999 N . 5th Street,Ash Fork,AZ,86320,4,4025,Yavapai County,35.221057,-112.486224,39150,"Prescott Valley-Prescott, AZ",1,N,N,402,04001,04001,2024-2025,43,0.0,0.0,0.0,0.0,0.0,0.0,0.0,0.0,0.0,0.0,0.0,100.0
400911,Heritage Academy Gateway Inc. (92519),4,19630 East Germann Road,Queen Creek,AZ,85242,4,4013,Maricopa County,33.277389,-111.658482,38060,"Phoenix-Mesa-Chandler, AZ",1,429,"Phoenix-Mesa, AZ",405,04015,04015,2024-2025,21,0.0,0.0,0.0,100.0,0.0,0.0,0.0,0.0,0.0,0.0,0.0,0.0
400912,EAGLE College Prep Mesa LLC. (91939),4,1619 E MAIN ST,MESA,AZ,85203,4,4013,Maricopa County,33.41402,-111.79616100000001,38060,"Phoenix-Mesa-Chandler, AZ",1,429,"Phoenix-Mesa, AZ",404,04009,04009,2024-2025,11,100.0,0.0,0.0,0.0,0.0,0.0,0.0,0.0,0.0,0.0,0.0,0.0
400913,Arizona Autism Charter Schools Inc. (91958),4,4125 N 14TH ST,PHOENIX,AZ,85014,4,4013,Maricopa County,33.49609,-112.051421,38060,"Phoenix-Mesa-Chandler, AZ",1,429,"Phoenix-Mesa, AZ",403,04005,04005,2024-2025,11,79.46,0.0,0.0,20.54,0.0,0.0,0.0,0.0,0.0,0.0,0.0,0.0
400914,Franklin Phonetic Primary School Inc. (92596),4,9317 N 2ND ST,PHOENIX,AZ,85020,4,4013,Maricopa County,33.571103,-112.07127600000001,38060,"Phoenix-Mesa-Chandler, AZ",1,429,"Phoenix-Mesa, AZ",401,04005,04005,2024-2025,11,100.0,0.0,0.0,0.0,0.0,0.0,0.0,0.0,0.0,0.0,0.0,0.0
400915,CASA Academy (91934),4,8047 N 35TH AVE,PHOENIX,AZ,85051,4,4013,Maricopa County,33.555053,-112.132395,38060,"Phoenix-Mesa-Chandler, AZ",1,429,"Phoenix-Mesa, AZ",408,04026,04026,2024-2025,11,100.0,0.0,0.0,0.0,0.0,0.0,0.0,0.0,0.0,0.0,0.0,0.0
400916,EAGLE College Prep Maryvale LLC (91938),4,3950 N 53RD AVE,PHOENIX,AZ,85031,4,4013,Maricopa County,33.493295,-112.174051,38060,"Phoenix-Mesa-Chandler, AZ",1,429,"Phoenix-Mesa, AZ",403,04024,04024,2024-2025,11,100.0,0.0,0.0,0.0,0.0,0.0,0.0,0.0,0.0,0.0,0.0,0.0
400918,Arizona Language Preparatory (92566),4,6140 E. Thunderbird Rd,Scottsdale,AZ,85254,4,4013,Maricopa County,33.612251,-111.948317,38060,"Phoenix-Mesa-Chandler, AZ",1,429,"Phoenix-Mesa, AZ",401,04004,04004,2024-2025,11,100.0,0.0,0.0,0.0,0.0,0.0,0.0,0.0,0.0,0.0,0.0,0.0
400919,Lincoln Preparatory Academy (92657),4,701 N 44TH ST,PHOENIX,AZ,85008,4,4013,Maricopa County,33.456048,-111.986737,38060,"Phoenix-Mesa-Chandler, AZ",1,429,"Phoenix-Mesa, AZ",403,04008,04008,2024-2025,11,100.0,0.0,0.0,0.0,0.0,0.0,0.0,0.0,0.0,0.0,0.0,0.0
400920,Southwest Technical Education District of Yuma (ST (92705),4,210 S 1ST AVE,YUMA,AZ,85364,4,4027,Yuma County,32.704379,-114.61122300000001,49740,"Yuma, AZ",1,N,N,407,04023,04023,2024-2025,12,0.0,70.59,0.0,0.0,0.0,0.0,0.0,0.0,0.0,23.53,5.88,0.0
400921,Horizon Community Learning Center Inc. (92620),4,16233 S 48TH ST,PHOENIX,AZ,85048,4,4013,Maricopa County,33.2986,-111.97890000000001,38060,"Phoenix-Mesa-Chandler, AZ",1,429,"Phoenix-Mesa, AZ",404,04012,04012,2024-2025,11,100.0,0.0,0.0,0.0,0.0,0.0,0.0,0.0,0.0,0.0,0.0,0.0
400922,Desert Star Academy (92302),4,5599 Highway 95,Fort Mohave,AZ,86426,4,4015,Mohave County,34.99,-114.597052,29420,"Lake Havasu City-Kingman, AZ",1,N,N,409,04030,04030,2024-2025,23,0.0,0.0,0.0,0.0,0.0,100.0,0.0,0.0,0.0,0.0,0.0,0.0
400924,Western School of Science and Technology Inc. (91937),4,6515 W INDIAN SCHOOL RD,PHOENIX,AZ,85033,4,4013,Maricopa County,33.493699,-112.200226,38060,"Phoenix-Mesa-Chandler, AZ",1,429,"Phoenix-Mesa, AZ",403,04024,04024,2024-2025,11,100.0,0.0,0.0,0.0,0.0,0.0,0.0,0.0,0.0,0.0,0.0,0.0
400925,Archway Classical Academy Lincoln (92656),4,701 N 44TH ST,PHOENIX,AZ,85008,4,4013,Maricopa County,33.456048,-111.986737,38060,"Phoenix-Mesa-Chandler, AZ",1,429,"Phoenix-Mesa, AZ",403,04008,04008,2024-2025,11,100.0,0.0,0.0,0.0,0.0,0.0,0.0,0.0,0.0,0.0,0.0,0.0
400926,Heritage Academy Laveen Inc. (92520),4,4275 W BASELINE RD,LAVEEN,AZ,85339,4,4013,Maricopa County,33.377213000000005,-112.149809,38060,"Phoenix-Mesa-Chandler, AZ",1,429,"Phoenix-Mesa, AZ",403,04011,04011,2024-2025,11,100.0,0.0,0.0,0.0,0.0,0.0,0.0,0.0,0.0,0.0,0.0,0.0
400927,Legacy Traditional School - Queen Creek (92610),4,41800 N BARNES PKWY,San Tan Valley,AZ,85140,4,4021,Pinal County,33.258001,-111.57393400000001,38060,"Phoenix-Mesa-Chandler, AZ",1,429,"Phoenix-Mesa, AZ",405,04015,04015,2024-2025,21,0.0,0.0,0.0,100.0,0.0,0.0,0.0,0.0,0.0,0.0,0.0,0.0
400929,Noah Webster Schools-Pima (92374),4,7301 E BASELINE RD,MESA,AZ,85209,4,4013,Maricopa County,33.515842,-111.890692,38060,"Phoenix-Mesa-Chandler, AZ",1,429,"Phoenix-Mesa, AZ",401,04008,04008,2024-2025,21,0.0,0.0,0.0,100.0,0.0,0.0,0.0,0.0,0.0,0.0,0.0,0.0
400930,Roosevelt Preparatory Academy (92704),4,701 N 44TH ST,PHOENIX,AZ,85008,4,4013,Maricopa County,33.456048,-111.986737,38060,"Phoenix-Mesa-Chandler, AZ",1,429,"Phoenix-Mesa, AZ",403,04008,04008,2024-2025,21,0.0,0.0,0.0,100.0,0.0,0.0,0.0,0.0,0.0,0.0,0.0,0.0
400933,Legacy Traditional School - Surprise (92879),4,14506 W SWEETWATER AVE,SURPRISE,AZ,85379,4,4013,Maricopa County,33.603030000000004,-112.37221600000001,38060,"Phoenix-Mesa-Chandler, AZ",1,429,"Phoenix-Mesa, AZ",409,04029,04029,2024-2025,21,14.75,0.0,0.0,85.25,0.0,0.0,0.0,0.0,0.0,0.0,0.0,0.0
400934,Self Development Academy-Phoenix (92381),4,1515 E INDIAN SCHOOL RD,PHOENIX,AZ,85014,4,4013,Maricopa County,33.494346,-112.050099,38060,"Phoenix-Mesa-Chandler, AZ",1,429,"Phoenix-Mesa, AZ",403,04005,04005,2024-2025,11,100.0,0.0,0.0,0.0,0.0,0.0,0.0,0.0,0.0,0.0,0.0,0.0
400936,BASIS Charter Schools Inc. (92865),4,204 W. Chandler Heights Rd,Chandler,AZ,85248,4,4013,Maricopa County,33.234601,-111.842757,38060,"Phoenix-Mesa-Chandler, AZ",1,429,"Phoenix-Mesa, AZ",405,04013,04013,2024-2025,11,100.0,0.0,0.0,0.0,0.0,0.0,0.0,0.0,0.0,0.0,0.0,0.0
400937,BASIS Charter Schools Inc. (92863),4,11440 N 136TH ST,SCOTTSDALE,AZ,85259,4,4013,Maricopa County,33.590361,-111.78801200000001,38060,"Phoenix-Mesa-Chandler, AZ",1,429,"Phoenix-Mesa, AZ",401,04003,04003,2024-2025,12,0.0,100.0,0.0,0.0,0.0,0.0,0.0,0.0,0.0,0.0,0.0,0.0
400939,Espiritu Schools (92902),4,4848 S 2ND ST,PHOENIX,AZ,85040,4,4013,Maricopa County,33.401921,-112.07142400000001,38060,"Phoenix-Mesa-Chandler, AZ",1,429,"Phoenix-Mesa, AZ",403,04011,04011,2024-2025,11,100.0,0.0,0.0,0.0,0.0,0.0,0.0,0.0,0.0,0.0,0.0,0.0
400940,Academy of Mathematics and Science Inc. (92768),4,6633 W CAMELBACK RD,PHOENIX,AZ,85033,4,4013,Maricopa County,33.508520000000004,-112.202391,38060,"Phoenix-Mesa-Chandler, AZ",1,429,"Phoenix-Mesa, AZ",403,04024,04024,2024-2025,11,100.0,0.0,0.0,0.0,0.0,0.0,0.0,0.0,0.0,0.0,0.0,0.0
400941,BASIS Charter Schools Inc. (92734),4,7975 N HAYDEN RD STE B100,SCOTTSDALE,AZ,85258,4,4013,Maricopa County,33.553063,-111.89736900000001,38060,"Phoenix-Mesa-Chandler, AZ",1,429,"Phoenix-Mesa, AZ",401,04004,04004,2024-2025,21,0.0,0.0,0.0,100.0,0.0,0.0,0.0,0.0,0.0,0.0,0.0,0.0
400942,Ethos Academy - A Challenge Foundation Academy (92379),4,8840 N 43RD AVE,GLENDALE,AZ,85302,4,4013,Maricopa County,33.56543,-112.153182,38060,"Phoenix-Mesa-Chandler, AZ",1,429,"Phoenix-Mesa, AZ",408,04024,04024,2024-2025,21,0.0,0.0,0.0,100.0,0.0,0.0,0.0,0.0,0.0,0.0,0.0,0.0
400943,BASIS Charter Schools Inc. (92736),4,7975 N HAYDEN RD STE B100,SCOTTSDALE,AZ,85258,4,4013,Maricopa County,33.553063,-111.89736900000001,38060,"Phoenix-Mesa-Chandler, AZ",1,429,"Phoenix-Mesa, AZ",401,04004,04004,2024-2025,21,0.0,0.0,0.0,100.0,0.0,0.0,0.0,0.0,0.0,0.0,0.0,0.0
400944,Leman Academy of Excellence Inc. (92730),4,7720 N Silverlight Rd.,Tucson,AZ,85743,4,4019,Pima County,32.347355,-111.09658700000001,46060,"Tucson, AZ",1,536,"Tucson-Nogales, AZ",406,04017,04017,2024-2025,11,41.1,0.0,8.58,26.99,0.0,0.0,0.0,0.0,0.0,23.33,0.0,0.0
400945,Pensar Academy (92972),4,6135 N BLACK CANYON HWY,PHOENIX,AZ,85015,4,4013,Maricopa County,33.526848,-112.111598,38060,"Phoenix-Mesa-Chandler, AZ",1,429,"Phoenix-Mesa, AZ",403,04026,04026,2024-2025,11,100.0,0.0,0.0,0.0,0.0,0.0,0.0,0.0,0.0,0.0,0.0,0.0
400946,ASU Preparatory Academy (346763),4,1130 E University Dr. Ste 230,Tempe,AZ,85287,4,4013,Maricopa County,33.423291,-111.921142,38060,"Phoenix-Mesa-Chandler, AZ",1,429,"Phoenix-Mesa, AZ",404,04008,04008,2024-2025,11,100.0,0.0,0.0,0.0,0.0,0.0,0.0,0.0,0.0,0.0,0.0,0.0
400947,ASU Preparatory Academy - Casa Grande (92987),4,2612 W GILA BEND HWY,CASA GRANDE,AZ,85193,4,4021,Pinal County,32.88062,-111.844701,38060,"Phoenix-Mesa-Chandler, AZ",1,429,"Phoenix-Mesa, AZ",406,04016,04016,2024-2025,41,0.0,0.0,0.0,0.0,0.0,0.0,0.0,0.0,0.0,100.0,0.0,0.0
400948,Legacy Traditional School - Glendale (850100),4,13091 N. 67th Ave,Glendale,AZ,85306,4,4013,Maricopa County,33.61217,-112.20180400000001,38060,"Phoenix-Mesa-Chandler, AZ",1,429,"Phoenix-Mesa, AZ",408,04027,04027,2024-2025,21,0.0,0.0,0.0,100.0,0.0,0.0,0.0,0.0,0.0,0.0,0.0,0.0
400949,Painted Desert Montessori LLC (123733),4,2400 S 247TH AVE,BUCKEYE,AZ,85326,4,4013,Maricopa County,33.424889,-112.58316400000001,38060,"Phoenix-Mesa-Chandler, AZ",1,429,"Phoenix-Mesa, AZ",409,04025,04025,2024-2025,41,0.0,0.0,0.0,0.0,0.0,0.0,0.0,0.0,0.0,100.0,0.0,0.0
400950,Pathways In Education-Arizona Inc. (92983),4,2226 N.7th Street,Phoenix,AZ,85006,4,4013,Maricopa County,33.472252000000005,-112.06550800000001,38060,"Phoenix-Mesa-Chandler, AZ",1,429,"Phoenix-Mesa, AZ",403,04005,04005,2024-2025,11,100.0,0.0,0.0,0.0,0.0,0.0,0.0,0.0,0.0,0.0,0.0,0.0
400951,Legacy Traditional School - Peoria (850099),4,7877 W HILLCREST BLVD,PEORIA,AZ,85383,4,4013,Maricopa County,33.685411,-112.227462,38060,"Phoenix-Mesa-Chandler, AZ",1,429,"Phoenix-Mesa, AZ",408,04028,04028,2024-2025,21,0.0,0.0,0.0,100.0,0.0,0.0,0.0,0.0,0.0,0.0,0.0,0.0
400952,Kaizen Education Foundation dba Colegio Petite Pho (92989),4,6150 N 16TH ST STE A,PHOENIX,AZ,85016,4,4013,Maricopa County,33.527109,-112.04795200000001,38060,"Phoenix-Mesa-Chandler, AZ",1,429,"Phoenix-Mesa, AZ",401,04005,04005,2024-2025,33,0.0,0.0,0.0,0.0,0.0,0.0,0.0,0.0,100.0,0.0,0.0,0.0
400953,The Grande Innovation Academy (92978),4,950 N PEART RD,CASA GRANDE,AZ,85122,4,4021,Pinal County,32.882886,-111.720753,38060,"Phoenix-Mesa-Chandler, AZ",1,429,"Phoenix-Mesa, AZ",406,04016,04016,2024-2025,13,0.0,0.0,100.0,0.0,0.0,0.0,0.0,0.0,0.0,0.0,0.0,0.0
400954,Legacy Traditional School - North Chandler (850101),4,1900 N MCQUEEN RD,CHANDLER,AZ,85225,4,4013,Maricopa County,33.333713,-111.82522700000001,38060,"Phoenix-Mesa-Chandler, AZ",1,429,"Phoenix-Mesa, AZ",404,04012,04012,2024-2025,11,100.0,0.0,0.0,0.0,0.0,0.0,0.0,0.0,0.0,0.0,0.0,0.0
400955,Estrella Educational Foundation (92988),4,3900 S 55TH AVE,PHOENIX,AZ,85043,4,4013,Maricopa County,33.412005,-112.17886800000001,38060,"Phoenix-Mesa-Chandler, AZ",1,429,"Phoenix-Mesa, AZ",403,04022,04022,2024-2025,11,100.0,0.0,0.0,0.0,0.0,0.0,0.0,0.0,0.0,0.0,0.0,0.0
400956,ASU Preparatory Academy (92716),4,1130 E University Dr. Ste 230,Tempe,AZ,85281,4,4013,Maricopa County,33.423291,-111.921142,38060,"Phoenix-Mesa-Chandler, AZ",1,429,"Phoenix-Mesa, AZ",404,04008,04008,2024-2025,11,100.0,0.0,0.0,0.0,0.0,0.0,0.0,0.0,0.0,0.0,0.0,0.0
400958,BASIS Charter Schools Inc. (92997),4,7975 N Hayden Rd,Scottsdale,AZ,85258,4,4013,Maricopa County,33.553063,-111.89736900000001,38060,"Phoenix-Mesa-Chandler, AZ",1,429,"Phoenix-Mesa, AZ",401,04004,04004,2024-2025,11,100.0,0.0,0.0,0.0,0.0,0.0,0.0,0.0,0.0,0.0,0.0,0.0
400959,Legacy Traditional School - Phoenix (873957),4,4545 N 99TH AVE,PHOENIX,AZ,85037,4,4013,Maricopa County,33.502648,-112.27143000000001,38060,"Phoenix-Mesa-Chandler, AZ",1,429,"Phoenix-Mesa, AZ",403,04022,04022,2024-2025,11,100.0,0.0,0.0,0.0,0.0,0.0,0.0,0.0,0.0,0.0,0.0,0.0
400960,Avondale Elementary District (4272),4,295 W WESTERN AVE,AVONDALE,AZ,85323,4,4013,Maricopa County,33.434835,-112.35238100000001,38060,"Phoenix-Mesa-Chandler, AZ",1,429,"Phoenix-Mesa, AZ",407,04022,04022,2024-2025,21,0.0,0.0,0.0,100.0,0.0,0.0,0.0,0.0,0.0,0.0,0.0,0.0
400961,BASIS Charter Schools Inc. (549803),4,2002 W. Southern Ave,Phoenix,AZ,85041,4,4013,Maricopa County,33.394549,-112.10020700000001,38060,"Phoenix-Mesa-Chandler, AZ",1,429,"Phoenix-Mesa, AZ",403,04011,04011,2024-2025,11,100.0,0.0,0.0,0.0,0.0,0.0,0.0,0.0,0.0,0.0,0.0,0.0
400962,Legacy Traditional School - East Mesa (834265),4,3201 S GILBERT RD,CHANDLER,AZ,85286,4,4013,Maricopa County,33.261007,-111.788341,38060,"Phoenix-Mesa-Chandler, AZ",1,429,"Phoenix-Mesa, AZ",405,04013,04013,2024-2025,11,100.0,0.0,0.0,0.0,0.0,0.0,0.0,0.0,0.0,0.0,0.0,0.0
400963,BASIS Charter Schools Inc. (273398),4,25952 N LAKE PLEASANT PKWY,PEORIA,AZ,85383,4,4013,Maricopa County,33.719481,-112.27009500000001,38060,"Phoenix-Mesa-Chandler, AZ",1,429,"Phoenix-Mesa, AZ",408,04028,04028,2024-2025,21,0.0,0.0,0.0,100.0,0.0,0.0,0.0,0.0,0.0,0.0,0.0,0.0
400964,Synergy Public School Inc. (92981),4,7229 N 13TH WAY,PHOENIX,AZ,85020,4,4013,Maricopa County,33.523536,-112.11736900000001,38060,"Phoenix-Mesa-Chandler, AZ",1,429,"Phoenix-Mesa, AZ",403,04026,04026,2024-2025,11,100.0,0.0,0.0,0.0,0.0,0.0,0.0,0.0,0.0,0.0,0.0,0.0
400965,ASU Preparatory Academy Digital (522074),4,1130 E University Dr STE 230,Tempe,AZ,85281,4,4013,Maricopa County,33.423291,-111.921142,38060,"Phoenix-Mesa-Chandler, AZ",1,429,"Phoenix-Mesa, AZ",404,04008,04008,2024-2025,12,0.0,100.0,0.0,0.0,0.0,0.0,0.0,0.0,0.0,0.0,0.0,0.0
400966,Highland Prep (92982),4,15600 W HEARN RD,SURPRISE,AZ,85379,4,4013,Maricopa County,33.613955000000004,-112.395818,38060,"Phoenix-Mesa-Chandler, AZ",1,429,"Phoenix-Mesa, AZ",409,04029,04029,2024-2025,21,0.0,0.0,0.0,100.0,0.0,0.0,0.0,0.0,0.0,0.0,0.0,0.0
400967,BASIS Charter Schools Inc. (934316),4,11850 N 32ND ST,PHOENIX,AZ,85028,4,4013,Maricopa County,33.59384,-112.014065,38060,"Phoenix-Mesa-Chandler, AZ",1,429,"Phoenix-Mesa, AZ",401,04004,04004,2024-2025,11,100.0,0.0,0.0,0.0,0.0,0.0,0.0,0.0,0.0,0.0,0.0,0.0
400968,Victory Collegiate Academy Corporation (92985),4,3535 N 63RD AVE,PHOENIX,AZ,85033,4,4013,Maricopa County,33.490567,-112.19418,38060,"Phoenix-Mesa-Chandler, AZ",1,429,"Phoenix-Mesa, AZ",403,04024,04024,2024-2025,11,100.0,0.0,0.0,0.0,0.0,0.0,0.0,0.0,0.0,0.0,0.0,0.0
400969,Arizona Agribusiness & Equine Center INC. (134379),4,1440 S LONGMORE,MESA,AZ,85202,4,4013,Maricopa County,33.388412,-111.86417100000001,38060,"Phoenix-Mesa-Chandler, AZ",1,429,"Phoenix-Mesa, AZ",404,04009,04009,2024-2025,11,100.0,0.0,0.0,0.0,0.0,0.0,0.0,0.0,0.0,0.0,0.0,0.0
400970,AIBT Non-Profit Charter High School Inc. (449790),4,6049 N 43RD AVE STE 200,PHOENIX,AZ,85019,4,4013,Maricopa County,33.52534,-112.15097300000001,38060,"Phoenix-Mesa-Chandler, AZ",1,429,"Phoenix-Mesa, AZ",403,04026,04026,2024-2025,21,0.0,0.0,0.0,100.0,0.0,0.0,0.0,0.0,0.0,0.0,0.0,0.0
400972,Yavapai County Education Service Agency (79194),4,1015 FAIR ST RM 324,PRESCOTT,AZ,86305,4,4025,Yavapai County,34.628179,-112.41091700000001,39150,"Prescott Valley-Prescott, AZ",1,N,N,402,04001,04001,2024-2025,41,-2.0,-2.0,-2.0,-2.0,-2.0,-2.0,-2.0,-2.0,-2.0,-2.0,-2.0,-2.0
400973,Cochise County School Superintendent (79188),4,100 CLAWSON ST,BISBEE,AZ,85603,4,4003,Cochise County,31.546001,-110.256698,43420,"Sierra Vista-Douglas, AZ",1,N,N,406,04019,04019,2024-2025,13,-2.0,-2.0,-2.0,-2.0,-2.0,-2.0,-2.0,-2.0,-2.0,-2.0,-2.0,-2.0
400975,Phoenix International Academy (903484),4,4310 E BROADWAY RD,PHOENIX,AZ,85040,4,4013,Maricopa County,33.407993000000005,-111.988639,38060,"Phoenix-Mesa-Chandler, AZ",1,429,"Phoenix-Mesa, AZ",403,04011,04011,2024-2025,11,100.0,0.0,0.0,0.0,0.0,0.0,0.0,0.0,0.0,0.0,0.0,0.0
400976,Think Through Academy (92976),4,2127 W HARWELL RD,PHOENIX,AZ,85041,4,4013,Maricopa County,33.481114,-112.12949900000001,38060,"Phoenix-Mesa-Chandler, AZ",1,429,"Phoenix-Mesa, AZ",403,04026,04026,2024-2025,11,100.0,0.0,0.0,0.0,0.0,0.0,0.0,0.0,0.0,0.0,0.0,0.0
400977,Arizona Language Schools (395879),4,2222 S PRICE RD,TEMPE,AZ,85282,4,4013,Maricopa County,33.612251,-111.948317,38060,"Phoenix-Mesa-Chandler, AZ",1,429,"Phoenix-Mesa, AZ",401,04004,04004,2024-2025,11,100.0,0.0,0.0,0.0,0.0,0.0,0.0,0.0,0.0,0.0,0.0,0.0
400978,Edison Project (743644),4,5136 N 83RD AVE,GLENDALE,AZ,85303,4,4013,Maricopa County,33.51202,-112.23861400000001,38060,"Phoenix-Mesa-Chandler, AZ",1,429,"Phoenix-Mesa, AZ",409,04022,04022,2024-2025,21,0.0,0.0,0.0,100.0,0.0,0.0,0.0,0.0,0.0,0.0,0.0,0.0
400980,BASIS Charter Schools Inc. (783027),4,7496 E TIERRA BUENA LN,SCOTTSDALE,AZ,85260,4,4013,Maricopa County,33.62988,-111.91802100000001,38060,"Phoenix-Mesa-Chandler, AZ",1,429,"Phoenix-Mesa, AZ",401,04004,04004,2024-2025,12,0.0,100.0,0.0,0.0,0.0,0.0,0.0,0.0,0.0,0.0,0.0,0.0
400981,Science Technology Engineering and Math Arizona (1000050),4,8055 E 22nd St,Tucson,AZ,85710,4,4019,Pima County,32.207147,-110.82090000000001,46060,"Tucson, AZ",1,536,"Tucson-Nogales, AZ",406,04018,04018,2024-2025,11,100.0,0.0,0.0,0.0,0.0,0.0,0.0,0.0,0.0,0.0,0.0,0.0
400982,Navajo County Sheriff's Office (79520),4,100 E CODE TALKERS DR,HOLBROOK,AZ,86025,4,4017,Navajo County,34.869952,-110.15592400000001,43320,"Show Low, AZ",2,N,N,402,04006,04006,2024-2025,43,-2.0,-2.0,-2.0,-2.0,-2.0,-2.0,-2.0,-2.0,-2.0,-2.0,-2.0,-2.0
400983,Yavapai County Sheriff's Office (79492),4,255 E GURLEY ST,PRESCOTT,AZ,86301,4,4025,Yavapai County,34.541491,-112.466508,39150,"Prescott Valley-Prescott, AZ",1,N,N,402,04001,04001,2024-2025,13,-2.0,-2.0,-2.0,-2.0,-2.0,-2.0,-2.0,-2.0,-2.0,-2.0,-2.0,-2.0
400984,Cochise County Sheriff's Office (79546),4,203 N JUDD DR,BISBEE,AZ,85603,4,4003,Cochise County,31.432871000000002,-109.87190600000001,43420,"Sierra Vista-Douglas, AZ",1,N,N,407,04021,04021,2024-2025,32,-2.0,-2.0,-2.0,-2.0,-2.0,-2.0,-2.0,-2.0,-2.0,-2.0,-2.0,-2.0
400985,Pinal County Detention Education Center (79516),4,951 N PINAL PKWY,FLORENCE,AZ,85132,4,4021,Pinal County,33.041289,-111.37619400000001,38060,"Phoenix-Mesa-Chandler, AZ",1,429,"Phoenix-Mesa, AZ",402,04007,04007,2024-2025,31,-2.0,-2.0,-2.0,-2.0,-2.0,-2.0,-2.0,-2.0,-2.0,-2.0,-2.0,-2.0
400986,Maricopa County Detention Education Center (1000313),4,3125 W DURANGO ST,PHOENIX,AZ,85009,4,4013,Maricopa County,33.429038,-112.12678000000001,38060,"Phoenix-Mesa-Chandler, AZ",1,429,"Phoenix-Mesa, AZ",403,04011,04011,2024-2025,11,-2.0,-2.0,-2.0,-2.0,-2.0,-2.0,-2.0,-2.0,-2.0,-2.0,-2.0,-2.0
400987,Somerset Academy Arizona Inc. (1000160),4,14900 W VAN BUREN ST,GOODYEAR,AZ,85338,4,4013,Maricopa County,33.451986,-112.37940800000001,38060,"Phoenix-Mesa-Chandler, AZ",1,429,"Phoenix-Mesa, AZ",409,04023,04023,2024-2025,21,0.0,0.0,0.0,100.0,0.0,0.0,0.0,0.0,0.0,0.0,0.0,0.0
400988,Valor Preparatory Academy LLC (1000291),4,13185 W THOMAS RD,GOODYEAR,AZ,85395,4,4013,Maricopa County,33.477757000000004,-112.342955,38060,"Phoenix-Mesa-Chandler, AZ",1,429,"Phoenix-Mesa, AZ",409,04029,04029,2024-2025,21,0.0,0.0,0.0,100.0,0.0,0.0,0.0,0.0,0.0,0.0,0.0,0.0
400989,ARCHES Academy (92980) (92980),4,718 E DENIM TRL,SAN TAN VLY,AZ,85143,4,4021,Pinal County,33.422813,-111.558351,38060,"Phoenix-Mesa-Chandler, AZ",1,429,"Phoenix-Mesa, AZ",405,04007,04007,2024-2025,21,0.0,0.0,0.0,100.0,0.0,0.0,0.0,0.0,0.0,0.0,0.0,0.0
400990,New Learning Ventures Inc. (320470),4,4515 N 32ND ST STE 200,Phoenix,AZ,85018,4,4013,Maricopa County,33.489048000000004,-112.069759,38060,"Phoenix-Mesa-Chandler, AZ",1,429,"Phoenix-Mesa, AZ",403,04005,04005,2024-2025,11,100.0,0.0,0.0,0.0,0.0,0.0,0.0,0.0,0.0,0.0,0.0,0.0
400991,Legacy Traditional School - Goodyear (1000283),4,16060 W LOWER BUCKEYE RD,GOODYEAR,AZ,85338,4,4013,Maricopa County,33.423564,-112.40506400000001,38060,"Phoenix-Mesa-Chandler, AZ",1,429,"Phoenix-Mesa, AZ",409,04023,04023,2024-2025,21,0.0,0.0,0.0,100.0,0.0,0.0,0.0,0.0,0.0,0.0,0.0,0.0
400992,Kaleidoscope School (1000164),4,3434 W GREENWAY RD STE 117,PHOENIX,AZ,85053,4,4013,Maricopa County,33.639083,-112.05053600000001,38060,"Phoenix-Mesa-Chandler, AZ",1,429,"Phoenix-Mesa, AZ",401,04002,04002,2024-2025,11,100.0,0.0,0.0,0.0,0.0,0.0,0.0,0.0,0.0,0.0,0.0,0.0
400993,New Horizon High School Inc. (1000165),4,2200 N ARIZONA AVE STE 17,CHANDLER,AZ,85225,4,4013,Maricopa County,33.340481000000004,-111.84284400000001,38060,"Phoenix-Mesa-Chandler, AZ",1,429,"Phoenix-Mesa, AZ",404,04012,04012,2024-2025,11,100.0,0.0,0.0,0.0,0.0,0.0,0.0,0.0,0.0,0.0,0.0,0.0
400994,Self Development Eastmark Academy (520359),4,7930 E BASELINE RD,MESA,AZ,85209,4,4013,Maricopa County,33.446580000000004,-111.73499100000001,38060,"Phoenix-Mesa-Chandler, AZ",1,429,"Phoenix-Mesa, AZ",404,04010,04010,2024-2025,11,100.0,0.0,0.0,0.0,0.0,0.0,0.0,0.0,0.0,0.0,0.0,0.0
400995,Self Development Scottsdale Academy (308420),4,16635 N 51ST AVE,GLENDALE,AZ,85306,4,4013,Maricopa County,33.636294,-112.167079,38060,"Phoenix-Mesa-Chandler, AZ",1,429,"Phoenix-Mesa, AZ",408,04027,04027,2024-2025,11,100.0,0.0,0.0,0.0,0.0,0.0,0.0,0.0,0.0,0.0,0.0,0.0
400996,Legacy Traditional School - West Surprise (1000560),4,17300 W Cactus Road,Surprise,AZ,85388,4,4013,Maricopa County,33.59611,-112.43084900000001,38060,"Phoenix-Mesa-Chandler, AZ",1,429,"Phoenix-Mesa, AZ",409,04025,04025,2024-2025,41,0.0,0.0,0.0,0.0,0.0,0.0,0.0,0.0,0.0,100.0,0.0,0.0
400997,Legacy Traditional School - North Phoenix (1000568),4,4525 N. 98th Avenue,Phoenix,AZ,85037,4,4013,Maricopa County,33.502076,-112.26907800000001,38060,"Phoenix-Mesa-Chandler, AZ",1,429,"Phoenix-Mesa, AZ",403,04022,04022,2024-2025,11,100.0,0.0,0.0,0.0,0.0,0.0,0.0,0.0,0.0,0.0,0.0,0.0
400998,A+ Charter Schools (1000166),4,41600 W Smith-Enke Rd,Maricopa,AZ,85138,4,4021,Pinal County,33.042533,-112.015895,38060,"Phoenix-Mesa-Chandler, AZ",1,429,"Phoenix-Mesa, AZ",402,04016,04016,2024-2025,23,0.0,0.0,0.0,0.0,0.0,100.0,0.0,0.0,0.0,0.0,0.0,0.0
400999,Freedom Preparatory Academy (1000979),4,465 N BLUEJAY DR,GILBERT,AZ,85234,4,4013,Maricopa County,33.359207,-111.69201100000001,38060,"Phoenix-Mesa-Chandler, AZ",1,429,"Phoenix-Mesa, AZ",405,04014,04014,2024-2025,11,100.0,0.0,0.0,0.0,0.0,0.0,0.0,0.0,0.0,0.0,0.0,0.0
401000,Bagdad Unified District (4468),4,500 Sultan Way,Bagdad,AZ,86321,4,4025,Yavapai County,34.574965,-113.18369100000001,39150,"Prescott Valley-Prescott, AZ",1,N,N,402,04001,04001,2024-2025,43,0.0,0.0,0.0,0.0,0.0,0.0,0.0,0.0,0.0,0.0,0.0,100.0
401002,Scholars Academy Sunnyslope (1000377),4,1055 E HEARN RD,PHOENIX,AZ,85022,4,4013,Maricopa County,33.614519,-112.05970400000001,38060,"Phoenix-Mesa-Chandler, AZ",1,429,"Phoenix-Mesa, AZ",401,04002,04002,2024-2025,11,100.0,0.0,0.0,0.0,0.0,0.0,0.0,0.0,0.0,0.0,0.0,0.0
401003,Sun Valley Academy - Avondale Inc. (1001157),4,2675 W BASELINE RD,PHOENIX,AZ,85041,4,4013,Maricopa County,33.37686,-112.11552800000001,38060,"Phoenix-Mesa-Chandler, AZ",1,429,"Phoenix-Mesa, AZ",403,04011,04011,2024-2025,21,0.0,0.0,0.0,100.0,0.0,0.0,0.0,0.0,0.0,0.0,0.0,0.0
401004,Candeo Schools Inc. (1001161),4,9965 W CALLE LEJOS,PEORIA,AZ,85383,4,4013,Maricopa County,33.70313,-112.27348400000001,38060,"Phoenix-Mesa-Chandler, AZ",1,429,"Phoenix-Mesa, AZ",408,04028,04028,2024-2025,12,0.0,100.0,0.0,0.0,0.0,0.0,0.0,0.0,0.0,0.0,0.0,0.0
401005,American Charter Schools Foundation dba Ridgeview  (1001346),4,6150 N 16TH ST STE A,PHOENIX,AZ,85016,4,4013,Maricopa County,33.527109,-112.04795200000001,38060,"Phoenix-Mesa-Chandler, AZ",1,429,"Phoenix-Mesa, AZ",401,04005,04005,2024-2025,21,0.0,0.0,0.0,100.0,0.0,0.0,0.0,0.0,0.0,0.0,0.0,0.0
401006,Legacy Traditional School - Mesa (1001397),4,3125 S GILBERT RD,CHANDLER,AZ,85286,4,4013,Maricopa County,33.261007,-111.788341,38060,"Phoenix-Mesa-Chandler, AZ",1,429,"Phoenix-Mesa, AZ",405,04013,04013,2024-2025,11,100.0,0.0,0.0,0.0,0.0,0.0,0.0,0.0,0.0,0.0,0.0,0.0
401007,Legacy Traditional School - Deer Valley (1001398),4,3125 S GILBERT RD,CHANDLER,AZ,85286,4,4013,Maricopa County,33.261007,-111.788341,38060,"Phoenix-Mesa-Chandler, AZ",1,429,"Phoenix-Mesa, AZ",405,04013,04013,2024-2025,11,100.0,0.0,0.0,0.0,0.0,0.0,0.0,0.0,0.0,0.0,0.0,0.0
401008,Legacy Traditional School - East Tucson (1001399),4,3125 S GILBERT RD,CHANDLER,AZ,85286,4,4013,Maricopa County,33.261007,-111.788341,38060,"Phoenix-Mesa-Chandler, AZ",1,429,"Phoenix-Mesa, AZ",405,04013,04013,2024-2025,11,100.0,0.0,0.0,0.0,0.0,0.0,0.0,0.0,0.0,0.0,0.0,0.0
401009,Glen Canyon Outdoor Academy (1001519),4,835 NEWBURN RD,PAGE,AZ,86040,4,4005,Coconino County,36.903852,-111.45827000000001,22380,"Flagstaff, AZ",1,N,N,402,04006,04006,2024-2025,33,0.0,0.0,0.0,0.0,0.0,0.0,0.0,0.0,100.0,0.0,0.0,0.0
401010,Liberty Leadership Academy (1001520),4,320 S MAIN ST,COTTONWOOD,AZ,86326,4,4025,Yavapai County,34.733446,-112.010219,39150,"Prescott Valley-Prescott, AZ",1,N,N,402,04001,04001,2024-2025,32,0.0,0.0,0.0,0.0,0.0,0.0,0.0,100.0,0.0,0.0,0.0,0.0
401011,Madison Highland Prep Phoenix (1001521),4,12235 W VAN BUREN ST,AVONDALE,AZ,85323,4,4013,Maricopa County,33.501290000000004,-112.05002200000001,38060,"Phoenix-Mesa-Chandler, AZ",1,429,"Phoenix-Mesa, AZ",403,04005,04005,2024-2025,21,0.0,0.0,0.0,100.0,0.0,0.0,0.0,0.0,0.0,0.0,0.0,0.0
401012,Colearn Academy Arizona (1001669),4,101 S LA CANADA DR STE 50,GREEN VALLEY,AZ,85614,4,4019,Pima County,31.868001,-110.99369700000001,46060,"Tucson, AZ",1,536,"Tucson-Nogales, AZ",406,04019,04019,2024-2025,32,0.0,0.0,0.0,0.0,0.0,0.0,0.0,100.0,0.0,0.0,0.0,0.0
401013,Online School of Arizona (1001719),4,7320 E Broadway,Tucson,AZ,85710,4,4019,Pima County,32.220676000000005,-110.83569800000001,46060,"Tucson, AZ",1,536,"Tucson-Nogales, AZ",407,04021,04021,2024-2025,11,100.0,0.0,0.0,0.0,0.0,0.0,0.0,0.0,0.0,0.0,0.0,0.0
401014,Copper State Academy (1001671),4,1212 W Camelback Rd,Phoenix,AZ,85013,4,4013,Maricopa County,33.509732,-112.088413,38060,"Phoenix-Mesa-Chandler, AZ",1,429,"Phoenix-Mesa, AZ",403,04005,04005,2024-2025,11,100.0,0.0,0.0,0.0,0.0,0.0,0.0,0.0,0.0,0.0,0.0,0.0
401015,Cochise County Accommodation School District (1001687),4,100 CLAWSON AVE FL 3,BISBEE,AZ,85603,4,4003,Cochise County,31.546001,-110.256698,43420,"Sierra Vista-Douglas, AZ",1,N,N,406,04019,04019,2024-2025,32,0.0,0.0,0.0,0.0,0.0,0.0,0.0,100.0,0.0,0.0,0.0,0.0
401016,SLAM Arizona Inc. (1001859),4,305 E Main Street,Mesa,AZ,85201,4,4013,Maricopa County,33.415594,-111.902184,38060,"Phoenix-Mesa-Chandler, AZ",1,429,"Phoenix-Mesa, AZ",404,04008,04008,2024-2025,12,0.0,100.0,0.0,0.0,0.0,0.0,0.0,0.0,0.0,0.0,0.0,0.0
401050,Balsz Elementary District (4268),4,4825 E ROOSEVELT ST,PHOENIX,AZ,85008,4,4013,Maricopa County,33.458079,-111.977873,38060,"Phoenix-Mesa-Chandler, AZ",1,429,"Phoenix-Mesa, AZ",401,04008,04008,2024-2025,11,100.0,0.0,0.0,0.0,0.0,0.0,0.0,0.0,0.0,0.0,0.0,0.0
401080,Beaver Creek Elementary District (4481),4,4810 E BEAVER CREEK RD,RIMROCK,AZ,86335,4,4025,Yavapai County,34.656098,-111.76603800000001,39150,"Prescott Valley-Prescott, AZ",1,N,N,402,04001,04001,2024-2025,42,0.0,0.0,0.0,0.0,0.0,0.0,0.0,0.0,0.0,0.0,100.0,0.0
401160,Bicentennial Union High School District (4515),4,67488 E Salome Rd,Salome,AZ,85348,4,4012,La Paz County,33.7749,-113.6028,N,N,0,N,N,409,04030,04030,2024-2025,43,0.0,0.0,0.0,0.0,0.0,0.0,0.0,0.0,0.0,0.0,0.0,100.0
401180,Bisbee Unified District (4169),4,519 W Melody Lane,BISBEE,AZ,85603,4,4003,Cochise County,31.393600000000003,-109.92590000000001,43420,"Sierra Vista-Douglas, AZ",1,N,N,407,04021,04021,2024-2025,32,0.0,0.0,0.0,0.0,0.0,0.0,0.0,99.84,0.0,0.16,0.0,0.0
401230,Blue Elementary District (4231),4,80 Turkey Creek Rd,Blue,AZ,85922,4,4011,Greenlee County,33.636466,-109.09210800000001,N,N,0,N,N,406,04019,04019,2024-2025,43,0.0,0.0,0.0,0.0,0.0,0.0,0.0,0.0,0.0,0.0,0.0,100.0
401260,Bonita Elementary District (4224),4,18008 S FORT GRANT RD,WILLCOX,AZ,85643,4,4009,Graham County,32.5869,-109.9745,40940,"Safford, AZ",2,N,N,406,04019,04019,2024-2025,43,0.0,0.0,0.0,0.0,0.0,0.0,0.0,0.0,0.0,0.0,0.0,100.0
401290,Bouse Elementary District (4513),4,44936 Joshua Drive,Bouse,AZ,85325,4,4012,La Paz County,33.9129,-113.9933,N,N,0,N,N,409,04030,04030,2024-2025,43,0.0,0.0,0.0,0.0,0.0,0.0,0.0,0.0,0.0,0.0,0.0,100.0
401330,Bowie Unified District (4171),4,315 W. 5th St.,Bowie,AZ,85605,4,4003,Cochise County,32.325396,-109.49020800000001,43420,"Sierra Vista-Douglas, AZ",1,N,N,406,04019,04019,2024-2025,43,0.0,0.0,0.0,0.0,0.0,0.0,0.0,0.0,0.0,0.0,0.0,100.0
401380,Buckeye Elementary District (4269),4,25555 W DURANGO ST,BUCKEYE,AZ,85326,4,4013,Maricopa County,33.369188,-112.58304100000001,38060,"Phoenix-Mesa-Chandler, AZ",1,429,"Phoenix-Mesa, AZ",409,04025,04025,2024-2025,31,0.0,0.0,0.0,32.85,0.0,0.0,54.66,0.0,0.0,12.49,0.0,0.0
401410,Buckeye Union High School District (4284),4,1000 E NARRAMORE AVE,BUCKEYE,AZ,85326,4,4013,Maricopa County,33.374442,-112.578186,38060,"Phoenix-Mesa-Chandler, AZ",1,429,"Phoenix-Mesa, AZ",409,04025,04025,2024-2025,41,0.0,0.0,0.0,0.0,0.0,0.0,32.6,0.0,0.0,67.4,0.0,0.0
401460,Sierra Vista Unified District (4175),4,3555 E FRY BLVD,SIERRA VISTA,AZ,85635,4,4003,Cochise County,31.555562000000002,-110.26433800000001,43420,"Sierra Vista-Douglas, AZ",1,N,N,406,04019,04019,2024-2025,13,0.0,0.0,100.0,0.0,0.0,0.0,0.0,0.0,0.0,0.0,0.0,0.0
401500,Bullhead City School District (4378),4,1004 HANCOCK RD,BULLHEAD CITY,AZ,86442,4,4015,Mohave County,35.1073,-114.61185300000001,29420,"Lake Havasu City-Kingman, AZ",1,N,N,409,04030,04030,2024-2025,23,0.0,0.0,0.0,0.0,0.0,66.82,0.0,0.0,0.0,33.18,0.0,0.0
401600,Camp Verde Unified District (4470),4,410 CAMP LINCOLN RD,CAMP VERDE,AZ,86322,4,4025,Yavapai County,34.586095,-111.86216900000001,39150,"Prescott Valley-Prescott, AZ",1,N,N,402,04001,04001,2024-2025,32,0.0,0.0,0.0,0.0,0.0,0.0,0.0,100.0,0.0,0.0,0.0,0.0
401650,Canon Elementary District (4484),4,34630 S SCHOOL LOOP RD,Black Canyon City,AZ,85324,4,4025,Yavapai County,34.06281,-112.140269,39150,"Prescott Valley-Prescott, AZ",1,N,N,402,04001,04001,2024-2025,42,0.0,0.0,0.0,0.0,0.0,0.0,0.0,0.0,0.0,0.0,100.0,0.0
401680,Cartwright Elementary District (4282),4,5220 W INDIAN SCHOOL RD,PHOENIX,AZ,85031,4,4013,Maricopa County,33.496909,-112.17041800000001,38060,"Phoenix-Mesa-Chandler, AZ",1,429,"Phoenix-Mesa, AZ",403,04024,04024,2024-2025,11,100.0,0.0,0.0,0.0,0.0,0.0,0.0,0.0,0.0,0.0,0.0,0.0
401710,Casa Grande Elementary District (4446),4,220 W KORTSEN RD,CASA GRANDE,AZ,85122,4,4021,Pinal County,32.90925,-111.753938,38060,"Phoenix-Mesa-Chandler, AZ",1,429,"Phoenix-Mesa, AZ",402,04016,04016,2024-2025,13,0.0,0.0,87.29,0.0,0.0,0.0,0.0,0.0,0.0,12.71,0.0,0.0
401740,Casa Grande Union High School District (4453),4,2730 N TREKELL RD,CASA GRANDE,AZ,85122,4,4021,Pinal County,32.886245,-111.747842,38060,"Phoenix-Mesa-Chandler, AZ",1,429,"Phoenix-Mesa, AZ",406,04016,04016,2024-2025,13,0.0,0.0,100.0,0.0,0.0,0.0,0.0,0.0,0.0,0.0,0.0,0.0
401760,Catalina Foothills Unified District (4410),4,2101 E RIVER RD,TUCSON,AZ,85718,4,4019,Pima County,32.287287,-110.939965,46060,"Tucson, AZ",1,536,"Tucson-Nogales, AZ",406,04018,04018,2024-2025,21,0.0,0.0,0.0,100.0,0.0,0.0,0.0,0.0,0.0,0.0,0.0,0.0
401810,Cedar Unified District (4395),4,Mile Post 408 Hwy 264,Keams Canyon,AZ,86034,4,4017,Navajo County,35.77291,-110.13830300000001,43320,"Show Low, AZ",2,N,N,402,04006,04006,2024-2025,43,0.0,0.0,0.0,0.0,0.0,0.0,0.0,0.0,0.0,0.0,0.0,100.0
401830,Champie Elementary District (4477),4,HCR 1 Castle Hot Springs,Morristown,AZ,85342,4,4025,Yavapai County,34.019504,-112.35016900000001,39150,"Prescott Valley-Prescott, AZ",1,N,N,402,04001,04001,2024-2025,42,-2.0,-2.0,-2.0,-2.0,-2.0,-2.0,-2.0,-2.0,-2.0,-2.0,-2.0,-2.0
401870,Chandler Unified District #80 (4242),4,1525 W FRYE RD,CHANDLER,AZ,85224,4,4013,Maricopa County,33.297701,-111.86840000000001,38060,"Phoenix-Mesa-Chandler, AZ",1,429,"Phoenix-Mesa, AZ",404,04013,04013,2024-2025,11,91.91,0.0,0.0,8.09,0.0,0.0,0.0,0.0,0.0,0.0,0.0,0.0
401920,Chevelon Butte School District (4198),4,417 Old Rim Road,Forest Lakes,AZ,85931,4,4005,Coconino County,34.336489,-110.806111,22380,"Flagstaff, AZ",1,N,N,402,04007,04007,2024-2025,43,-2.0,-2.0,-2.0,-2.0,-2.0,-2.0,-2.0,-2.0,-2.0,-2.0,-2.0,-2.0
401940,Chinle Unified District (4158),4,Navajo Rte 7 & State Hwy 191,Chinle,AZ,86503,4,4001,Apache County,36.151518,-109.58633800000001,N,N,0,N,N,402,04006,04006,2024-2025,43,0.0,0.0,0.0,0.0,0.0,0.0,0.0,0.0,0.0,0.0,0.0,100.0
402130,Cochise Elementary District (4177),4,5025 N. Bowie Ave,Cochise,AZ,85606,4,4003,Cochise County,32.112513,-109.92015500000001,43420,"Sierra Vista-Douglas, AZ",1,N,N,406,04019,04019,2024-2025,43,0.0,0.0,0.0,0.0,0.0,0.0,0.0,0.0,0.0,0.0,0.0,100.0
402190,Concho Elementary District (4160),4,Hwy 61 and Cinder Rd,Concho,AZ,85924,4,4001,Apache County,34.422596,-109.640578,N,N,0,N,N,402,04006,04006,2024-2025,43,0.0,0.0,0.0,0.0,0.0,0.0,0.0,0.0,0.0,0.0,0.0,100.0
402220,Congress Elementary District (4479),4,26400 South Tenderfoot Hill Ro,Congress,AZ,85332,4,4025,Yavapai County,34.1719,-112.85950000000001,39150,"Prescott Valley-Prescott, AZ",1,N,N,402,04001,04001,2024-2025,43,0.0,0.0,0.0,0.0,0.0,0.0,0.0,0.0,0.0,0.0,0.0,100.0
402250,Continental Elementary District (4416),4,1991 E WHITEHOUSE CANYON RD,GREEN VALLEY,AZ,85614,4,4019,Pima County,31.842475,-110.95845000000001,46060,"Tucson, AZ",1,536,"Tucson-Nogales, AZ",406,04019,04019,2024-2025,41,0.0,0.0,0.0,0.0,0.0,0.0,0.0,0.0,0.0,100.0,0.0,0.0
402320,Coolidge Unified District (4442),4,450 N ARIZONA BLVD,COOLIDGE,AZ,85128,4,4021,Pinal County,32.981401,-111.524793,38060,"Phoenix-Mesa-Chandler, AZ",1,429,"Phoenix-Mesa, AZ",402,04016,04016,2024-2025,32,0.0,0.0,0.0,0.0,0.0,0.0,0.0,80.65,0.0,19.35,0.0,0.0
402370,Cottonwood-Oak Creek Elementary District (4487),4,1 N WILLARD ST,COTTONWOOD,AZ,86326,4,4025,Yavapai County,34.740129,-112.02660800000001,39150,"Prescott Valley-Prescott, AZ",1,N,N,402,04001,04001,2024-2025,32,0.0,0.0,0.0,0.0,0.0,0.0,0.0,62.4,0.0,24.12,13.48,0.0
402400,Crane Elementary District (4501),4,4250 W 16TH ST,YUMA,AZ,85364,4,4027,Yuma County,32.699084,-114.67121,49740,"Yuma, AZ",1,N,N,407,04023,04023,2024-2025,12,0.0,100.0,0.0,0.0,0.0,0.0,0.0,0.0,0.0,0.0,0.0,0.0
402430,Creighton Elementary District (4263),4,2702 E FLOWER ST,PHOENIX,AZ,85016,4,4013,Maricopa County,33.485828,-112.02222,38060,"Phoenix-Mesa-Chandler, AZ",1,429,"Phoenix-Mesa, AZ",403,04005,04005,2024-2025,11,100.0,0.0,0.0,0.0,0.0,0.0,0.0,0.0,0.0,0.0,0.0,0.0
402460,Crown King Elementary District (4483),4,23550 S Towers Mountain Road,Crown King,AZ,86343,4,4025,Yavapai County,34.207523,-112.339166,39150,"Prescott Valley-Prescott, AZ",1,N,N,402,04001,04001,2024-2025,42,0.0,0.0,0.0,0.0,0.0,0.0,0.0,0.0,0.0,0.0,100.0,0.0
402480,Graham County Special Services (4217),4,150 E 4th S,Pima,AZ,85543,4,4009,Graham County,32.889743,-109.82416900000001,40940,"Safford, AZ",2,N,N,406,04019,04019,2024-2025,41,0.0,0.0,0.0,0.0,0.0,0.0,0.0,0.0,0.0,100.0,0.0,0.0
402490,Double Adobe Elementary District (4179),4,7081 N CENTRAL HWY,McNeal,AZ,85617,4,4003,Cochise County,31.467643000000002,-109.69699700000001,43420,"Sierra Vista-Douglas, AZ",1,N,N,406,04019,04019,2024-2025,43,0.0,0.0,0.0,0.0,0.0,0.0,0.0,0.0,0.0,0.0,0.0,100.0
402530,Douglas Unified District (4174),4,1132 E 12TH ST,DOUGLAS,AZ,85607,4,4003,Cochise County,31.346877000000003,-109.544791,43420,"Sierra Vista-Douglas, AZ",1,N,N,407,04019,04019,2024-2025,33,0.0,0.0,0.0,0.0,0.0,0.0,0.0,0.0,100.0,0.0,0.0,0.0
402600,Duncan Unified District (4228),4,108 Stadium Ave,Duncan,AZ,85534,4,4011,Greenlee County,32.724252,-109.109818,N,N,0,N,N,406,04019,04019,2024-2025,43,0.0,0.0,0.0,0.0,0.0,0.0,0.0,0.0,0.0,0.0,0.0,100.0
402690,Dysart Unified District (4243),4,15802 N PARKVIEW PL,SURPRISE,AZ,85374,4,4013,Maricopa County,33.627751,-112.383868,38060,"Phoenix-Mesa-Chandler, AZ",1,429,"Phoenix-Mesa, AZ",409,04029,04029,2024-2025,21,0.0,0.0,0.0,86.62,0.0,0.0,0.0,0.0,0.0,13.38,0.0,0.0
402740,Mary C O'Brien Accommodation District (4435),4,3740 N TOLTEC RD,TOLTEC,AZ,85131,4,4021,Pinal County,32.789154,-111.619972,38060,"Phoenix-Mesa-Chandler, AZ",1,429,"Phoenix-Mesa, AZ",406,04016,04016,2024-2025,42,0.0,0.0,0.0,0.0,0.0,0.0,0.0,0.0,0.0,37.88,62.12,0.0
402760,Elfrida Elementary District (4185),4,4070 W JEFFERSON RD,ELFRIDA,AZ,85610,4,4003,Cochise County,31.685778000000003,-109.680276,43420,"Sierra Vista-Douglas, AZ",1,N,N,406,04019,04019,2024-2025,43,0.0,0.0,0.0,0.0,0.0,0.0,0.0,0.0,0.0,0.0,0.0,100.0
402790,Eloy Elementary District (4448),4,1011 N SUNSHINE BLVD,ELOY,AZ,85131,4,4021,Pinal County,32.76017,-111.54953900000001,38060,"Phoenix-Mesa-Chandler, AZ",1,429,"Phoenix-Mesa, AZ",406,04016,04016,2024-2025,42,0.0,0.0,0.0,0.0,0.0,0.0,0.0,0.0,0.0,0.0,100.0,0.0
402820,Empire Elementary District (4415),4,13200 E GREATERVILLE RD,SONOITA,AZ,85637,4,4019,Pima County,31.773222,-110.71367400000001,46060,"Tucson, AZ",1,536,"Tucson-Nogales, AZ",406,04019,04019,2024-2025,42,-2.0,-2.0,-2.0,-2.0,-2.0,-2.0,-2.0,-2.0,-2.0,-2.0,-2.0,-2.0
402860,Flagstaff Unified District (4192),4,3285 E SPARROW AVE,FLAGSTAFF,AZ,86004,4,4005,Coconino County,35.198635,-111.60696300000001,22380,"Flagstaff, AZ",1,N,N,402,04007,04007,2024-2025,13,0.0,0.0,89.59,0.0,0.0,4.07,0.0,0.0,0.0,4.8,0.0,1.53
402920,Florence Unified School District (4437),4,1000 S MAIN ST,FLORENCE,AZ,85132,4,4021,Pinal County,33.022553,-111.38846000000001,38060,"Phoenix-Mesa-Chandler, AZ",1,429,"Phoenix-Mesa, AZ",402,04016,04016,2024-2025,21,0.0,0.0,0.0,41.02,0.0,0.0,19.27,0.0,0.0,39.7,0.0,0.0
403010,Flowing Wells Unified District (4405),4,1556 W PRINCE RD,TUCSON,AZ,85705,4,4019,Pima County,32.272656,-110.99861200000001,46060,"Tucson, AZ",1,536,"Tucson-Nogales, AZ",407,04020,04020,2024-2025,21,42.97,0.0,0.0,57.03,0.0,0.0,0.0,0.0,0.0,0.0,0.0,0.0
403040,Fountain Hills Unified District (4247),4,16000 E PALISADES BLVD,FOUNTAIN HILLS,AZ,85268,4,4013,Maricopa County,33.614811,-111.736366,38060,"Phoenix-Mesa-Chandler, AZ",1,429,"Phoenix-Mesa, AZ",401,04003,04003,2024-2025,21,0.0,0.0,0.0,64.37,0.0,0.0,0.0,0.0,0.0,35.63,0.0,0.0
403060,Fowler Elementary District (4273),4,1617 S 67TH AVE,PHOENIX,AZ,85043,4,4013,Maricopa County,33.433198000000004,-112.202999,38060,"Phoenix-Mesa-Chandler, AZ",1,429,"Phoenix-Mesa, AZ",403,04022,04022,2024-2025,11,100.0,0.0,0.0,0.0,0.0,0.0,0.0,0.0,0.0,0.0,0.0,0.0
403080,Fredonia-Moccasin Unified District (4195),4,221 East Hortt St,Fredonia,AZ,86022,4,4005,Coconino County,36.9519,-112.5211,22380,"Flagstaff, AZ",1,N,N,402,04006,04006,2024-2025,43,0.0,0.0,0.0,0.0,0.0,0.0,0.0,0.0,0.0,0.0,0.0,100.0
403150,Fort Huachuca Accommodation District (4167),4,21110 Hines Rd,FORT HUACHUCA,AZ,85613,4,4003,Cochise County,31.546903,-110.36963100000001,43420,"Sierra Vista-Douglas, AZ",1,N,N,406,04019,04019,2024-2025,13,0.0,0.0,100.0,0.0,0.0,0.0,0.0,0.0,0.0,0.0,0.0,0.0
403200,Fort Thomas Unified District (4221),4,15560 W Elementary School Road,Fort Thomas,AZ,85536,4,4009,Graham County,33.0342,-109.9646,40940,"Safford, AZ",2,N,N,406,04019,04019,2024-2025,43,0.0,0.0,0.0,0.0,0.0,0.0,0.0,0.0,0.0,0.0,0.0,100.0
403240,Gadsden Elementary District (4505),4,1345 E. Cesar Chavez Blvd,San Luis,AZ,85349,4,4027,Yuma County,32.494882000000004,-114.768185,49740,"Yuma, AZ",1,N,N,407,04023,04023,2024-2025,32,0.0,0.0,0.0,0.0,0.0,0.0,0.0,92.48,0.0,0.0,7.52,0.0
403290,Ganado Unified School District (4157),4,Hwy 264,Ganado,AZ,86505,4,4001,Apache County,35.711713,-109.532143,N,N,0,N,N,402,04006,04006,2024-2025,43,0.0,0.0,0.0,0.0,0.0,0.0,0.0,0.0,0.0,0.0,0.0,100.0
403310,Gila Bend Unified District (4238),4,308 N Martin Ave,Gila Bend,AZ,85337,4,4013,Maricopa County,32.953213,-112.71866600000001,38060,"Phoenix-Mesa-Chandler, AZ",1,429,"Phoenix-Mesa, AZ",407,04023,04023,2024-2025,43,0.0,0.0,0.0,0.0,0.0,0.0,0.0,0.0,0.0,0.0,0.0,100.0
403400,Gilbert Unified District (4239),4,1016 N BURK ST,GILBERT,AZ,85234,4,4013,Maricopa County,33.348597,-111.79012,38060,"Phoenix-Mesa-Chandler, AZ",1,429,"Phoenix-Mesa, AZ",405,04013,04013,2024-2025,11,100.0,0.0,0.0,0.0,0.0,0.0,0.0,0.0,0.0,0.0,0.0,0.0
403420,Glendale Elementary District (4271),4,7301 N 58TH AVE,GLENDALE,AZ,85301,4,4013,Maricopa County,33.544076000000004,-112.18323400000001,38060,"Phoenix-Mesa-Chandler, AZ",1,429,"Phoenix-Mesa, AZ",408,04024,04024,2024-2025,21,0.0,0.0,0.0,100.0,0.0,0.0,0.0,0.0,0.0,0.0,0.0,0.0
403450,Glendale Union High School District (4285),4,7650 N 43RD AVE,GLENDALE,AZ,85301,4,4013,Maricopa County,33.549073,-112.15207500000001,38060,"Phoenix-Mesa-Chandler, AZ",1,429,"Phoenix-Mesa, AZ",408,04024,04024,2024-2025,11,59.19,0.0,0.0,40.81,0.0,0.0,0.0,0.0,0.0,0.0,0.0,0.0
403500,Globe Unified District (4208),4,501 E ASH ST,GLOBE,AZ,85501,4,4007,Gila County,33.393282,-110.78129200000001,37740,"Payson, AZ",2,429,"Phoenix-Mesa, AZ",402,04007,04007,2024-2025,33,0.0,0.0,0.0,0.0,0.0,0.0,0.0,0.0,76.28,23.72,0.0,0.0
403550,Grand Canyon Unified District (4194),4,1 Boulder St,Grand Canyon Village,AZ,86023,4,4005,Coconino County,36.052335,-112.13863400000001,22380,"Flagstaff, AZ",1,N,N,402,04006,04006,2024-2025,43,0.0,0.0,0.0,0.0,0.0,0.0,0.0,0.0,0.0,0.0,0.0,100.0
403660,Hackberry School District (4371),4,9501 E NELLIE DR,KINGMAN,AZ,86401,4,4015,Mohave County,35.173724,-113.778946,29420,"Lake Havasu City-Kingman, AZ",1,N,N,409,04030,04030,2024-2025,43,0.0,0.0,0.0,0.0,0.0,0.0,0.0,0.0,0.0,0.0,0.0,100.0
403730,Hayden-Winkelman Unified District (4212),4,824 Thorne Ave,Winkelman,AZ,85292,4,4007,Gila County,32.993072,-110.77143400000001,37740,"Payson, AZ",2,429,"Phoenix-Mesa, AZ",402,04007,04007,2024-2025,43,0.0,0.0,0.0,0.0,0.0,0.0,0.0,0.0,0.0,0.0,0.0,100.0
403780,Higley Unified School District (4248),4,2935 S RECKER RD,GILBERT,AZ,85295,4,4013,Maricopa County,33.297191,-111.70284500000001,38060,"Phoenix-Mesa-Chandler, AZ",1,429,"Phoenix-Mesa, AZ",405,04014,04014,2024-2025,11,85.49,0.0,0.0,14.51,0.0,0.0,0.0,0.0,0.0,0.0,0.0,0.0
403820,Holbrook Unified District (4389),4,1000 N. 8th Ave.,Holbrook,AZ,86025,4,4017,Navajo County,34.909943,-110.16941800000001,43320,"Show Low, AZ",2,N,N,402,04006,04006,2024-2025,43,0.0,0.0,0.0,0.0,0.0,0.0,0.0,0.0,0.0,0.0,0.0,100.0
403860,Maricopa County Regional School District (4234),4,4041 N. Central Avenue Suite,PHOENIX,AZ,85012,4,4013,Maricopa County,33.493970000000004,-112.07289700000001,38060,"Phoenix-Mesa-Chandler, AZ",1,429,"Phoenix-Mesa, AZ",403,04005,04005,2024-2025,11,75.0,25.0,0.0,0.0,0.0,0.0,0.0,0.0,0.0,0.0,0.0,0.0
403870,Humboldt Unified District (4469),4,6901 PANTHER PATH,PRESCOTT VLY,AZ,86314,4,4025,Yavapai County,34.5977,-112.34530000000001,39150,"Prescott Valley-Prescott, AZ",1,N,N,402,04001,04001,2024-2025,13,0.0,0.0,67.65,0.0,0.0,0.0,0.0,0.0,0.0,32.35,0.0,0.0
403900,Hyder Elementary District (4502),4,Ave 64E & I-8,Dateland,AZ,85333,4,4027,Yuma County,32.8068,-113.54140000000001,49740,"Yuma, AZ",1,N,N,409,04025,04025,2024-2025,43,0.0,0.0,0.0,0.0,0.0,0.0,0.0,0.0,0.0,0.0,0.0,100.0
403950,Baboquivari Unified School District #40 (4412),4,111 W Main,Sells,AZ,85634,4,4019,Pima County,31.916375000000002,-111.860905,46060,"Tucson, AZ",1,536,"Tucson-Nogales, AZ",407,04023,04023,2024-2025,43,0.0,0.0,0.0,0.0,0.0,0.0,0.0,0.0,0.0,0.0,0.0,100.0
403960,Isaac Elementary District (4259),4,3348 W MCDOWELL RD,PHOENIX,AZ,85009,4,4013,Maricopa County,33.466619,-112.13167200000001,38060,"Phoenix-Mesa-Chandler, AZ",1,429,"Phoenix-Mesa, AZ",403,04026,04026,2024-2025,11,100.0,0.0,0.0,0.0,0.0,0.0,0.0,0.0,0.0,0.0,0.0,0.0
403990,J O Combs Unified School District (4445),4,43371 N KENWORTHY RD,SAN TAN VLY,AZ,85140,4,4021,Pinal County,33.272976,-111.54550300000001,38060,"Phoenix-Mesa-Chandler, AZ",1,429,"Phoenix-Mesa, AZ",405,04015,04015,2024-2025,21,0.0,0.0,0.0,57.02,0.0,0.0,0.0,0.0,0.0,42.98,0.0,0.0
404010,Joseph City Unified District (4388),4,8176 WESTOVER ST,JOSEPH CITY,AZ,86032,4,4017,Navajo County,34.959296,-110.33202800000001,43320,"Show Low, AZ",2,N,N,402,04006,04006,2024-2025,43,0.0,0.0,0.0,0.0,0.0,0.0,0.0,0.0,0.0,0.0,0.0,100.0
404060,Kayenta Unified School District #27 (4396),4,N Hwy 163,Kayenta,AZ,86033,4,4017,Navajo County,36.728534,-110.24625,43320,"Show Low, AZ",2,N,N,402,04006,04006,2024-2025,43,0.0,0.0,0.0,0.0,0.0,0.0,0.0,0.0,0.0,0.0,0.0,100.0
404170,Kirkland Elementary District (4480),4,150 Main Street,Kirkland,AZ,86332,4,4025,Yavapai County,34.418716,-112.710818,39150,"Prescott Valley-Prescott, AZ",1,N,N,402,04001,04001,2024-2025,42,0.0,0.0,0.0,0.0,0.0,0.0,0.0,0.0,0.0,0.0,100.0,0.0
404200,Klondyke Elementary District (4223),4,921 W THATCHER BLVD,SAFFORD,AZ,85546,4,4009,Graham County,32.83459,-109.71849900000001,40940,"Safford, AZ",2,N,N,406,04019,04019,2024-2025,33,-2.0,-2.0,-2.0,-2.0,-2.0,-2.0,-2.0,-2.0,-2.0,-2.0,-2.0,-2.0
404230,Kyrene Elementary District (4267),4,8700 S KYRENE RD,TEMPE,AZ,85284,4,4013,Maricopa County,33.335123,-111.94624800000001,38060,"Phoenix-Mesa-Chandler, AZ",1,429,"Phoenix-Mesa, AZ",404,04012,04012,2024-2025,11,78.41,21.59,0.0,0.0,0.0,0.0,0.0,0.0,0.0,0.0,0.0,0.0
404280,Lake Havasu Unified District (4368),4,2200 HAVASUPAI BLVD,Lake Havasu City,AZ,86403,4,4015,Mohave County,34.497001000000004,-114.331196,29420,"Lake Havasu City-Kingman, AZ",1,N,N,409,04030,04030,2024-2025,13,0.0,0.0,100.0,0.0,0.0,0.0,0.0,0.0,0.0,0.0,0.0,0.0
404290,Laveen Elementary District (4276),4,5001 W DOBBINS RD,LAVEEN,AZ,85339,4,4013,Maricopa County,33.362217,-112.16762100000001,38060,"Phoenix-Mesa-Chandler, AZ",1,429,"Phoenix-Mesa, AZ",403,04011,04011,2024-2025,11,87.86,0.0,0.0,0.0,0.0,0.0,0.0,0.0,0.0,12.14,0.0,0.0
404320,Liberty Elementary District (4266),4,19871 W FREMONT RD,BUCKEYE,AZ,85326,4,4013,Maricopa County,33.380633,-112.486259,38060,"Phoenix-Mesa-Chandler, AZ",1,429,"Phoenix-Mesa, AZ",409,04025,04025,2024-2025,21,0.0,0.0,0.0,48.66,0.0,0.0,29.46,0.0,0.0,21.88,0.0,0.0
404380,Litchfield Elementary District (4281),4,272 E SAGEBRUSH ST,Litchfield Park,AZ,85340,4,4013,Maricopa County,33.491749,-112.35653900000001,38060,"Phoenix-Mesa-Chandler, AZ",1,429,"Phoenix-Mesa, AZ",409,04029,04029,2024-2025,21,0.0,0.0,0.0,94.62,0.0,0.0,0.0,0.0,0.0,5.38,0.0,0.0
404410,Littlefield Unified District (4374),4,3475 E RIO VIRGIN RD,BEAVER DAM,AZ,86432,4,4015,Mohave County,36.904167,-113.928269,29420,"Lake Havasu City-Kingman, AZ",1,N,N,409,04030,04030,2024-2025,42,0.0,0.0,0.0,0.0,0.0,0.0,0.0,0.0,0.0,0.0,100.0,0.0
404440,Littleton Elementary District (4278),4,1600 S 107TH AVE,AVONDALE,AZ,85323,4,4013,Maricopa County,33.431714,-112.290287,38060,"Phoenix-Mesa-Chandler, AZ",1,429,"Phoenix-Mesa, AZ",407,04022,04022,2024-2025,21,39.05,0.0,0.0,55.05,0.0,0.0,0.0,0.0,0.0,5.9,0.0,0.0
404500,Madison Elementary District (4270),4,5601 N 16TH ST,PHOENIX,AZ,85016,4,4013,Maricopa County,33.518198,-112.04683200000001,38060,"Phoenix-Mesa-Chandler, AZ",1,429,"Phoenix-Mesa, AZ",401,04004,04004,2024-2025,11,100.0,0.0,0.0,0.0,0.0,0.0,0.0,0.0,0.0,0.0,0.0,0.0
404530,Maine Consolidated School District (4199),4,10 N. Spring Valley Rd.,Parks,AZ,86018,4,4005,Coconino County,35.261993000000004,-111.94991200000001,22380,"Flagstaff, AZ",1,N,N,402,04006,04006,2024-2025,42,0.0,0.0,0.0,0.0,0.0,0.0,0.0,0.0,0.0,0.0,100.0,0.0
404570,Mammoth-San Manuel Unified District (4439),4,711 S MCNAB PKWY,SAN MANUEL,AZ,85631,4,4021,Pinal County,32.597768,-110.63039900000001,38060,"Phoenix-Mesa-Chandler, AZ",1,429,"Phoenix-Mesa, AZ",406,04007,04007,2024-2025,42,0.0,0.0,0.0,0.0,0.0,0.0,0.0,0.0,0.0,0.0,100.0,0.0
404630,Marana Unified District (4404),4,11279 W GRIER RD STE 115A,MARANA,AZ,85653,4,4019,Pima County,32.453107,-111.20769000000001,46060,"Tucson, AZ",1,536,"Tucson-Nogales, AZ",406,04017,04017,2024-2025,21,0.0,0.0,0.0,47.35,0.0,0.0,19.38,0.0,0.0,26.79,6.48,0.0
404720,Maricopa Unified School District (4441),4,44150 W MARICOPA CASA GRANDE H,MARICOPA,AZ,85138,4,4021,Pinal County,33.054507,-112.041662,38060,"Phoenix-Mesa-Chandler, AZ",1,429,"Phoenix-Mesa, AZ",402,04016,04016,2024-2025,23,0.0,0.0,0.0,0.0,0.0,86.82,0.0,0.0,0.0,13.18,0.0,0.0
404770,Altar Valley Elementary District (4418),4,10105 S SASABE RD,TUCSON,AZ,85736,4,4019,Pima County,32.066856,-111.317749,46060,"Tucson, AZ",1,536,"Tucson-Nogales, AZ",407,04023,04023,2024-2025,42,0.0,0.0,0.0,0.0,0.0,0.0,0.0,0.0,0.0,0.0,100.0,0.0
404820,Mayer Unified School District (4473),4,12606 E MAIN ST,MAYER,AZ,86333,4,4025,Yavapai County,34.400085000000004,-112.241393,39150,"Prescott Valley-Prescott, AZ",1,N,N,402,04001,04001,2024-2025,42,0.0,0.0,0.0,0.0,0.0,0.0,0.0,0.0,0.0,0.0,100.0,0.0
404860,Mcnary Elementary District (4163),4,Corner of Spruce & Cooley,McNary,AZ,85930,4,4001,Apache County,34.074997,-109.85655100000001,N,N,0,N,N,402,04006,04006,2024-2025,41,0.0,0.0,0.0,0.0,0.0,0.0,0.0,0.0,0.0,100.0,0.0,0.0
404920,McNeal Elementary District (4181),4,3979 McNeal St,McNeal,AZ,85617,4,4003,Cochise County,31.599194,-109.67220900000001,43420,"Sierra Vista-Douglas, AZ",1,N,N,406,04019,04019,2024-2025,43,0.0,0.0,0.0,0.0,0.0,0.0,0.0,0.0,0.0,0.0,0.0,100.0
404970,Mesa Unified District (4235),4,63 E MAIN ST STE 101,MESA,AZ,85201,4,4013,Maricopa County,33.4148,-111.82929600000001,38060,"Phoenix-Mesa-Chandler, AZ",1,429,"Phoenix-Mesa, AZ",404,04009,04009,2024-2025,11,97.82,0.0,0.0,2.18,0.0,0.0,0.0,0.0,0.0,0.0,0.0,0.0
405030,Miami Unified District (4211),4,4739 E RAGUS RD,MIAMI,AZ,85539,4,4007,Gila County,33.408053,-110.836538,37740,"Payson, AZ",2,429,"Phoenix-Mesa, AZ",402,04007,04007,2024-2025,41,0.0,0.0,0.0,0.0,0.0,0.0,0.0,0.0,0.0,100.0,0.0,0.0
405070,Mingus Union High School District (4488),4,1801 E FIR ST,COTTONWOOD,AZ,86326,4,4025,Yavapai County,34.716300000000004,-112.00510000000001,39150,"Prescott Valley-Prescott, AZ",1,N,N,402,04001,04001,2024-2025,32,0.0,0.0,0.0,0.0,0.0,0.0,0.0,100.0,0.0,0.0,0.0,0.0
405100,Mobile Elementary District (4253),4,42798 S 99TH AVE,MARICOPA,AZ,85139,4,4013,Maricopa County,33.0565,-112.271,38060,"Phoenix-Mesa-Chandler, AZ",1,429,"Phoenix-Mesa, AZ",407,04023,04023,2024-2025,42,0.0,0.0,0.0,0.0,0.0,0.0,0.0,0.0,0.0,0.0,100.0,0.0
405190,Mohave Valley Elementary District (4379),4,8450 S OLIVE AVE,MOHAVE VALLEY,AZ,86440,4,4015,Mohave County,34.91115,-114.59960400000001,29420,"Lake Havasu City-Kingman, AZ",1,N,N,409,04030,04030,2024-2025,23,0.0,0.0,0.0,0.0,0.0,61.4,0.0,0.0,0.0,38.6,0.0,0.0
405220,Mohawk Valley Elementary District (4503),4,5151 S Ave 39E,Roll,AZ,85347,4,4027,Yuma County,32.751802,-113.97004000000001,49740,"Yuma, AZ",1,N,N,409,04025,04025,2024-2025,42,0.0,0.0,0.0,0.0,0.0,0.0,0.0,0.0,0.0,0.0,100.0,0.0
405320,Morenci Unified District (4230),4,1 STADIUM DR,MORENCI,AZ,85540,4,4011,Greenlee County,33.041174,-109.32201300000001,N,N,0,N,N,406,04019,04019,2024-2025,43,0.0,0.0,0.0,0.0,0.0,0.0,0.0,0.0,0.0,0.0,0.0,100.0
405340,Morristown Elementary District (4251),4,25950 Rockaway Hills Dr,Morristown,AZ,85342,4,4013,Maricopa County,33.8556,-112.62110000000001,38060,"Phoenix-Mesa-Chandler, AZ",1,429,"Phoenix-Mesa, AZ",409,04029,04029,2024-2025,42,0.0,0.0,0.0,0.0,0.0,0.0,0.0,0.0,0.0,0.0,100.0,0.0
405360,Pima County Accommodation School District (4401),4,130 W CONGRESS ST FL 4,TUCSON,AZ,85701,4,4019,Pima County,32.22207,-110.973624,46060,"Tucson, AZ",1,536,"Tucson-Nogales, AZ",407,04020,04020,2024-2025,11,100.0,0.0,0.0,0.0,0.0,0.0,0.0,0.0,0.0,0.0,0.0,0.0
405400,Murphy Elementary District (4265),4,3140 W BUCKEYE RD,PHOENIX,AZ,85009,4,4013,Maricopa County,33.43733,-112.12806300000001,38060,"Phoenix-Mesa-Chandler, AZ",1,429,"Phoenix-Mesa, AZ",403,04011,04011,2024-2025,11,100.0,0.0,0.0,0.0,0.0,0.0,0.0,0.0,0.0,0.0,0.0,0.0
405430,Naco Elementary District (4176),4,1911 West Valenzuela,Naco,AZ,85620,4,4003,Cochise County,31.3364,-109.94680000000001,43420,"Sierra Vista-Douglas, AZ",1,N,N,407,04021,04021,2024-2025,42,0.0,0.0,0.0,0.0,0.0,0.0,0.0,0.0,0.0,0.0,100.0,0.0
405460,Nadaburg Unified School District (4252),4,32919 N CENTER ST,WITTMANN,AZ,85361,4,4013,Maricopa County,33.781271000000004,-112.52556100000001,38060,"Phoenix-Mesa-Chandler, AZ",1,429,"Phoenix-Mesa, AZ",409,04029,04029,2024-2025,42,0.0,0.0,0.0,0.0,0.0,0.0,0.0,0.0,0.0,45.89,54.11,0.0
405500,Navajo County Accommodation District #99 (4386),4,294 W CARLOS AVE,HOLBROOK,AZ,86025,4,4017,Navajo County,34.929824,-110.145267,43320,"Show Low, AZ",2,N,N,402,04006,04006,2024-2025,43,0.0,0.0,0.0,0.0,0.0,0.0,0.0,0.0,0.0,0.0,0.0,100.0
405530,Nogales Unified District (4457),4,310 W PLUM ST,NOGALES,AZ,85621,4,4023,Santa Cruz County,31.340312,-110.94122,35700,"Nogales, AZ",2,536,"Tucson-Nogales, AZ",407,04021,04021,2024-2025,33,0.0,0.0,0.0,0.0,0.0,0.0,0.0,0.0,81.46,18.54,0.0,0.0
405640,Oracle Elementary District (4444),4,2618 W EL PASEO,ORACLE,AZ,85623,4,4021,Pinal County,32.6163,-110.80120000000001,38060,"Phoenix-Mesa-Chandler, AZ",1,429,"Phoenix-Mesa, AZ",406,04007,04007,2024-2025,42,0.0,0.0,0.0,0.0,0.0,0.0,0.0,0.0,0.0,0.0,100.0,0.0
405670,Osborn Elementary District (4262),4,1226 W OSBORN RD,PHOENIX,AZ,85013,4,4013,Maricopa County,33.488082,-112.08850600000001,38060,"Phoenix-Mesa-Chandler, AZ",1,429,"Phoenix-Mesa, AZ",403,04005,04005,2024-2025,11,100.0,0.0,0.0,0.0,0.0,0.0,0.0,0.0,0.0,0.0,0.0,0.0
405730,Owens School District No.6 (4373),4,14109 E Chicken Springs Rd,Wikieup,AZ,85360,4,4015,Mohave County,34.705436,-113.615176,29420,"Lake Havasu City-Kingman, AZ",1,N,N,409,04030,04030,2024-2025,43,0.0,0.0,0.0,0.0,0.0,0.0,0.0,0.0,0.0,0.0,0.0,100.0
405760,Tonto Basin Elementary District (4215),4,445 S. Old West Hwy 188,Tonto Basin,AZ,85553,4,4007,Gila County,33.870867000000004,-111.31353200000001,37740,"Payson, AZ",2,429,"Phoenix-Mesa, AZ",402,04007,04007,2024-2025,43,0.0,0.0,0.0,0.0,0.0,0.0,0.0,0.0,0.0,0.0,0.0,100.0
405820,Page Unified School District #8  (4196),4,500 S Navajo Dr,Page,AZ,86040,4,4005,Coconino County,36.912039,-111.459191,22380,"Flagstaff, AZ",1,N,N,402,04006,04006,2024-2025,33,0.0,0.0,0.0,0.0,0.0,0.0,0.0,0.0,100.0,0.0,0.0,0.0
405850,Palo Verde Elementary District (4275),4,10700 S Palo Verde Rd,Palo Verde,AZ,85343,4,4013,Maricopa County,33.34977,-112.67825400000001,38060,"Phoenix-Mesa-Chandler, AZ",1,429,"Phoenix-Mesa, AZ",409,04025,04025,2024-2025,42,0.0,0.0,0.0,0.0,0.0,0.0,0.0,0.0,0.0,0.0,100.0,0.0
405880,Palominas Elementary School District 49 (4180),4,6849 Hwy  92,HEREFORD,AZ,85615,4,4003,Cochise County,31.381023000000003,-110.20591700000001,43420,"Sierra Vista-Douglas, AZ",1,N,N,407,04021,04021,2024-2025,41,0.0,0.0,0.0,0.0,0.0,0.0,0.0,0.0,0.0,61.61,38.39,0.0
405930,Paradise Valley Unified District (4241),4,15002 N 32ND ST,PHOENIX,AZ,85032,4,4013,Maricopa County,33.623494,-112.01414600000001,38060,"Phoenix-Mesa-Chandler, AZ",1,429,"Phoenix-Mesa, AZ",401,04004,04004,2024-2025,11,94.47,5.53,0.0,0.0,0.0,0.0,0.0,0.0,0.0,0.0,0.0,0.0
405980,Parker Unified School District (4510),4,1608 S LAGUNA AVE,PARKER,AZ,85344,4,4012,La Paz County,34.142342,-114.28917000000001,N,N,0,N,N,409,04030,04030,2024-2025,32,0.0,0.0,0.0,0.0,0.0,0.0,0.0,88.81,0.0,0.0,0.0,11.19
406000,Patagonia Elementary District (4460),4,100 School St,Patagonia,AZ,85624,4,4023,Santa Cruz County,31.546290000000003,-110.74614700000001,35700,"Nogales, AZ",2,536,"Tucson-Nogales, AZ",407,04019,04019,2024-2025,42,0.0,0.0,0.0,0.0,0.0,0.0,0.0,0.0,0.0,0.0,100.0,0.0
406030,Patagonia Union High School District (4462),4,Hwy 82,Patagonia,AZ,85624,4,4023,Santa Cruz County,31.546290000000003,-110.74614700000001,35700,"Nogales, AZ",2,536,"Tucson-Nogales, AZ",407,04019,04019,2024-2025,42,0.0,0.0,0.0,0.0,0.0,0.0,0.0,0.0,0.0,0.0,100.0,0.0
406070,Payson Unified District (4209),4,902 W MAIN ST,PAYSON,AZ,85541,4,4007,Gila County,34.233043,-111.34268100000001,37740,"Payson, AZ",2,429,"Phoenix-Mesa, AZ",402,04007,04007,2024-2025,33,0.0,0.0,0.0,0.0,0.0,0.0,0.0,0.0,100.0,0.0,0.0,0.0
406120,Peach Springs Unified District (4369),4,403 Diamond Creek Road,Peach Springs,AZ,86434,4,4015,Mohave County,35.534394,-113.42552,29420,"Lake Havasu City-Kingman, AZ",1,N,N,402,04006,04006,2024-2025,43,0.0,0.0,0.0,0.0,0.0,0.0,0.0,0.0,0.0,0.0,0.0,100.0
406150,Pearce Elementary District (4186),4,1 1/2 M. off Hwy 191 & Old Pea,Pearce,AZ,85625,4,4003,Cochise County,31.901534,-109.82373100000001,43420,"Sierra Vista-Douglas, AZ",1,N,N,406,04019,04019,2024-2025,43,0.0,0.0,0.0,0.0,0.0,0.0,0.0,0.0,0.0,0.0,0.0,100.0
406210,Pendergast Elementary District (4283),4,3802 N 91ST AVE,PHOENIX,AZ,85037,4,4013,Maricopa County,33.491073,-112.25570900000001,38060,"Phoenix-Mesa-Chandler, AZ",1,429,"Phoenix-Mesa, AZ",403,04022,04022,2024-2025,11,56.43,0.0,0.0,43.57,0.0,0.0,0.0,0.0,0.0,0.0,0.0,0.0
406250,Peoria Unified School District (4237),4,6330 W THUNDERBIRD RD,GLENDALE,AZ,85306,4,4013,Maricopa County,33.611689,-112.195248,38060,"Phoenix-Mesa-Chandler, AZ",1,429,"Phoenix-Mesa, AZ",408,04027,04027,2024-2025,21,0.0,0.0,0.0,93.16,0.0,0.0,6.84,0.0,0.0,0.0,0.0,0.0
406300,Phoenix Elementary District (4256),4,1817 N 7TH ST,PHOENIX,AZ,85006,4,4013,Maricopa County,33.46882,-112.06466300000001,38060,"Phoenix-Mesa-Chandler, AZ",1,429,"Phoenix-Mesa, AZ",403,04005,04005,2024-2025,11,100.0,0.0,0.0,0.0,0.0,0.0,0.0,0.0,0.0,0.0,0.0,0.0
406330,Phoenix Union High School District (4286),4,4502 N CENTRAL AVE,PHOENIX,AZ,85012,4,4013,Maricopa County,33.502319,-112.07428300000001,38060,"Phoenix-Mesa-Chandler, AZ",1,429,"Phoenix-Mesa, AZ",403,04005,04005,2024-2025,11,100.0,0.0,0.0,0.0,0.0,0.0,0.0,0.0,0.0,0.0,0.0,0.0
406360,Picacho Elementary District (4452),4,17865 S VAIL RD,PICACHO,AZ,85141,4,4021,Pinal County,32.7175,-111.4976,38060,"Phoenix-Mesa-Chandler, AZ",1,429,"Phoenix-Mesa, AZ",406,04016,04016,2024-2025,42,0.0,0.0,0.0,0.0,0.0,0.0,0.0,0.0,0.0,0.0,100.0,0.0
406440,Pima Unified District (4220),4,192 E. 200 S.,Pima,AZ,85543,4,4009,Graham County,32.893100000000004,-109.8233,40940,"Safford, AZ",2,N,N,406,04019,04019,2024-2025,41,0.0,0.0,0.0,0.0,0.0,0.0,0.0,0.0,0.0,100.0,0.0,0.0
406510,Pine Strawberry Elementary District (4214),4,3868 N PINE CREEK DR,PINE,AZ,85544,4,4007,Gila County,34.386700000000005,-111.45700000000001,37740,"Payson, AZ",2,429,"Phoenix-Mesa, AZ",402,04007,04007,2024-2025,43,0.0,0.0,0.0,0.0,0.0,0.0,0.0,0.0,0.0,0.0,0.0,100.0
406580,Blue Ridge Unified School District No. 32 (4397),4,1200 W WHITE MOUNTAIN BLVD,LAKESIDE,AZ,85929,4,4017,Navajo County,34.149616,-109.96654400000001,43320,"Show Low, AZ",2,N,N,402,04007,04007,2024-2025,33,0.0,0.0,0.0,0.0,0.0,0.0,0.0,0.0,50.86,49.14,0.0,0.0
406630,Pomerene Elementary District (4188),4,1396 N. Old Pomerene Rd,Pomerene,AZ,85627,4,4003,Cochise County,31.998745,-110.28611400000001,43420,"Sierra Vista-Douglas, AZ",1,N,N,406,04019,04019,2024-2025,41,0.0,0.0,0.0,0.0,0.0,0.0,0.0,0.0,0.0,100.0,0.0,0.0
406730,Prescott Unified District (4466),4,300 E GURLEY ST,PRESCOTT,AZ,86301,4,4025,Yavapai County,34.542364,-112.46526800000001,39150,"Prescott Valley-Prescott, AZ",1,N,N,402,04001,04001,2024-2025,13,0.0,0.0,100.0,0.0,0.0,0.0,0.0,0.0,0.0,0.0,0.0,0.0
406740,Sanders Unified District (4156),4,I-40 Hwy 191,Sanders,AZ,86512,4,4001,Apache County,35.199243,-109.31363200000001,N,N,0,N,N,402,04006,04006,2024-2025,43,0.0,0.0,0.0,0.0,0.0,0.0,0.0,0.0,0.0,0.0,0.0,100.0
406780,Quartzsite Elementary District (4511),4,49241 Ehrenberg-Parker Hwy,Ehrenberg,AZ,85334,4,4012,La Paz County,33.613835,-114.50920300000001,N,N,0,N,N,409,04030,04030,2024-2025,41,0.0,0.0,0.0,0.0,0.0,0.0,0.0,0.0,0.0,100.0,0.0,0.0
406810,Queen Creek Unified District (4245),4,20217 E CHANDLER HEIGHTS RD,QUEEN CREEK,AZ,85142,4,4013,Maricopa County,33.233678000000005,-111.64696300000001,38060,"Phoenix-Mesa-Chandler, AZ",1,429,"Phoenix-Mesa, AZ",405,04015,04015,2024-2025,21,28.38,0.0,0.0,45.32,0.0,0.0,0.0,0.0,0.0,26.29,0.0,0.0
406850,Ray Unified District (4438),4,Hwy 177,Kearny,AZ,85137,4,4021,Pinal County,33.06486,-110.912203,38060,"Phoenix-Mesa-Chandler, AZ",1,429,"Phoenix-Mesa, AZ",402,04007,04007,2024-2025,43,0.0,0.0,0.0,0.0,0.0,0.0,0.0,0.0,0.0,0.0,0.0,100.0
406870,Red Mesa Unified District (4159),4,Hwy 160 - 22 miles W of 4 Corn,Teec Nos Pos,AZ,86514,4,4001,Apache County,36.961986,-109.38159800000001,N,N,0,N,N,402,04006,04006,2024-2025,43,0.0,0.0,0.0,0.0,0.0,0.0,0.0,0.0,0.0,0.0,0.0,100.0
406900,Red Rock Elementary District (4447),4,20854 East Homestead Drive,Red Rock,AZ,85145,4,4021,Pinal County,32.5689,-111.34530000000001,38060,"Phoenix-Mesa-Chandler, AZ",1,429,"Phoenix-Mesa, AZ",406,04016,04016,2024-2025,42,0.0,0.0,0.0,0.0,0.0,0.0,0.0,0.0,0.0,0.0,100.0,0.0
406930,Redington Elementary District (4417),4,130 W CONGRESS ST FL 4,TUCSON,AZ,85701,4,4019,Pima County,32.22207,-110.973624,46060,"Tucson, AZ",1,536,"Tucson-Nogales, AZ",407,04020,04020,2024-2025,11,-2.0,-2.0,-2.0,-2.0,-2.0,-2.0,-2.0,-2.0,-2.0,-2.0,-2.0,-2.0
406960,San Carlos Unified District (4210),4,San Carlos Ave,San Carlos,AZ,85550,4,4007,Gila County,33.355284000000005,-110.452218,37740,"Payson, AZ",2,429,"Phoenix-Mesa, AZ",402,04006,04006,2024-2025,43,0.0,0.0,0.0,0.0,0.0,0.0,0.0,0.0,0.0,0.0,0.0,100.0
407020,Riverside Elementary District (4257),4,1414 S 51st Ave,Phoenix,AZ,85043,4,4013,Maricopa County,33.434200000000004,-112.1697,38060,"Phoenix-Mesa-Chandler, AZ",1,429,"Phoenix-Mesa, AZ",403,04022,04022,2024-2025,11,100.0,0.0,0.0,0.0,0.0,0.0,0.0,0.0,0.0,0.0,0.0,0.0
407080,Roosevelt Elementary District (4279),4,6000 S 7TH ST,PHOENIX,AZ,85042,4,4013,Maricopa County,33.391668,-112.06556300000001,38060,"Phoenix-Mesa-Chandler, AZ",1,429,"Phoenix-Mesa, AZ",403,04011,04011,2024-2025,11,100.0,0.0,0.0,0.0,0.0,0.0,0.0,0.0,0.0,0.0,0.0,0.0
407130,Round Valley Unified District (4155),4,940 E MARICOPA DR UNIT B,SPRINGERVILLE,AZ,85938,4,4001,Apache County,34.124765000000004,-109.275323,N,N,0,N,N,402,04006,04006,2024-2025,43,0.0,0.0,0.0,0.0,0.0,0.0,0.0,0.0,0.0,0.0,0.0,100.0
407170,Saddle Mountain Unified School District (4254),4,38201 W INDIAN SCHOOL RD,TONOPAH,AZ,85354,4,4013,Maricopa County,33.492036,-112.87243000000001,38060,"Phoenix-Mesa-Chandler, AZ",1,429,"Phoenix-Mesa, AZ",409,04025,04025,2024-2025,42,0.0,0.0,0.0,0.0,0.0,0.0,0.0,0.0,0.0,0.0,100.0,0.0
407200,Sacaton Elementary District (4449),4,92 Skill Center Rd,Sacaton,AZ,85147,4,4021,Pinal County,33.081692000000004,-111.761762,38060,"Phoenix-Mesa-Chandler, AZ",1,429,"Phoenix-Mesa, AZ",402,04016,04016,2024-2025,42,0.0,0.0,0.0,0.0,0.0,0.0,0.0,0.0,0.0,0.0,100.0,0.0
407240,Safford Unified District (4218),4,734 W 11TH ST,SAFFORD,AZ,85546,4,4009,Graham County,32.828101000000004,-109.715383,40940,"Safford, AZ",2,N,N,406,04019,04019,2024-2025,33,0.0,0.0,0.0,0.0,0.0,0.0,0.0,0.0,100.0,0.0,0.0,0.0
407300,Sahuarita Unified District (4411),4,350 W SAHUARITA RD,SAHUARITA,AZ,85629,4,4019,Pima County,31.958448,-110.97658100000001,46060,"Tucson, AZ",1,536,"Tucson-Nogales, AZ",407,04021,04021,2024-2025,31,0.0,0.0,0.0,0.0,0.0,0.0,57.74,0.0,0.0,40.6,1.66,0.0
407380,San Fernando Elementary District (4414),4,1 Schoolhouse Dr,Sasabe,AZ,85633,4,4019,Pima County,31.490165,-111.54090400000001,46060,"Tucson, AZ",1,536,"Tucson-Nogales, AZ",407,04021,04021,2024-2025,43,0.0,0.0,0.0,0.0,0.0,0.0,0.0,0.0,0.0,0.0,0.0,100.0
407430,San Simon Unified District (4172),4,I-10 Business Loop,San Simon,AZ,85632,4,4003,Cochise County,32.266465000000004,-109.223201,43420,"Sierra Vista-Douglas, AZ",1,N,N,406,04019,04019,2024-2025,43,0.0,0.0,0.0,0.0,0.0,0.0,0.0,0.0,0.0,0.0,0.0,100.0
407500,Santa Cruz Elementary District (4459),4,7 DUQUESNE RD,NOGALES,AZ,85621,4,4023,Santa Cruz County,31.387900000000002,-110.87190000000001,35700,"Nogales, AZ",2,536,"Tucson-Nogales, AZ",407,04021,04021,2024-2025,41,0.0,0.0,0.0,0.0,0.0,0.0,0.0,0.0,0.0,100.0,0.0,0.0
407520,Santa Cruz Valley Unified District (4458),4,1374 W FRONTAGE RD,RIO RICO,AZ,85648,4,4023,Santa Cruz County,31.504595000000002,-111.01439,35700,"Nogales, AZ",2,536,"Tucson-Nogales, AZ",407,04021,04021,2024-2025,42,0.0,0.0,0.0,0.0,0.0,0.0,0.0,0.0,0.0,0.0,100.0,0.0
407530,Santa Cruz Valley Union High School District (4454),4,900 N MAIN ST,ELOY,AZ,85131,4,4021,Pinal County,32.759260000000005,-111.55559600000001,38060,"Phoenix-Mesa-Chandler, AZ",1,429,"Phoenix-Mesa, AZ",406,04016,04016,2024-2025,42,0.0,0.0,0.0,0.0,0.0,0.0,0.0,0.0,0.0,0.0,100.0,0.0
407570,Scottsdale Unified District (4240),4,7575 E MAIN ST,SCOTTSDALE,AZ,85251,4,4013,Maricopa County,33.517681,-111.89656000000001,38060,"Phoenix-Mesa-Chandler, AZ",1,429,"Phoenix-Mesa, AZ",401,04004,04004,2024-2025,12,19.55,74.17,0.0,6.28,0.0,0.0,0.0,0.0,0.0,0.0,0.0,0.0
407630,Seligman Unified District (4472),4,54255 N. Main,Seligman,AZ,86337,4,4025,Yavapai County,35.330479000000004,-112.874609,39150,"Prescott Valley-Prescott, AZ",1,N,N,402,04001,04001,2024-2025,43,0.0,0.0,0.0,0.0,0.0,0.0,0.0,0.0,0.0,0.0,0.0,100.0
407680,Sentinel Elementary District (4250),4,53802 W US Hwy 80,Dateland,AZ,85333,4,4013,Maricopa County,32.859681,-113.210749,38060,"Phoenix-Mesa-Chandler, AZ",1,429,"Phoenix-Mesa, AZ",407,04025,04025,2024-2025,43,0.0,0.0,0.0,0.0,0.0,0.0,0.0,0.0,0.0,0.0,0.0,100.0
407700,Show Low Unified District  (4393),4,500 W OLD LINDEN RD,SHOW LOW,AZ,85901,4,4017,Navajo County,34.257941,-110.04880200000001,43320,"Show Low, AZ",2,N,N,402,04007,04007,2024-2025,41,0.0,0.0,0.0,0.0,0.0,0.0,0.0,0.0,15.97,75.35,8.67,0.0
407750,Deer Valley Unified District (4246),4,20402 N 15TH AVE,PHOENIX,AZ,85027,4,4013,Maricopa County,33.67122,-112.092273,38060,"Phoenix-Mesa-Chandler, AZ",1,429,"Phoenix-Mesa, AZ",401,04002,04002,2024-2025,21,45.71,0.0,0.0,50.93,0.0,0.0,0.0,0.0,0.0,3.36,0.0,0.0
407770,Skull Valley Elementary District (4478),4,127 Skull Valley Rd S,Skull Valley,AZ,86338,4,4025,Yavapai County,34.501613,-112.686885,39150,"Prescott Valley-Prescott, AZ",1,N,N,402,04001,04001,2024-2025,42,0.0,0.0,0.0,0.0,0.0,0.0,0.0,0.0,0.0,0.0,100.0,0.0
407820,Snowflake Unified District (4391),4,682 W SCHOOL BUS LN,SNOWFLAKE,AZ,85937,4,4017,Navajo County,34.505487,-110.090134,43320,"Show Low, AZ",2,N,N,402,04007,04007,2024-2025,33,0.0,0.0,0.0,0.0,0.0,0.0,0.0,0.0,90.49,9.51,0.0,0.0
407860,Solomon Elementary District (4222),4,2250 S Stevens Ave,Solomon,AZ,85551,4,4009,Graham County,32.813700000000004,-109.63250000000001,40940,"Safford, AZ",2,N,N,406,04019,04019,2024-2025,33,0.0,0.0,0.0,0.0,0.0,0.0,0.0,0.0,100.0,0.0,0.0,0.0
407890,Somerton Elementary District (4500),4,343 N Carlisle Ave,Somerton,AZ,85350,4,4027,Yuma County,32.599249,-114.71454000000001,49740,"Yuma, AZ",1,N,N,407,04023,04023,2024-2025,31,0.0,0.0,0.0,0.0,0.0,0.0,77.51,0.0,0.0,22.49,0.0,0.0
407920,Sonoita Elementary District (4461),4,23 ELGIN RD,ELGIN,AZ,85611,4,4023,Santa Cruz County,31.657589,-110.60141300000001,35700,"Nogales, AZ",2,536,"Tucson-Nogales, AZ",407,04019,04019,2024-2025,42,0.0,0.0,0.0,0.0,0.0,0.0,0.0,0.0,0.0,0.0,100.0,0.0
408020,St David Unified District (4173),4,70 E PATTON ST,SAINT DAVID,AZ,85630,4,4003,Cochise County,31.905783,-110.2196,43420,"Sierra Vista-Douglas, AZ",1,N,N,406,04019,04019,2024-2025,42,0.0,0.0,0.0,0.0,0.0,0.0,0.0,0.0,0.0,0.0,100.0,0.0
408080,St Johns Unified District (4153),4,450 S 13th W,St Johns,AZ,85936,4,4001,Apache County,34.501219,-109.38462700000001,N,N,0,N,N,402,04006,04006,2024-2025,43,0.0,0.0,0.0,0.0,0.0,0.0,0.0,0.0,0.0,0.0,0.0,100.0
408130,Stanfield Elementary District (4451),4,515 S STANFIELD RD,STANFIELD,AZ,85172,4,4021,Pinal County,32.875382,-111.9633,38060,"Phoenix-Mesa-Chandler, AZ",1,429,"Phoenix-Mesa, AZ",402,04016,04016,2024-2025,42,0.0,0.0,0.0,0.0,0.0,0.0,0.0,0.0,0.0,0.0,100.0,0.0
408170,Sunnyside Unified District (4407),4,2238 E GINTER RD,TUCSON,AZ,85706,4,4019,Pima County,32.137352,-110.938174,46060,"Tucson, AZ",1,536,"Tucson-Nogales, AZ",407,04021,04021,2024-2025,11,88.36,0.0,0.0,11.64,0.0,0.0,0.0,0.0,0.0,0.0,0.0,0.0
408230,Superior Unified School District (4440),4,1500 W PANTHER DR STE 101,SUPERIOR,AZ,85173,4,4021,Pinal County,33.278690000000005,-111.111254,38060,"Phoenix-Mesa-Chandler, AZ",1,429,"Phoenix-Mesa, AZ",402,04007,04007,2024-2025,42,0.0,0.0,0.0,0.0,0.0,0.0,0.0,0.0,0.0,0.0,100.0,0.0
408280,Tanque Verde Unified District (4408),4,2300 N TANQUE VERDE LOOP RD BL,TUCSON,AZ,85749,4,4019,Pima County,32.285740000000004,-110.756335,46060,"Tucson, AZ",1,536,"Tucson-Nogales, AZ",406,04017,04017,2024-2025,21,0.0,0.0,0.0,100.0,0.0,0.0,0.0,0.0,0.0,0.0,0.0,0.0
408310,Tempe School District (4258),4,3205 S RURAL RD,TEMPE,AZ,85282,4,4013,Maricopa County,33.394695,-111.92530900000001,38060,"Phoenix-Mesa-Chandler, AZ",1,429,"Phoenix-Mesa, AZ",404,04008,04008,2024-2025,12,7.09,87.57,0.0,5.34,0.0,0.0,0.0,0.0,0.0,0.0,0.0,0.0
408340,Tempe Union High School District (4287),4,500 W GUADALUPE RD,TEMPE,AZ,85283,4,4013,Maricopa County,33.364215,-111.95029400000001,38060,"Phoenix-Mesa-Chandler, AZ",1,429,"Phoenix-Mesa, AZ",404,04012,04012,2024-2025,12,36.93,63.07,0.0,0.0,0.0,0.0,0.0,0.0,0.0,0.0,0.0,0.0
408410,Thatcher Unified District (4219),4,3490 W MAIN ST,THATCHER,AZ,85552,4,4009,Graham County,32.849463,-109.75865200000001,40940,"Safford, AZ",2,N,N,406,04019,04019,2024-2025,33,0.0,0.0,0.0,0.0,0.0,0.0,0.0,0.0,100.0,0.0,0.0,0.0
408430,Paloma School District (4255),4,38739 W I 8,GILA BEND,AZ,85337,4,4013,Maricopa County,32.92055,-112.88991200000001,38060,"Phoenix-Mesa-Chandler, AZ",1,429,"Phoenix-Mesa, AZ",407,04023,04023,2024-2025,43,0.0,0.0,0.0,0.0,0.0,0.0,0.0,0.0,0.0,0.0,0.0,100.0
408460,Hillside Elementary District (4482),4,Main Street,Hillside,AZ,86321,4,4025,Yavapai County,34.421427,-112.91578200000001,39150,"Prescott Valley-Prescott, AZ",1,N,N,402,04001,04001,2024-2025,42,0.0,0.0,0.0,0.0,0.0,0.0,0.0,0.0,0.0,0.0,100.0,0.0
408490,Tolleson Elementary District (4264),4,9401 W GARFIELD ST,TOLLESON,AZ,85353,4,4013,Maricopa County,33.449609,-112.259262,38060,"Phoenix-Mesa-Chandler, AZ",1,429,"Phoenix-Mesa, AZ",407,04022,04022,2024-2025,21,46.61,0.0,0.0,53.39,0.0,0.0,0.0,0.0,0.0,0.0,0.0,0.0
408520,Tolleson Union High School District (4288),4,9801 W VAN BUREN ST,TOLLESON,AZ,85353,4,4013,Maricopa County,33.449897,-112.269389,38060,"Phoenix-Mesa-Chandler, AZ",1,429,"Phoenix-Mesa, AZ",407,04022,04022,2024-2025,21,13.72,0.0,0.0,86.28,0.0,0.0,0.0,0.0,0.0,0.0,0.0,0.0
408550,Toltec School District (4450),4,3315 N TOLTEC RD,ELOY,AZ,85131,4,4021,Pinal County,32.785035,-111.62100400000001,38060,"Phoenix-Mesa-Chandler, AZ",1,429,"Phoenix-Mesa, AZ",406,04016,04016,2024-2025,31,0.0,0.0,0.0,0.0,0.0,0.0,62.16,0.0,0.0,37.84,0.0,0.0
408600,Tombstone Unified District (4168),4,805 Fremont,Tombstone,AZ,85638,4,4003,Cochise County,31.711759,-110.06194400000001,43420,"Sierra Vista-Douglas, AZ",1,N,N,406,04019,04019,2024-2025,42,0.0,0.0,0.0,0.0,0.0,0.0,0.0,0.0,0.0,29.98,70.02,0.0
408640,Topock Elementary District (4376),4,5083 Tule Dr,Topock,AZ,86436,4,4015,Mohave County,34.772400000000005,-114.48070000000001,29420,"Lake Havasu City-Kingman, AZ",1,N,N,409,04030,04030,2024-2025,42,0.0,0.0,0.0,0.0,0.0,0.0,0.0,0.0,0.0,0.0,100.0,0.0
408680,Tuba City Unified School District #15 (4197),4,E Fir St,Tuba City,AZ,86045,4,4005,Coconino County,36.138733,-111.235067,22380,"Flagstaff, AZ",1,N,N,402,04006,04006,2024-2025,33,0.0,0.0,0.0,0.0,0.0,0.0,0.0,0.0,96.89,0.0,0.0,3.11
408800,Tucson Unified District (4403),4,1010 E 10TH ST,TUCSON,AZ,85719,4,4019,Pima County,32.222211,-110.955887,46060,"Tucson, AZ",1,536,"Tucson-Nogales, AZ",407,04020,04020,2024-2025,11,84.05,0.0,0.0,11.91,0.0,0.0,0.0,0.0,0.0,4.04,0.0,0.0
408820,Union Elementary District (4277),4,3834 S 91ST AVE,TOLLESON,AZ,85353,4,4013,Maricopa County,33.4108,-112.2565,38060,"Phoenix-Mesa-Chandler, AZ",1,429,"Phoenix-Mesa, AZ",403,04022,04022,2024-2025,11,100.0,0.0,0.0,0.0,0.0,0.0,0.0,0.0,0.0,0.0,0.0,0.0
408850,Vail Unified District (4413),4,13801 E. Benson Highway,Vail,AZ,85641,4,4019,Pima County,32.015021000000004,-110.698406,46060,"Tucson, AZ",1,536,"Tucson-Nogales, AZ",406,04019,04019,2024-2025,41,18.14,0.0,0.0,0.0,0.0,0.0,32.15,0.0,0.0,49.71,0.0,0.0
408880,Valentine Elementary District (4380),4,12491 N Byers,Truxton,AZ,86434,4,4015,Mohave County,35.487341,-113.56838800000001,29420,"Lake Havasu City-Kingman, AZ",1,N,N,409,04030,04030,2024-2025,43,0.0,0.0,0.0,0.0,0.0,0.0,0.0,0.0,0.0,0.0,0.0,100.0
408910,Valley Union High School District (4190),4,4088 W JEFFERSON RD,ELFRIDA,AZ,85610,4,4003,Cochise County,31.685904,-109.681695,43420,"Sierra Vista-Douglas, AZ",1,N,N,406,04019,04019,2024-2025,43,0.0,0.0,0.0,0.0,0.0,0.0,0.0,0.0,0.0,0.0,0.0,100.0
409060,Washington Elementary School District (4260),4,4650 W SWEETWATER AVE,GLENDALE,AZ,85304,4,4013,Maricopa County,33.604407,-112.159394,38060,"Phoenix-Mesa-Chandler, AZ",1,429,"Phoenix-Mesa, AZ",408,04027,04027,2024-2025,11,97.36,0.0,0.0,2.64,0.0,0.0,0.0,0.0,0.0,0.0,0.0,0.0
409090,Wellton Elementary District (4504),4,29126 E SAN JOSE AVE,WELLTON,AZ,85356,4,4027,Yuma County,32.672384,-114.14142700000001,49740,"Yuma, AZ",1,N,N,409,04025,04025,2024-2025,42,0.0,0.0,0.0,0.0,0.0,0.0,0.0,0.0,0.0,0.0,100.0,0.0
409120,Wenden Elementary District (4512),4,71001 Santa Fe Ave,Wenden,AZ,85357,4,4012,La Paz County,33.824568,-113.54063500000001,N,N,0,N,N,409,04030,04030,2024-2025,43,0.0,0.0,0.0,0.0,0.0,0.0,0.0,0.0,0.0,0.0,0.0,100.0
409160,Whiteriver Unified District (4394),4,963 Chief Avenue,Whiteriver,AZ,85941,4,4017,Navajo County,33.825494,-109.977253,43320,"Show Low, AZ",2,N,N,402,04006,04006,2024-2025,43,0.0,0.0,0.0,0.0,0.0,0.0,0.0,0.0,0.0,0.0,0.0,100.0
409190,Wickenburg Unified District (4236),4,101 COCONINO ST,WICKENBURG,AZ,85390,4,4013,Maricopa County,33.968197,-112.728728,38060,"Phoenix-Mesa-Chandler, AZ",1,429,"Phoenix-Mesa, AZ",409,04030,04030,2024-2025,32,0.0,0.0,0.0,0.0,0.0,0.0,24.28,26.14,0.0,49.58,0.0,0.0
409250,Willcox Unified District (4170),4,480 N BISBEE AVE,WILLCOX,AZ,85643,4,4003,Cochise County,32.259141,-109.84182600000001,43420,"Sierra Vista-Douglas, AZ",1,N,N,406,04019,04019,2024-2025,43,0.0,0.0,0.0,0.0,0.0,0.0,0.0,0.0,0.0,0.0,0.0,100.0
409310,Williams Unified District (4193),4,636 S 7TH ST,WILLIAMS,AZ,86046,4,4005,Coconino County,35.24358,-112.19197700000001,22380,"Flagstaff, AZ",1,N,N,402,04007,04007,2024-2025,43,0.0,0.0,0.0,0.0,0.0,0.0,0.0,0.0,0.0,0.0,0.0,100.0
409360,Williamson Valley Elementary School District (4475),4,2970 Centerpointe East Drive,PRESCOTT,AZ,86301,4,4025,Yavapai County,34.628179,-112.41091700000001,39150,"Prescott Valley-Prescott, AZ",1,N,N,402,04001,04001,2024-2025,41,-2.0,-2.0,-2.0,-2.0,-2.0,-2.0,-2.0,-2.0,-2.0,-2.0,-2.0,-2.0
409390,Wilson Elementary District (4261),4,3025 E FILLMORE ST,PHOENIX,AZ,85008,4,4013,Maricopa County,33.454591,-112.01620000000001,38060,"Phoenix-Mesa-Chandler, AZ",1,429,"Phoenix-Mesa, AZ",403,04011,04011,2024-2025,11,100.0,0.0,0.0,0.0,0.0,0.0,0.0,0.0,0.0,0.0,0.0,0.0
409430,Window Rock Unified District (4154),4,Navajo Rte 12,Fort Defiance,AZ,86504,4,4001,Apache County,35.759008,-109.05345500000001,N,N,0,N,N,402,04006,04006,2024-2025,43,0.0,0.0,0.0,0.0,0.0,0.0,0.0,0.0,0.0,0.0,0.0,100.0
409460,Winslow Unified District (4387),4,800 N APACHE AVE,WINSLOW,AZ,86047,4,4017,Navajo County,35.027656,-110.69257800000001,43320,"Show Low, AZ",2,N,N,402,04006,04006,2024-2025,33,0.0,0.0,0.0,0.0,0.0,0.0,0.0,0.0,100.0,0.0,0.0,0.0
409510,Yarnell Elementary District (4485),4,18912 W HAYS RANCH RD,Peeples Valley,AZ,86332,4,4025,Yavapai County,34.274358,-112.74970300000001,39150,"Prescott Valley-Prescott, AZ",1,N,N,402,04001,04001,2024-2025,42,0.0,0.0,0.0,0.0,0.0,0.0,0.0,0.0,0.0,0.0,100.0,0.0
409540,Young Elementary District (4213),4,Hwy 288/Baker Ranch Rd,Young,AZ,85554,4,4007,Gila County,34.100728000000004,-110.96540200000001,37740,"Payson, AZ",2,429,"Phoenix-Mesa, AZ",402,04007,04007,2024-2025,43,0.0,0.0,0.0,0.0,0.0,0.0,0.0,0.0,0.0,0.0,0.0,100.0
409570,Yucca Elementary District (4377),4,12261 3rd St,Yucca,AZ,86438,4,4015,Mohave County,34.873186000000004,-114.150907,29420,"Lake Havasu City-Kingman, AZ",1,N,N,409,04030,04030,2024-2025,42,0.0,0.0,0.0,0.0,0.0,0.0,0.0,0.0,0.0,0.0,100.0,0.0
409600,Yuma Elementary District (4499),4,4th Ave and 6th St,Yuma,AZ,85364,4,4027,Yuma County,32.716311000000005,-114.625427,49740,"Yuma, AZ",1,N,N,407,04023,04023,2024-2025,12,0.0,69.87,0.0,0.0,0.0,0.0,0.0,0.0,0.0,29.44,0.69,0.0
409630,Yuma Union High School District (4507),4,3150 S AVENUE A,YUMA,AZ,85364,4,4027,Yuma County,32.671111,-114.63395700000001,49740,"Yuma, AZ",1,N,N,409,04025,04025,2024-2025,12,0.0,50.62,0.0,0.0,0.0,0.0,0.0,0.0,0.0,49.38,0.0,0.0
409731,East Valley Institute of Technology (4516),4,1601 W MAIN ST,MESA,AZ,85201,4,4013,Maricopa County,33.412538,-111.864586,38060,"Phoenix-Mesa-Chandler, AZ",1,429,"Phoenix-Mesa, AZ",404,04009,04009,2024-2025,11,68.66,3.51,0.0,1.65,0.0,0.0,0.0,0.0,0.0,26.19,0.0,0.0
409733,Sedona-Oak Creek JUSD #9 (4467),4,221 BREWER RD STE 100,SEDONA,AZ,86336,4,4025,Yavapai County,34.846630000000005,-111.83109700000001,39150,"Prescott Valley-Prescott, AZ",1,N,N,402,04001,04001,2024-2025,41,0.0,0.0,0.0,0.0,0.0,0.0,0.0,39.83,0.0,60.17,0.0,0.0
409734,Arizona Department of Juvenile Corrections (8326),4,1624 W ADAMS ST,PHOENIX,AZ,85007,4,4013,Maricopa County,33.449033,-112.092707,38060,"Phoenix-Mesa-Chandler, AZ",1,429,"Phoenix-Mesa, AZ",403,04011,04011,2024-2025,11,-2.0,-2.0,-2.0,-2.0,-2.0,-2.0,-2.0,-2.0,-2.0,-2.0,-2.0,-2.0
409735,Desert Sage School (1001917),4,3434 E BROADWAY BLVD,TUCSON,AZ,85716,4,4019,Pima County,32.221132000000004,-110.919342,46060,"Tucson, AZ",1,536,"Tucson-Nogales, AZ",407,04021,04021,2024-2025,11,100.0,0.0,0.0,0.0,0.0,0.0,0.0,0.0,0.0,0.0,0.0,0.0
409736,Legacy Traditional School-San Tan (1001927),4,1679 W. Empire Blvd,San Tan Valley,AZ,85143,4,4021,Pinal County,33.204552,-111.58441300000001,38060,"Phoenix-Mesa-Chandler, AZ",1,429,"Phoenix-Mesa, AZ",405,04015,04015,2024-2025,21,0.0,0.0,0.0,100.0,0.0,0.0,0.0,0.0,0.0,0.0,0.0,0.0
409737,Archway Classical Academy Trivium West (1001937),4,701 N 44TH ST,PHOENIX,AZ,85008,4,4013,Maricopa County,33.456048,-111.986737,38060,"Phoenix-Mesa-Chandler, AZ",1,429,"Phoenix-Mesa, AZ",403,04008,04008,2024-2025,11,100.0,0.0,0.0,0.0,0.0,0.0,0.0,0.0,0.0,0.0,0.0,0.0
409738,Arizona Goodwill Education Services (1001949),4,4837 E MCDOWELL RD,PHOENIX,AZ,85008,4,4013,Maricopa County,33.465276,-111.977159,38060,"Phoenix-Mesa-Chandler, AZ",1,429,"Phoenix-Mesa, AZ",401,04008,04008,2024-2025,11,100.0,0.0,0.0,0.0,0.0,0.0,0.0,0.0,0.0,0.0,0.0,0.0
409739,Explore Academy - Peoria (1002006),4,17667 N 91ST AVE,PEORIA,AZ,85382,4,4013,Maricopa County,33.643843000000004,-112.25460600000001,38060,"Phoenix-Mesa-Chandler, AZ",1,429,"Phoenix-Mesa, AZ",408,04028,04028,2024-2025,21,0.0,0.0,0.0,100.0,0.0,0.0,0.0,0.0,0.0,0.0,0.0,0.0
409740,Sun Valley Academy - Glendale Inc. (1002008),4,Proposed Location Near 83rd Av,Glendale,AZ,85305,4,4013,Maricopa County,33.37686,-112.11552800000001,38060,"Phoenix-Mesa-Chandler, AZ",1,429,"Phoenix-Mesa, AZ",403,04011,04011,2024-2025,21,0.0,0.0,0.0,100.0,0.0,0.0,0.0,0.0,0.0,0.0,0.0,0.0
409741,Heartwood AZ (1002010),4,207 N MESA DR,MESA,AZ,85201,4,4013,Maricopa County,33.419995,-111.822326,38060,"Phoenix-Mesa-Chandler, AZ",1,429,"Phoenix-Mesa, AZ",404,04009,04009,2024-2025,11,100.0,0.0,0.0,0.0,0.0,0.0,0.0,0.0,0.0,0.0,0.0,0.0
409742,BASIS Charter Schools Inc. (1002012),4,7975 N. Hayden Rd. Suite B202,Scottsdale,AZ,85258,4,4013,Maricopa County,33.553063,-111.89736900000001,38060,"Phoenix-Mesa-Chandler, AZ",1,429,"Phoenix-Mesa, AZ",401,04004,04004,2024-2025,11,100.0,0.0,0.0,0.0,0.0,0.0,0.0,0.0,0.0,0.0,0.0,0.0
409743,Paul Revere Academy Inc. (1002013),4,1601 W MAIN ST,MESA,AZ,85201,4,4013,Maricopa County,33.412538,-111.864586,38060,"Phoenix-Mesa-Chandler, AZ",1,429,"Phoenix-Mesa, AZ",404,04009,04009,2024-2025,11,100.0,0.0,0.0,0.0,0.0,0.0,0.0,0.0,0.0,0.0,0.0,0.0
409744,Premier Prep Online Academy (1002029),4,459 N Gilbert Rd Suite A-213,Gilbert,AZ,85234,4,4013,Maricopa County,33.358698000000004,-111.788064,38060,"Phoenix-Mesa-Chandler, AZ",1,429,"Phoenix-Mesa, AZ",405,04014,04014,2024-2025,11,100.0,0.0,0.0,0.0,0.0,0.0,0.0,0.0,0.0,0.0,0.0,0.0
409745,Arizona Collaborative Learning Partners Inc. (1002079),4,433 N HALL,MESA,AZ,85203,4,4013,Maricopa County,33.42362,-111.79309900000001,38060,"Phoenix-Mesa-Chandler, AZ",1,429,"Phoenix-Mesa, AZ",404,04009,04009,2024-2025,11,100.0,0.0,0.0,0.0,0.0,0.0,0.0,0.0,0.0,0.0,0.0,0.0
409746,Heritage Academy Maricopa Inc. (1002080),4,41000 W HEROES WAY,MARICOPA,AZ,85138,4,4021,Pinal County,33.048324,-112.00821900000001,38060,"Phoenix-Mesa-Chandler, AZ",1,429,"Phoenix-Mesa, AZ",402,04016,04016,2024-2025,23,0.0,0.0,0.0,0.0,0.0,100.0,0.0,0.0,0.0,0.0,0.0,0.0
409747,Heritage Academy Pointe Inc. (1002101),4,10215 N 43RD AVE,PHOENIX,AZ,85051,4,4013,Maricopa County,33.578947,-112.15110600000001,38060,"Phoenix-Mesa-Chandler, AZ",1,429,"Phoenix-Mesa, AZ",408,04026,04026,2024-2025,11,100.0,0.0,0.0,0.0,0.0,0.0,0.0,0.0,0.0,0.0,0.0,0.0
409748,Albert Einstein Academy of Arizona (1002310),4,8250 E ROSE LN,SCOTTSDALE,AZ,85250,4,4013,Maricopa County,33.527942,-111.90267800000001,38060,"Phoenix-Mesa-Chandler, AZ",1,429,"Phoenix-Mesa, AZ",401,04004,04004,2024-2025,12,0.0,100.0,0.0,0.0,0.0,0.0,0.0,0.0,0.0,0.0,0.0,0.0
500001,DEWITT SCHOOL DISTRICT,5,1841 S. GRANDVIEW,DeWitt,AR,72042,5,5001,Arkansas County,34.271856,-91.350412,N,N,0,N,N,501,05061,05010,2024-2025,43,0.0,0.0,0.0,0.0,0.0,0.0,0.0,0.0,0.0,0.0,0.0,100.0
500002,SAU-TECH CAREER CENTER,5,327 STEWART ST SW,CAMDEN,AR,71701,5,5013,Calhoun County,33.632214000000005,-92.718252,15780,"Camden, AR",2,N,N,504,05096,05002,2024-2025,42,0.0,0.0,0.0,0.0,0.0,0.0,0.0,0.0,0.0,0.0,100.0,0.0
500005,OZARKS UNLIMITED RESOURCES EDUCATION SERVICE COOPERATIVE,5,5823 RESOURCE DRIVE,HARRISON,AR,72601,5,5009,Boone County,36.177244,-93.017103,25460,"Harrison, AR",2,N,N,501,05005,05023,2024-2025,41,-2.0,-2.0,-2.0,-2.0,-2.0,-2.0,-2.0,-2.0,-2.0,-2.0,-2.0,-2.0
500006,WARREN SCHOOL DISTRICT,5,408 CHERRY,WARREN,AR,71671,5,5011,Bradley County,33.618417,-92.068285,N,N,0,N,N,504,05094,05001,2024-2025,33,0.0,0.0,0.0,0.0,0.0,0.0,0.0,0.0,100.0,0.0,0.0,0.0
500008,DAWSON EDUCATION SERVICE COOPERATIVE,5,711 CLINTON STREET,ARKADELPHIA,AR,71923,5,5019,Clark County,34.120178,-93.055375,11660,"Arkadelphia, AR",2,N,N,504,05090,05003,2024-2025,32,-2.0,-2.0,-2.0,-2.0,-2.0,-2.0,-2.0,-2.0,-2.0,-2.0,-2.0,-2.0
500009,CORNING SCHOOL DISTRICT,5,500 BOBCAT LANE,Corning,AR,72422,5,5021,Clay County,36.419184,-90.580056,N,N,0,N,N,501,05001,05021,2024-2025,43,0.0,0.0,0.0,0.0,0.0,0.0,0.0,0.0,0.0,0.0,0.0,100.0
500011,ARCH FORD EDUCATION SERVICE COOPERATIVE,5,101 BULLDOG DRIVE,PLUMERVILLE,AR,72127,5,5029,Conway County,35.159428,-92.650335,N,N,0,N,N,502,05043,05025,2024-2025,42,-2.0,-2.0,-2.0,-2.0,-2.0,-2.0,-2.0,-2.0,-2.0,-2.0,-2.0,-2.0
500012,RIVERSIDE SCHOOL DISTRICT,5,2006 HIGHWAY 18 SUITE C,LAKE CITY,AR,72437,5,5031,Craighead County,35.82161,-90.453252,27860,"Jonesboro, AR",1,308,"Jonesboro-Paragould, AR",501,05033,05019,2024-2025,42,0.0,0.0,0.0,0.0,0.0,0.0,0.0,0.0,0.0,0.0,100.0,0.0
500013,SOUTHEAST ARKANSAS EDUCATION SERVICE COOPERATIVE,5,1022 SCOGIN DRIVE,MONTICELLO,AR,71655,5,5043,Drew County,33.60729,-91.815841,N,N,0,N,N,504,05094,05001,2024-2025,41,-2.0,-2.0,-2.0,-2.0,-2.0,-2.0,-2.0,-2.0,-2.0,-2.0,-2.0,-2.0
500014,GUY FENTER EDUCATION SERVICE COOPERATIVE,5,3010 E HWY 22,Branch,AR,72928,5,5047,Franklin County,35.306865,-93.919966,N,N,0,N,N,504,05046,05026,2024-2025,42,-2.0,-2.0,-2.0,-2.0,-2.0,-2.0,-2.0,-2.0,-2.0,-2.0,-2.0,-2.0
500015,SHERIDAN SCHOOL DISTRICT,5,400 N ROCK ST,Sheridan,AR,72150,5,5053,Grant County,34.309939,-92.398572,30780,"Little Rock-North Little Rock-Conway, AR",1,340,"Little Rock-North Little Rock, AR",504,05092,05002,2024-2025,32,0.0,0.0,0.0,0.0,0.0,0.0,0.0,69.18,0.0,20.39,10.43,0.0
500016,MARMADUKE SCHOOL DISTRICT,5,1010 GREYHOUND DR,Marmaduke,AR,72443,5,5055,Greene County,36.193398,-90.39457300000001,37500,"Paragould, AR",2,308,"Jonesboro-Paragould, AR",501,05001,05021,2024-2025,42,0.0,0.0,0.0,0.0,0.0,0.0,0.0,0.0,0.0,0.0,100.0,0.0
500017,PARAGOULD SCHOOL DISTRICT,5,1501 W COURT ST,PARAGOULD,AR,72450,5,5055,Greene County,36.056965,-90.50541,37500,"Paragould, AR",2,308,"Jonesboro-Paragould, AR",501,05031,05021,2024-2025,32,0.0,0.0,0.0,0.0,0.0,0.0,0.0,77.35,0.0,22.65,0.0,0.0
500018,SOUTHWEST ARKANSAS EDUCATION COOPERATIVE,5,2502 S MAIN STREET,Hope,AR,71801,5,5057,Hempstead County,33.639886000000004,-93.596985,N,N,0,N,N,504,05088,05003,2024-2025,32,-2.0,-2.0,-2.0,-2.0,-2.0,-2.0,-2.0,-2.0,-2.0,-2.0,-2.0,-2.0
500019,BATESVILLE SCHOOL DISTRICT,5,490 E COLLEGE AVE SUITE 256,Batesville,AR,72501,5,5063,Independence County,35.770912,-91.649953,12900,"Batesville, AR",2,N,N,501,05040,05022,2024-2025,41,0.0,0.0,0.0,0.0,0.0,0.0,0.0,0.0,42.81,47.71,9.48,0.0
500020,MIDLAND SCHOOL DISTRICT,5,741 MAIN ST,PLEASANT PLAINS,AR,72568,5,5063,Independence County,35.547101,-91.624886,12900,"Batesville, AR",2,N,N,501,05040,05022,2024-2025,43,0.0,0.0,0.0,0.0,0.0,0.0,0.0,0.0,0.0,0.0,0.0,100.0
500021,IZARD COUNTY CONSOLIDATED SCHOOL DISTRICT,5,5068 NORTH AR 9,BROCKWELL,AR,72517,5,5065,Izard County,36.155053,-91.923698,N,N,0,N,N,501,05027,05023,2024-2025,43,0.0,0.0,0.0,0.0,0.0,0.0,0.0,0.0,0.0,0.0,0.0,100.0
500022,NORTHCENTRAL ARKANSAS EDUCATION SERVICE COOPERATIVE,5,99 HALEY ST.,Melbourne,AR,72556,5,5065,Izard County,36.055816,-91.895611,N,N,0,N,N,501,05027,05023,2024-2025,43,-2.0,-2.0,-2.0,-2.0,-2.0,-2.0,-2.0,-2.0,-2.0,-2.0,-2.0,-2.0
500023,NEWPORT SCHOOL DISTRICT,5,406 WILKERSON DRIVE,Newport,AR,72112,5,5067,Jackson County,35.599925,-91.272875,N,N,0,N,N,501,05039,05010,2024-2025,41,0.0,0.0,0.0,0.0,0.0,0.0,0.0,18.32,0.0,81.68,0.0,0.0
500024,ARKANSAS RIVER EDUCATION SERVICE COOPERATIVE,5,912 WEST 6TH,Pine Bluff,AR,71601,5,5069,Jefferson County,34.223346,-92.01178800000001,38220,"Pine Bluff, AR",2,340,"Little Rock-North Little Rock, AR",504,05065,05008,2024-2025,32,-2.0,-2.0,-2.0,-2.0,-2.0,-2.0,-2.0,-2.0,-2.0,-2.0,-2.0,-2.0
500025,ARKANSAS CORRECTIONAL SCHOOLS,5,8000 CORRECTION CIR,PINE BLUFF,AR,71603,5,5069,Jefferson County,34.218872000000005,-92.083329,38220,"Pine Bluff, AR",2,340,"Little Rock-North Little Rock, AR",504,05065,05008,2024-2025,32,-2.0,-2.0,-2.0,-2.0,-2.0,-2.0,-2.0,-2.0,-2.0,-2.0,-2.0,-2.0
500026,PINE BLUFF SCHOOL DISTRICT,5,105 S. WALNUT LOADING DOCK,Pine Bluff,AR,71601,5,5069,Jefferson County,34.230989,-92.016428,38220,"Pine Bluff, AR",2,340,"Little Rock-North Little Rock, AR",504,05065,05008,2024-2025,32,0.0,0.0,0.0,0.0,0.0,0.0,0.0,100.0,0.0,0.0,0.0,0.0
500027,NORTHEAST ARKANSAS EDUCATION COOPERATIVE,5,211 W. HICKORY,WALNUT RIDGE,AR,72476,5,5075,Lawrence County,36.063991,-90.96506500000001,N,N,0,N,N,501,05030,05021,2024-2025,32,-2.0,-2.0,-2.0,-2.0,-2.0,-2.0,-2.0,-2.0,-2.0,-2.0,-2.0,-2.0
500028,STAR CITY SCHOOL DISTRICT,5,400 EAST  ARKANSAS ST,STAR CITY,AR,71667,5,5079,Lincoln County,33.942820000000005,-91.838887,N,N,0,N,N,501,05093,05001,2024-2025,43,0.0,0.0,0.0,0.0,0.0,0.0,0.0,0.0,0.0,0.0,0.0,100.0
500029,GOSNELL SCHOOL DISTRICT,5,600 HWY 181,Blytheville,AR,72315,5,5093,Mississippi County,35.961638,-89.965484,14180,"Blytheville, AR",2,N,N,501,05034,05019,2024-2025,33,0.0,0.0,0.0,0.0,0.0,0.0,0.0,0.0,100.0,0.0,0.0,0.0
500030,NEVADA SCHOOL DISTRICT,5,6580 US HWY 278,ROSSTON,AR,71857,5,5099,Nevada County,33.591551,-93.295782,N,N,0,N,N,504,05089,05003,2024-2025,43,0.0,0.0,0.0,0.0,0.0,0.0,0.0,0.0,0.0,0.0,0.0,100.0
500031,SOUTH CENTRAL SERVICE COOPERATIVE,5,2235 CALIFORNIA SW,Camden,AR,71701,5,5103,Ouachita County,33.543721,-92.881113,15780,"Camden, AR",2,N,N,504,05098,05002,2024-2025,41,-2.0,-2.0,-2.0,-2.0,-2.0,-2.0,-2.0,-2.0,-2.0,-2.0,-2.0,-2.0
500032,BEARDEN SCHOOL DISTRICT,5,100 OAK AVENUE,Bearden,AR,71720,5,5103,Ouachita County,33.727593,-92.619923,15780,"Camden, AR",2,N,N,504,05096,05002,2024-2025,43,0.0,0.0,0.0,0.0,0.0,0.0,0.0,0.0,0.0,0.0,0.0,100.0
500033,GREAT RIVERS EDUCATION SERVICE COOPERATIVE,5,201 CAMPUS RD,HELENA,AR,72342,5,5107,Phillips County,34.545359,-90.619501,N,N,0,N,N,501,05062,05009,2024-2025,33,-2.0,-2.0,-2.0,-2.0,-2.0,-2.0,-2.0,-2.0,-2.0,-2.0,-2.0,-2.0
500034,CROWLEY'S RIDGE EDUCATIONAL SERVICE COOPERATIVE,5,1606 PINE GROVE LANE,Harrisburg,AR,72432,5,5111,Poinsett County,35.582213,-90.71744600000001,27860,"Jonesboro, AR",1,308,"Jonesboro-Paragould, AR",501,05038,05019,2024-2025,42,-2.0,-2.0,-2.0,-2.0,-2.0,-2.0,-2.0,-2.0,-2.0,-2.0,-2.0,-2.0
500035,ARKANSAS SCHOOL FOR THE BLIND,5,2600 W MARKHAM,LITTLE ROCK,AR,72205,5,5119,Pulaski County,34.752798,-92.30310800000001,30780,"Little Rock-North Little Rock-Conway, AR",1,340,"Little Rock-North Little Rock, AR",502,05074,05014,2024-2025,12,0.0,100.0,0.0,0.0,0.0,0.0,0.0,0.0,0.0,0.0,0.0,0.0
500036,ARKANSAS SCHOOL FOR THE DEAF,5,2400 W. MARKHAM,LITTLE ROCK,AR,72205,5,5119,Pulaski County,34.7519,-92.2987,30780,"Little Rock-North Little Rock-Conway, AR",1,340,"Little Rock-North Little Rock, AR",502,05074,05014,2024-2025,12,0.0,100.0,0.0,0.0,0.0,0.0,0.0,0.0,0.0,0.0,0.0,0.0
500037,DEQUEEN MENA EDUCATION SERVICE COOPERATIVE,5,305 S HORNBERG AVE,GILLHAM,AR,71841,5,5133,Sevier County,34.171998,-94.31557500000001,N,N,0,N,N,504,05087,05004,2024-2025,42,-2.0,-2.0,-2.0,-2.0,-2.0,-2.0,-2.0,-2.0,-2.0,-2.0,-2.0,-2.0
500039,NORTHWEST ARKANSAS EDUCATION SERVICE COOPERATIVE,5,4 N. DOUBLE SPRINGS ROAD,FARMINGTON,AR,72730,5,5143,Washington County,36.042529,-94.253134,22220,"Fayetteville-Springdale-Rogers, AR",1,N,N,503,05022,05035,2024-2025,21,-2.0,-2.0,-2.0,-2.0,-2.0,-2.0,-2.0,-2.0,-2.0,-2.0,-2.0,-2.0
500040,WILBUR D MILLS EDUCATION SERVICE COOPERATIVE,5,114 N MAIN,BEEBE,AR,72012,5,5145,White County,35.070905,-91.880109,42620,"Searcy, AR",2,340,"Little Rock-North Little Rock, AR",502,05059,05018,2024-2025,31,-2.0,-2.0,-2.0,-2.0,-2.0,-2.0,-2.0,-2.0,-2.0,-2.0,-2.0,-2.0
500041,WESTERN YELL COUNTY SCHOOL DISTRICT,5,1 WOLVERINE DRIVE,Havana,AR,72842,5,5149,Yell County,35.108888,-93.524271,40780,"Russellville, AR",2,N,N,504,05052,05005,2024-2025,43,0.0,0.0,0.0,0.0,0.0,0.0,0.0,0.0,0.0,0.0,0.0,100.0
500042,HAMBURG SCHOOL DISTRICT,5,202 EAST PARKER,HAMBURG,AR,71646,5,5003,Ashley County,33.223896,-91.796284,N,N,0,N,N,504,05095,05001,2024-2025,42,0.0,0.0,0.0,0.0,0.0,0.0,0.0,0.0,0.0,0.0,91.99,8.01
500043,MOUNTAIN HOME SCHOOL DISTRICT,5,2465 RODEO DR,Mountain Home,AR,72653,5,5005,Baxter County,36.33176,-92.40296000000001,34260,"Mountain Home, AR",2,N,N,501,05003,05023,2024-2025,33,0.0,0.0,0.0,0.0,0.0,0.0,0.0,0.0,100.0,0.0,0.0,0.0
500044,MAGNOLIA SCHOOL DISTRICT,5,1403 HIGH SCHOOL DRIVE,MAGNOLIA,AR,71753,5,5027,Columbia County,33.278981,-93.223896,31620,"Magnolia, AR",2,N,N,504,05099,05003,2024-2025,33,0.0,0.0,0.0,0.0,0.0,0.0,0.0,0.0,95.25,4.75,0.0,0.0
500045,RIVERCREST SCHOOL DISTRICT,5,1700-A WEST STATE HWY 14,Wilson,AR,72395,5,5093,Mississippi County,35.612581,-90.10698500000001,14180,"Blytheville, AR",2,N,N,501,05034,05019,2024-2025,42,0.0,0.0,0.0,0.0,0.0,0.0,0.0,0.0,0.0,0.0,100.0,0.0
500046,MANILA SCHOOL DISTRICT,5,419 E OLYMPIA STREET,Manila,AR,72442,5,5093,Mississippi County,35.879318,-90.157679,14180,"Blytheville, AR",2,N,N,501,05033,05019,2024-2025,43,0.0,0.0,0.0,0.0,0.0,0.0,0.0,0.0,0.0,0.0,0.0,100.0
500047,TRUMANN SCHOOL DISTRICT,5,221 N PINE AVENUE,Trumann,AR,72472,5,5111,Poinsett County,35.673161,-90.5186,27860,"Jonesboro, AR",1,308,"Jonesboro-Paragould, AR",501,05036,05019,2024-2025,31,0.0,0.0,0.0,0.0,0.0,0.0,100.0,0.0,0.0,0.0,0.0,0.0
500048,EAST POINSETT COUNTY SCHOOL DISTRICT,5,502 MCCLELLAN ST.,LEPANTO,AR,72354,5,5111,Poinsett County,35.610312,-90.341965,27860,"Jonesboro, AR",1,308,"Jonesboro-Paragould, AR",501,05036,05019,2024-2025,42,0.0,0.0,0.0,0.0,0.0,0.0,0.0,0.0,0.0,0.0,100.0,0.0
500049,DE QUEEN SCHOOL DISTRICT,5,101 N NINTH ST,De Queen,AR,71832,5,5133,Sevier County,34.037054,-94.34771400000001,N,N,0,N,N,504,05087,05004,2024-2025,33,0.0,0.0,0.0,0.0,0.0,0.0,0.0,0.0,52.94,47.06,0.0,0.0
500051,PALESTINE WHEATLEY SCHOOL DISTRICT,5,7950 HWY. 70 WEST,PALESTINE,AR,72372,5,5123,St. Francis County,34.969504,-90.904465,22620,"Forrest City, AR",2,368,"Memphis-Clarksdale-Forrest City, TN-MS-AR",501,05037,05010,2024-2025,42,0.0,0.0,0.0,0.0,0.0,0.0,0.0,0.0,0.0,0.0,100.0,0.0
500052,SOUTH ARK CAREER CENTER,5,3696 E MAIN RD,EL DORADO,AR,71730,5,5139,Union County,33.218546,-92.61443100000001,20980,"El Dorado, AR",2,N,N,504,05097,05002,2024-2025,33,0.0,0.0,0.0,0.0,0.0,0.0,0.0,0.0,100.0,0.0,0.0,0.0
500053,WESTARK TECHNICAL CENTER,5,5210 GRAND AVE,FORT SMITH,AR,72913,5,5131,Sebastian County,35.381359,-94.374706,22900,"Fort Smith, AR-OK",1,N,N,503,05049,05027,2024-2025,13,0.0,0.0,100.0,0.0,0.0,0.0,0.0,0.0,0.0,0.0,0.0,0.0
500054,ASU THREE RIVERS CAREER CENTER,5,1 COLLEGE CIR,MALVERN,AR,72104,5,5059,Hot Spring County,34.378662,-92.821865,31680,"Malvern, AR",2,284,"Hot Springs-Malvern, AR",504,05029,05007,2024-2025,31,0.0,0.0,0.0,0.0,0.0,0.0,100.0,0.0,0.0,0.0,0.0,0.0
500055,ARKANSAS ARTS ACADEMY,5,1110 W. POPLAR ST. STE A,ROGERS,AR,72756,5,5007,Benton County,36.331445,-94.13144100000001,22220,"Fayetteville-Springdale-Rogers, AR",1,N,N,503,05015,05032,2024-2025,13,0.0,0.0,100.0,0.0,0.0,0.0,0.0,0.0,0.0,0.0,0.0,0.0
500056,ASU BEEBE REGIONAL CAREER CENTER - SEARCY,5,1800 E MOORE,SEARCY,AR,72145,5,5145,White County,35.255923,-91.714753,42620,"Searcy, AR",2,340,"Little Rock-North Little Rock, AR",502,05058,05018,2024-2025,32,0.0,0.0,0.0,0.0,0.0,0.0,0.0,100.0,0.0,0.0,0.0,0.0
500057,NATIONAL PARK TECHNOLOGY CENTER,5,101 COLLEGE DR,HOT SPRINGS,AR,71913,5,5051,Garland County,34.511801,-93.11910300000001,26300,"Hot Springs, AR",1,284,"Hot Springs-Malvern, AR",504,05085,05006,2024-2025,23,0.0,0.0,0.0,0.0,0.0,100.0,0.0,0.0,0.0,0.0,0.0,0.0
500058,UA-PTC TECHNICAL CENTER,5,16936 Interstate 30 North,Benton,AR,72019,5,5125,Saline County,34.575767,-92.58791000000001,30780,"Little Rock-North Little Rock-Conway, AR",1,340,"Little Rock-North Little Rock, AR",502,05083,05016,2024-2025,21,0.0,0.0,0.0,100.0,0.0,0.0,0.0,0.0,0.0,0.0,0.0,0.0
500059,ACADEMICS PLUS PUBLIC CHARTER SCHOOLS,5,600 EDGEWOOD DRIVE,MAUMELLE,AR,72113,5,5119,Pulaski County,34.862613,-92.404537,30780,"Little Rock-North Little Rock-Conway, AR",1,340,"Little Rock-North Little Rock, AR",502,05071,05013,2024-2025,21,0.0,0.0,25.49,64.12,0.0,0.0,0.0,0.0,0.0,10.39,0.0,0.0
500060,NORTH ARKANSAS COLLEGE SECONDARY CENTER,5,1515 PIONEER DR,HARRISON,AR,72601,5,5009,Boone County,36.247827,-93.110169,25460,"Harrison, AR",2,N,N,501,05005,05028,2024-2025,33,0.0,0.0,0.0,0.0,0.0,0.0,0.0,0.0,100.0,0.0,0.0,0.0
500061,IMBODEN CHARTER SCHOOL DISTRICT,5,605 W. THIRD ST,Imboden,AR,72434,5,5075,Lawrence County,36.204336,-91.18008900000001,N,N,0,N,N,501,05028,05022,2024-2025,43,0.0,0.0,0.0,0.0,0.0,0.0,0.0,0.0,0.0,0.0,0.0,100.0
500062,KIPP DELTA PUBLIC SCHOOLS,5,514 MISSOURI ST.,HELENA,AR,72342,5,5107,Phillips County,34.523158,-90.589191,N,N,0,N,N,501,05062,05009,2024-2025,33,0.0,0.0,0.0,0.0,0.0,0.0,0.0,0.0,89.28,10.72,0.0,0.0
500065,LAFAYETTE COUNTY SCHOOL DISTRICT,5,712 CHESTNUT ST.,LEWISVILLE,AR,71845,5,5073,Lafayette County,33.36166,-93.578444,N,N,0,N,N,504,05098,05003,2024-2025,42,0.0,0.0,0.0,0.0,0.0,0.0,0.0,0.0,0.0,0.0,51.69,48.31
500066,PHILLIPS COMMUNITY COLLEGE CAREER & TECHNICAL CENTER,5,2807 HWY 165 S,STUTTGART,AR,72160,5,5001,Arkansas County,34.473034,-91.539749,N,N,0,N,N,501,05061,05010,2024-2025,41,0.0,0.0,0.0,0.0,0.0,0.0,0.0,0.0,0.0,100.0,0.0,0.0
500067,CLEVELAND COUNTY SCHOOL DISTRICT,5,700 MAIN STREET,Rison,AR,71665,5,5025,Cleveland County,33.954667,-92.187596,38220,"Pine Bluff, AR",2,340,"Little Rock-North Little Rock, AR",504,05096,05001,2024-2025,43,0.0,0.0,0.0,0.0,0.0,0.0,0.0,0.0,0.0,0.0,0.0,100.0
500068,EMERSON TAYLOR BRADLEY SCHOOL DISTRICT,5,506 EAST PINE,TAYLOR,AR,71861,5,5027,Columbia County,33.099026,-93.458329,31620,"Magnolia, AR",2,N,N,504,05099,05003,2024-2025,42,0.0,0.0,0.0,0.0,0.0,0.0,0.0,0.0,0.0,0.0,57.89,42.11
500070,CEDAR RIDGE SCHOOL DISTRICT,5,1502 N. HILL STREET,Newark,AR,72562,5,5063,Independence County,35.719505,-91.446303,12900,"Batesville, AR",2,N,N,501,05039,05022,2024-2025,42,0.0,0.0,0.0,0.0,0.0,0.0,0.0,0.0,0.0,0.0,100.0,0.0
500071,HILLCREST SCHOOL DISTRICT,5,146 S. MAIN STREET,STRAWBERRY,AR,72469,5,5075,Lawrence County,35.965189,-91.322402,N,N,0,N,N,501,05028,05022,2024-2025,43,0.0,0.0,0.0,0.0,0.0,0.0,0.0,0.0,0.0,0.0,0.0,100.0
500072,DEER MT JUDEA SCHOOL DISTRICT,5,17974 AR 16 HWY,DEER,AR,72628,5,5101,Newton County,35.825827000000004,-93.208043,25460,"Harrison, AR",2,N,N,504,05027,05028,2024-2025,43,0.0,0.0,0.0,0.0,0.0,0.0,0.0,0.0,0.0,0.0,0.0,100.0
500073,OUACHITA RIVER SCHOOL DISTRICT,5,143 POLK ROAD 96,Mena,AR,71953,5,5113,Polk County,34.637079,-94.206826,N,N,0,N,N,504,05086,05005,2024-2025,42,0.0,0.0,0.0,0.0,0.0,0.0,0.0,0.0,0.0,0.0,81.9,18.1
500074,LISA ACADEMY,5,10825 FINANCIAL CENTRE PRKWY S,LITTLE ROCK,AR,72211,5,5119,Pulaski County,34.747367000000004,-92.396063,30780,"Little Rock-North Little Rock-Conway, AR",1,340,"Little Rock-North Little Rock, AR",502,05077,05014,2024-2025,12,0.0,38.09,22.13,30.27,0.0,0.0,0.0,0.0,0.0,9.51,0.0,0.0
